 energy xx yy zz xy yz zx
     0.00000000      0.00000000      0.00000000      0.00000000      0.00000000      0.00000000      0.00000000
     0.02730000      0.00001989      0.00001873      0.00000270      0.01082975      0.00000000      0.00000000
     0.05470000      0.00007970      0.00007630      0.00001261      0.02169917      0.00000000      0.00000000
     0.08200000      0.00017917      0.00017060      0.00002700      0.03252893      0.00000000      0.00000000
     0.10930000      0.00031833      0.00030477      0.00004679      0.04335868      0.00000000      0.00000000
     0.13670000      0.00049748      0.00047784      0.00007202      0.05422810      0.00000000      0.00000000
     0.16400000      0.00071939      0.00068910      0.00010799      0.06507906      0.00000000      0.00000000
     0.19130000      0.00098187      0.00093872      0.00014484      0.07591234      0.00000000      0.00000000
     0.21870000      0.00128541      0.00123712      0.00018715      0.08678531      0.00000000      0.00000000
     0.24600000      0.00163398      0.00156995      0.00024287      0.09765040      0.00000000      0.00000000
     0.27330000      0.00202967      0.00194816      0.00029675      0.10848721      0.00000000      0.00000000
     0.30070000      0.00246840      0.00237418      0.00035611      0.11940256      0.00000000      0.00000000
     0.32800000      0.00295540      0.00284809      0.00043150      0.13024290      0.00000000      0.00000000
     0.35530000      0.00349283      0.00336414      0.00050235      0.14112913      0.00000000      0.00000000
     0.38270000      0.00407510      0.00394042      0.00059128      0.15201272      0.00000000      0.00000000
     0.41000000      0.00471722      0.00455970      0.00068717      0.16290952      0.00000000      0.00000000
     0.43730000      0.00540464      0.00524236      0.00077581      0.17381335      0.00000000      0.00000000
     0.46470000      0.00615803      0.00598243      0.00088521      0.18470398      0.00000000      0.00000000
     0.49200000      0.00696740      0.00677869      0.00100151      0.19555489      0.00000000      0.00000000
     0.51930000      0.00784605      0.00764546      0.00112485      0.20647281      0.00000000      0.00000000
     0.54670000      0.00878698      0.00857486      0.00123756      0.21736700      0.00000000      0.00000000
     0.57400000      0.00980018      0.00959085      0.00139296      0.22822142      0.00000000      0.00000000
     0.60130000      0.01087725      0.01067264      0.00153741      0.23907586      0.00000000      0.00000000
     0.62870000      0.01204732      0.01185104      0.00168913      0.24997006      0.00000000      0.00000000
     0.65600000      0.01329704      0.01312679      0.00184760      0.26082454      0.00000000      0.00000000
     0.68330000      0.01463065      0.01449078      0.00203535      0.27167905      0.00000000      0.00000000
     0.71070000      0.01605276      0.01596319      0.00220882      0.28248165      0.00000000      0.00000000
     0.73800000      0.01759157      0.01754364      0.00241308      0.29323746      0.00000000      0.00000000
     0.76530000      0.01923865      0.01925481      0.00262593      0.30398644      0.00000000      0.00000000
     0.79270000      0.02100003      0.02112191      0.00284775      0.31466551      0.00000000      0.00000000
     0.82000000      0.02289063      0.02312832      0.00307780      0.32529099      0.00000000      0.00000000
     0.84730000      0.02491749      0.02529943      0.00334397      0.33579321      0.00000000      0.00000000
     0.87470000      0.02710590      0.02766329      0.00362074      0.34631335      0.00000000      0.00000000
     0.90200000      0.02945538      0.03022086      0.00390731      0.35665621      0.00000000      0.00000000
     0.92930000      0.03197361      0.03300157      0.00423428      0.36685075      0.00000000      0.00000000
     0.95670000      0.03470829      0.03605772      0.00457350      0.37692459      0.00000000      0.00000000
     0.98400000      0.03765894      0.03939176      0.00495582      0.38678740      0.00000000      0.00000000
     1.01130000      0.04085645      0.04305898      0.00538450      0.39646855      0.00000000      0.00000000
     1.03870000      0.04431223      0.04709689      0.00586231      0.40599797      0.00000000      0.00000000
     1.06600000      0.04808799      0.05155220      0.00639096      0.41514256      0.00000000      0.00000000
     1.09330000      0.05217655      0.05651077      0.00697323      0.42391960      0.00000000      0.00000000
     1.12070000      0.05667785      0.06203818      0.00764877      0.43234352      0.00000000      0.00000000
     1.14800000      0.06159438      0.06823424      0.00834695      0.44016285      0.00000000      0.00000000
     1.17530000      0.06703173      0.07521652      0.00906829      0.44753757      0.00000000      0.00000000
     1.20270000      0.07303219      0.08315841      0.00977471      0.45399303      0.00000000      0.00000000
     1.23000000      0.07969026      0.09224148      0.01050142      0.45972087      0.00000000      0.00000000
     1.25730000      0.08714490      0.10272170      0.01124902      0.46404129      0.00000000      0.00000000
     1.28470000      0.09551791      0.11488961      0.01201807      0.46707124      0.00000000      0.00000000
     1.31200000      0.10498209      0.12914328      0.01280652      0.46793454      0.00000000      0.00000000
     1.33930000      0.11571213      0.14591101      0.01370095      0.46679517      0.00000000      0.00000000
     1.36670000      0.12806067      0.16583772      0.01461932      0.46288692      0.00000000      0.00000000
     1.39400000      0.14233624      0.18972407      0.01560411      0.45660419      0.00000000      0.00000000
     1.42130000      0.15902901      0.21862093      0.01670390      0.44829801      0.00000000      0.00000000
     1.44870000      0.17881831      0.25404975      0.01792377      0.44019775      0.00000000      0.00000000
     1.47600000      0.20259052      0.29811780      0.01926601      0.43723054      0.00000000      0.00000000
     1.50330000      0.23157154      0.35357815      0.02078346      0.44628155      0.00000000      0.00000000
     1.53060000      0.26725675      0.42377281      0.02258017      0.47425426      0.00000000      0.00000000
     1.55800000      0.31144238      0.51197137      0.02461848      0.52340329      0.00000000      0.00000000
     1.58530000      0.36594864      0.62021902      0.02700544      0.59129012      0.00000000      0.00000000
     1.61260000      0.43274656      0.74898986      0.02980586      0.67369662      0.00000000      0.00000000
     1.64000000      0.51338326      0.89666076      0.03308894      0.76707317      0.00000000      0.00000000
     1.66730000      0.60805037      1.05850760      0.03686860      0.86741407      0.00000000      0.00000000
     1.69460000      0.71509819      1.22636214      0.04121676      0.96939594      0.00000000      0.00000000
     1.72200000      0.83229516      1.39026305      0.04626448      1.06948919      0.00000000      0.00000000
     1.74930000      0.95966408      1.54424789      0.05203227      1.16875153      0.00000000      0.00000000
     1.77660000      1.10081731      1.69329845      0.05849358      1.26909954      0.00000000      0.00000000
     1.80400000      1.26050058      1.84852398      0.06590384      1.36829577      0.00000000      0.00000000
     1.83130000      1.44125252      2.01115429      0.07401106      1.46259713      0.00000000      0.00000000
     1.85860000      1.64024630      2.16291929      0.08256608      1.54834224      0.00000000      0.00000000
     1.88600000      1.84405927      2.27786857      0.09100057      1.62252895      0.00000000      0.00000000
     1.91330000      2.02873378      2.34314030      0.09887786      1.68578310      0.00000000      0.00000000
     1.94060000      2.17548410      2.36326659      0.10597068      1.74229890      0.00000000      0.00000000
     1.96800000      2.28625875      2.34887445      0.11235284      1.79524462      0.00000000      0.00000000
     1.99530000      2.37618554      2.30822310      0.11844941      1.84376363      0.00000000      0.00000000
     2.02260000      2.45628528      2.24826083      0.12473714      1.88431059      0.00000000      0.00000000
     2.05000000      2.52900460      2.17836940      0.13197256      1.91311191      0.00000000      0.00000000
     2.07730000      2.59467040      2.10981712      0.14088457      1.92957466      0.00000000      0.00000000
     2.10460000      2.65578161      2.05203872      0.15193433      1.93589241      0.00000000      0.00000000
     2.13200000      2.71369296      2.00920388      0.16549018      1.93502947      0.00000000      0.00000000
     2.15930000      2.76577931      1.97886984      0.18126846      1.93025044      0.00000000      0.00000000
     2.18660000      2.80859147      1.95476877      0.19866090      1.92564637      0.00000000      0.00000000
     2.21400000      2.84139200      1.93169610      0.21668787      1.92633473      0.00000000      0.00000000
     2.24130000      2.86561320      1.90741943      0.23434325      1.93913557      0.00000000      0.00000000
     2.26860000      2.88152084      1.88162060      0.25055730      1.97062002      0.00000000      0.00000000
     2.29600000      2.88607506      1.85505921      0.26470573      2.02146547      0.00000000      0.00000000
     2.32330000      2.87826012      1.83037507      0.27720980      2.08294988      0.00000000      0.00000000
     2.35060000      2.86571648      1.81370185      0.28960284      2.14684259      0.00000000      0.00000000
     2.37800000      2.85957774      1.81149749      0.30323744      2.21180615      0.00000000      0.00000000
     2.40530000      2.86572391      1.82747663      0.31812244      2.27922041      0.00000000      0.00000000
     2.43260000      2.88483584      1.86402254      0.33397203      2.34758920      0.00000000      0.00000000
     2.46000000      2.91587034      1.92312925      0.35037495      2.41122521      0.00000000      0.00000000
     2.48730000      2.95796703      2.00420905      0.36743373      2.46078941      0.00000000      0.00000000
     2.51460000      3.01076620      2.10025789      0.38584630      2.48710669      0.00000000      0.00000000
     2.54200000      3.07253876      2.19733061      0.40634906      2.48706131      0.00000000      0.00000000
     2.56930000      3.14168035      2.28389167      0.42954725      2.46862532      0.00000000      0.00000000
     2.59660000      3.22026331      2.36152799      0.45516803      2.44121261      0.00000000      0.00000000
     2.62400000      3.30981729      2.43972972      0.48175564      2.40516154      0.00000000      0.00000000
     2.65130000      3.40340221      2.52395347      0.50670382      2.35308518      0.00000000      0.00000000
     2.67860000      3.48914153      2.61250994      0.52803746      2.27901974      0.00000000      0.00000000
     2.70600000      3.56094770      2.69851747      0.54568443      2.18222286      0.00000000      0.00000000
     2.73330000      3.62267243      2.77333585      0.56127593      2.06909974      0.00000000      0.00000000
     2.76060000      3.68191569      2.83058600      0.57572489      1.94984573      0.00000000      0.00000000
     2.78800000      3.74148433      2.86508765      0.58867388      1.83257434      0.00000000      0.00000000
     2.81530000      3.79835550      2.87186725      0.59784217      1.72132400      0.00000000      0.00000000
     2.84260000      3.85281506      2.85060852      0.60101110      1.61738927      0.00000000      0.00000000
     2.87000000      3.91243321      2.80788301      0.59729557      1.52002134      0.00000000      0.00000000
     2.89730000      3.98695479      2.75333939      0.58715951      1.42564160      0.00000000      0.00000000
     2.92460000      4.08120771      2.69567625      0.57173826      1.32944647      0.00000000      0.00000000
     2.95200000      4.18953987      2.64049657      0.55206887      1.22414928      0.00000000      0.00000000
     2.97930000      4.29431906      2.59048751      0.52883896      1.10155188      0.00000000      0.00000000
     3.00660000      4.37070198      2.54778119      0.50313642      0.95578862      0.00000000      0.00000000
     3.03400000      4.39836282      2.51632867      0.47736762      0.79012476      0.00000000      0.00000000
     3.06130000      4.37426058      2.50313618      0.45373600      0.61360762      0.00000000      0.00000000
     3.08860000      4.31392930      2.51609262      0.43393552      0.43703017      0.00000000      0.00000000
     3.11600000      4.23816893      2.55707515      0.41778391      0.27070733      0.00000000      0.00000000
     3.14330000      4.16244150      2.61596025      0.40442341      0.13206877      0.00000000      0.00000000
     3.17060000      4.09850923      2.67946872      0.39321074      0.04756379      0.00000000      0.00000000
     3.19800000      4.05648284      2.74569411      0.38449229      0.05124701      0.00000000      0.00000000
     3.22530000      4.03773479      2.82042042      0.37871968      0.22276691      0.00000000      0.00000000
     3.25260000      4.03284945      2.90671341      0.37650428      0.65064718      0.00000000      0.00000000
     3.28000000      4.03094907      3.00325158      0.37828615      1.00180007      0.00000000      0.00000000
     3.30730000      4.02672344      3.10628010      0.38404942      1.21423772      0.00000000      0.00000000
     3.33460000      4.01857712      3.21025611      0.39340570      1.32991580      0.00000000      0.00000000
     3.36200000      4.00298157      3.30595618      0.40532763      1.37258898      0.00000000      0.00000000
     3.38930000      3.97413675      3.38261396      0.41838325      1.36267084      0.00000000      0.00000000
     3.41660000      3.92950910      3.43207353      0.43139828      1.32547960      0.00000000      0.00000000
     3.44400000      3.87296816      3.45381149      0.44387131      1.29121152      0.00000000      0.00000000
     3.47130000      3.81336128      3.45381065      0.45643086      1.28665134      0.00000000      0.00000000
     3.49860000      3.76198530      3.43764744      0.46998719      1.32528237      0.00000000      0.00000000
     3.52600000      3.72996740      3.40832863      0.48440777      1.40421296      0.00000000      0.00000000
     3.55330000      3.72903177      3.37466742      0.49898025      1.50958952      0.00000000      0.00000000
     3.58060000      3.77337799      3.35204411      0.51258463      1.62653998      0.00000000      0.00000000
     3.60800000      3.88047423      3.35467154      0.52455185      1.74596377      0.00000000      0.00000000
     3.63530000      4.06956529      3.39144137      0.53544695      1.86105639      0.00000000      0.00000000
     3.66260000      4.35455550      3.46357063      0.54754041      1.96329256      0.00000000      0.00000000
     3.69000000      4.72988841      3.56216094      0.56312371      2.03148948      0.00000000      0.00000000
     3.71730000      5.15818894      3.67294281      0.58212305      2.03182717      0.00000000      0.00000000
     3.74460000      5.56577274      3.78336984      0.60264385      1.93330593      0.00000000      0.00000000
     3.77200000      5.86787024      3.88578101      0.62257581      1.74323190      0.00000000      0.00000000
     3.79930000      6.03323182      3.98092327      0.64029764      1.51111289      0.00000000      0.00000000
     3.82660000      6.10089352      4.07560584      0.65558824      1.29067930      0.00000000      0.00000000
     3.85400000      6.12919843      4.17591581      0.66749966      1.10927881      0.00000000      0.00000000
     3.88130000      6.15506653      4.28004662      0.67565899      0.96496450      0.00000000      0.00000000
     3.90860000      6.18906044      4.38021059      0.68053901      0.83866147      0.00000000      0.00000000
     3.93600000      6.22439348      4.46618070      0.68352290      0.71379440      0.00000000      0.00000000
     3.96330000      6.24789765      4.52971849      0.68618338      0.58980153      0.00000000      0.00000000
     3.99060000      6.25076098      4.56963265      0.68980464      0.47430706      0.00000000      0.00000000
     4.01800000      6.23431092      4.59327813      0.69463510      0.37026167      0.00000000      0.00000000
     4.04530000      6.20763462      4.60991217      0.70068055      0.27933747      0.00000000      0.00000000
     4.07260000      6.18233974      4.62584832      0.70773356      0.20444410      0.00000000      0.00000000
     4.10000000      6.16688958      4.64301677      0.71615695      0.15099289      0.00000000      0.00000000
     4.12730000      6.16231805      4.66134555      0.72655156      0.11710731      0.00000000      0.00000000
     4.15460000      6.16502029      4.68085395      0.73891072      0.09094912      0.00000000      0.00000000
     4.18200000      6.16883839      4.70274881      0.75422536      0.05685374      0.00000000      0.00000000
     4.20930000      6.16725138      4.72906844      0.77359222      0.00977164      0.00000000      0.00000000
     4.23660000      6.15735709      4.76217823      0.79788900      0.03905344      0.00000000      0.00000000
     4.26400000      6.13896102      4.80348315      0.82738349      0.08127716      0.00000000      0.00000000
     4.29130000      6.11505985      4.85183210      0.86164886      0.11883810      0.00000000      0.00000000
     4.31860000      6.09245394      4.90373488      0.90085860      0.15972351      0.00000000      0.00000000
     4.34600000      6.07692417      4.95371795      0.94641818      0.21032124      0.00000000      0.00000000
     4.37330000      6.07129599      4.99741816      0.99996490      0.27078345      0.00000000      0.00000000
     4.40060000      6.07827706      5.03330520      1.06226013      0.33777635      0.00000000      0.00000000
     4.42790000      6.10155585      5.06157115      1.12978143      0.40674547      0.00000000      0.00000000
     4.45530000      6.14535154      5.08533133      1.19504567      0.47163078      0.00000000      0.00000000
     4.48260000      6.21329931      5.10992070      1.25084008      0.52495621      0.00000000      0.00000000
     4.50990000      6.30757198      5.14499728      1.29492604      0.56368756      0.00000000      0.00000000
     4.53730000      6.42579017      5.20276865      1.33176418      0.59615803      0.00000000      0.00000000
     4.56460000      6.56652023      5.29352675      1.36781969      0.62818111      0.00000000      0.00000000
     4.59190000      6.73282299      5.41892122      1.40752765      0.64698472      0.00000000      0.00000000
     4.61930000      6.92599239      5.56483655      1.45194984      0.63906882      0.00000000      0.00000000
     4.64660000      7.13928726      5.70677662      1.49875616      0.62823074      0.00000000      0.00000000
     4.67390000      7.35386379      5.82526164      1.54534367      0.65268795      0.00000000      0.00000000
     4.70130000      7.54322194      5.91404108      1.58987043      0.72392885      0.00000000      0.00000000
     4.72860000      7.68629253      5.97755621      1.63202757      0.82977031      0.00000000      0.00000000
     4.75590000      7.77604339      6.02169482      1.67274163      0.96149655      0.00000000      0.00000000
     4.78330000      7.81602608      6.05343972      1.71253354      1.11340173      0.00000000      0.00000000
     4.81060000      7.81593960      6.08014092      1.75030429      1.27358178      0.00000000      0.00000000
     4.83790000      7.78980255      6.10802022      1.78355690      1.41512088      0.00000000      0.00000000
     4.86530000      7.75150449      6.13949415      1.81082008      1.51894957      0.00000000      0.00000000
     4.89260000      7.70850864      6.17347372      1.83338012      1.58267311      0.00000000      0.00000000
     4.91990000      7.65947663      6.20832819      1.85563952      1.60782258      0.00000000      0.00000000
     4.94730000      7.59926858      6.24355528      1.88321364      1.59919411      0.00000000      0.00000000
     4.97460000      7.52328696      6.27981577      1.92085797      1.56255416      0.00000000      0.00000000
     5.00190000      7.43402402      6.32223514      1.97180832      1.50615207      0.00000000      0.00000000
     5.02930000      7.33982901      6.37674586      2.03516390      1.43769740      0.00000000      0.00000000
     5.05660000      7.24538533      6.44404531      2.10555740      1.35853549      0.00000000      0.00000000
     5.08390000      7.14863357      6.52082395      2.17346899      1.27451120      0.00000000      0.00000000
     5.11130000      7.04582503      6.60262591      2.22762308      1.18966065      0.00000000      0.00000000
     5.13860000      6.93622478      6.68195608      2.25947335      1.10305543      0.00000000      0.00000000
     5.16590000      6.82312526      6.74773475      2.27008602      1.01147535      0.00000000      0.00000000
     5.19330000      6.71234658      6.79232181      2.27002255      0.91492128      0.00000000      0.00000000
     5.22060000      6.61229104      6.81612487      2.27395736      0.81728894      0.00000000      0.00000000
     5.24790000      6.53386919      6.82862243      2.29295342      0.72116177      0.00000000      0.00000000
     5.27530000      6.48631746      6.84393155      2.32853708      0.62525853      0.00000000      0.00000000
     5.30260000      6.47184833      6.87554134      2.37398571      0.52671372      0.00000000      0.00000000
     5.32990000      6.48581645      6.93470363      2.42215292      0.42076643      0.00000000      0.00000000
     5.35730000      6.52086430      7.02466455      2.47126779      0.29851703      0.00000000      0.00000000
     5.38460000      6.57092352      7.13263817      2.52555554      0.14656796      0.00000000      0.00000000
     5.41190000      6.63146230      7.23389578      2.59028106      0.04330203      0.00000000      0.00000000
     5.43930000      6.69678291      7.31019264      2.66917884      0.25814442      0.00000000      0.00000000
     5.46660000      6.75649561      7.35529559      2.76262015      0.47080035      0.00000000      0.00000000
     5.49390000      6.80098568      7.37315153      2.86746039      0.65437499      0.00000000      0.00000000
     5.52130000      6.82809156      7.37343947      2.97832741      0.79743812      0.00000000      0.00000000
     5.54860000      6.84363054      7.36912749      3.08717115      0.90337678      0.00000000      0.00000000
     5.57590000      6.85698284      7.37469815      3.18557441      0.98188703      0.00000000      0.00000000
     5.60330000      6.87643488      7.39747930      3.26903657      1.04528032      0.00000000      0.00000000
     5.63060000      6.90609780      7.42783362      3.33449173      1.11169006      0.00000000      0.00000000
     5.65790000      6.94716080      7.44625369      3.37784267      1.19565119      0.00000000      0.00000000
     5.68530000      7.00142389      7.45349296      3.39803981      1.29778119      0.00000000      0.00000000
     5.71260000      7.07556721      7.47076118      3.40334928      1.40161238      0.00000000      0.00000000
     5.73990000      7.18346607      7.51419816      3.40903982      1.49115264      0.00000000      0.00000000
     5.76730000      7.34114226      7.58235618      3.42766992      1.55786565      0.00000000      0.00000000
     5.79460000      7.54734307      7.66070391      3.46190541      1.60820466      0.00000000      0.00000000
     5.82190000      7.76803266      7.72810483      3.50869253      1.65896090      0.00000000      0.00000000
     5.84930000      7.95115369      7.76808494      3.56643911      1.73524436      0.00000000      0.00000000
     5.87660000      8.06005655      7.77791299      3.63885509      1.84211498      0.00000000      0.00000000
     5.90390000      8.09082799      7.76464423      3.73094842      1.96501116      0.00000000      0.00000000
     5.93130000      8.06158775      7.73750272      3.84599491      2.08752451      0.00000000      0.00000000
     5.95860000      7.99775604      7.70219973      3.98352135      2.20233670      0.00000000      0.00000000
     5.98590000      7.92115651      7.66082885      4.14251001      2.31002121      0.00000000      0.00000000
     6.01330000      7.84363197      7.60928718      4.31934331      2.40741038      0.00000000      0.00000000
     6.04060000      7.77047911      7.54567180      4.50775956      2.48826202      0.00000000      0.00000000
     6.06790000      7.70678639      7.47961751      4.70093036      2.54843459      0.00000000      0.00000000
     6.09530000      7.66133926      7.43006861      4.89320260      2.58534502      0.00000000      0.00000000
     6.12260000      7.64333925      7.41002010      5.08046339      2.59944904      0.00000000      0.00000000
     6.14990000      7.66079974      7.42187203      5.25911795      2.58619540      0.00000000      0.00000000
     6.17730000      7.71808472      7.45809289      5.42557559      2.53839237      0.00000000      0.00000000
     6.20460000      7.81114147      7.50493321      5.57652152      2.45357402      0.00000000      0.00000000
     6.23190000      7.91948478      7.54988349      5.71172407      2.33545315      0.00000000      0.00000000
     6.25930000      8.01060067      7.58769269      5.83549180      2.19218321      0.00000000      0.00000000
     6.28660000      8.06368212      7.61987049      5.95585065      2.03478740      0.00000000      0.00000000
     6.31390000      8.07946579      7.65137528      6.08270303      1.86985284      0.00000000      0.00000000
     6.34130000      8.06532377      7.68757958      6.22274055      1.70295472      0.00000000      0.00000000
     6.36860000      8.02705249      7.73099875      6.37661118      1.53901918      0.00000000      0.00000000
     6.39590000      7.96989113      7.78087793      6.54162970      1.38537269      0.00000000      0.00000000
     6.42330000      7.89871652      7.83426870      6.71529762      1.24794726      0.00000000      0.00000000
     6.45060000      7.81789881      7.88664690      6.89655156      1.12816198      0.00000000      0.00000000
     6.47790000      7.73194448      7.93467327      7.08498928      1.02034942      0.00000000      0.00000000
     6.50530000      7.64579060      7.97730037      7.28040948      0.91992342      0.00000000      0.00000000
     6.53260000      7.56408398      8.01485800      7.48275035      0.82270254      0.00000000      0.00000000
     6.55990000      7.49009059      8.04635667      7.69066827      0.72836901      0.00000000      0.00000000
     6.58730000      7.42319794      8.07005638      7.90100194      0.63965594      0.00000000      0.00000000
     6.61460000      7.36189607      8.08636767      8.10699559      0.56100524      0.00000000      0.00000000
     6.64190000      7.30682532      8.09989483      8.29729170      0.49633195      0.00000000      0.00000000
     6.66930000      7.25952193      8.11582215      8.45587165      0.44433812      0.00000000      0.00000000
     6.69660000      7.22060924      8.13647190      8.57065751      0.40043148      0.00000000      0.00000000
     6.72390000      7.18801295      8.15884444      8.64198863      0.36254630      0.00000000      0.00000000
     6.75130000      7.16240257      8.17389322      8.68426449      0.33039155      0.00000000      0.00000000
     6.77860000      7.14641429      8.17354287      8.72085127      0.30749666      0.00000000      0.00000000
     6.80590000      7.14442122      8.15854100      8.77621978      0.29887549      0.00000000      0.00000000
     6.83330000      7.15829950      8.13646343      8.85943524      0.30918149      0.00000000      0.00000000
     6.86060000      7.18885756      8.11651831      8.95811894      0.33653658      0.00000000      0.00000000
     6.88790000      7.23784367      8.10715738      9.04763473      0.37459129      0.00000000      0.00000000
     6.91530000      7.30397710      8.11362365      9.11630901      0.41679059      0.00000000      0.00000000
     6.94260000      7.37825073      8.13119590      9.17322372      0.45571918      0.00000000      0.00000000
     6.96990000      7.44841368      8.14469570      9.23342836      0.48536081      0.00000000      0.00000000
     6.99730000      7.50452191      8.13911295      9.30015791      0.50843052      0.00000000      0.00000000
     7.02460000      7.54690971      8.11318935      9.36168352      0.53028447      0.00000000      0.00000000
     7.05190000      7.58048772      8.07463640      9.39785028      0.54784656      0.00000000      0.00000000
     7.07930000      7.60916087      8.03225851      9.39394349      0.55836863      0.00000000      0.00000000
     7.10660000      7.63434525      7.99122471      9.35301139      0.55407400      0.00000000      0.00000000
     7.13390000      7.65584723      7.95355660      9.29236766      0.53793869      0.00000000      0.00000000
     7.16130000      7.67474394      7.92012695      9.23037759      0.51086992      0.00000000      0.00000000
     7.18860000      7.69095485      7.89270170      9.17761460      0.47847041      0.00000000      0.00000000
     7.21590000      7.70281052      7.87097488      9.13752079      0.44119792      0.00000000      0.00000000
     7.24330000      7.70803843      7.85239836      9.10405638      0.39817009      0.00000000      0.00000000
     7.27060000      7.70522837      7.83320668      9.06976760      0.35025271      0.00000000      0.00000000
     7.29790000      7.69547838      7.81324666      9.03410477      0.30105895      0.00000000      0.00000000
     7.32520000      7.68171702      7.79395975      9.00604022      0.24851333      0.00000000      0.00000000
     7.35260000      7.66960914      7.77673065      9.00078503      0.19105130      0.00000000      0.00000000
     7.37990000      7.66188086      7.75968555      9.03138844      0.12390908      0.00000000      0.00000000
     7.40720000      7.65956452      7.73877964      9.10583101      0.04635776      0.00000000      0.00000000
     7.43460000      7.65985899      7.71034461      9.22885040      0.03455999      0.00000000      0.00000000
     7.46190000      7.65927932      7.67436729      9.40294511      0.10451244      0.00000000      0.00000000
     7.48920000      7.65320988      7.63183928      9.62659652      0.15036077      0.00000000      0.00000000
     7.51660000      7.63866659      7.58499685      9.88947477      0.16715551      0.00000000      0.00000000
     7.54390000      7.61750335      7.53652824     10.17256346      0.16313940      0.00000000      0.00000000
     7.57120000      7.59677274      7.48933913     10.44720027      0.15233027      0.00000000      0.00000000
     7.59860000      7.58309538      7.44626581     10.67993943      0.14914938      0.00000000      0.00000000
     7.62590000      7.57798329      7.40698655     10.84677973      0.15686369      0.00000000      0.00000000
     7.65320000      7.57430853      7.36956203     10.94575338      0.17050865      0.00000000      0.00000000
     7.68060000      7.56137994      7.33011917     10.98816046      0.18071401      0.00000000      0.00000000
     7.70790000      7.53200469      7.28406011     10.98624497      0.18302264      0.00000000      0.00000000
     7.73520000      7.48712137      7.23108655     10.95008510      0.17828202      0.00000000      0.00000000
     7.76260000      7.43219486      7.17380466     10.88798890      0.16780315      0.00000000      0.00000000
     7.78990000      7.37184236      7.11580358     10.80725023      0.14709095      0.00000000      0.00000000
     7.81720000      7.30755754      7.05723957     10.71348741      0.10826756      0.00000000      0.00000000
     7.84460000      7.23888615      6.99752082     10.60868958      0.05359253      0.00000000      0.00000000
     7.87190000      7.16758541      6.93594782     10.49116604      0.00833500      0.00000000      0.00000000
     7.89920000      7.09927030      6.87413089     10.36116047      0.06406933      0.00000000      0.00000000
     7.92660000      7.03972376      6.81402564     10.22129570      0.09334141      0.00000000      0.00000000
     7.95390000      6.99192003      6.75768444     10.08071496      0.09952278      0.00000000      0.00000000
     7.98120000      6.95636275      6.70759042      9.95503976      0.08439580      0.00000000      0.00000000
     8.00860000      6.93209976      6.66548992      9.86428278      0.05662182      0.00000000      0.00000000
     8.03590000      6.91256350      6.63120754      9.82415759      0.01764119      0.00000000      0.00000000
     8.06320000      6.88917027      6.60031671      9.84064749      0.02596112      0.00000000      0.00000000
     8.09060000      6.85292501      6.56723084      9.90222211      0.05997253      0.00000000      0.00000000
     8.11790000      6.80111552      6.52781642      9.97950374      0.06729320      0.00000000      0.00000000
     8.14520000      6.73702457      6.48110295     10.04053016      0.04110677      0.00000000      0.00000000
     8.17260000      6.66631763      6.43050820     10.07410710      0.01428893      0.00000000      0.00000000
     8.19990000      6.59666506      6.38144915     10.08871412      0.08290949      0.00000000      0.00000000
     8.22720000      6.53267693      6.33826189     10.09157190      0.14970193      0.00000000      0.00000000
     8.25460000      6.47189335      6.30012020     10.08453743      0.21195309      0.00000000      0.00000000
     8.28190000      6.41151549      6.26497653     10.07214217      0.26610926      0.00000000      0.00000000
     8.30920000      6.35042079      6.23084492     10.06477537      0.30613695      0.00000000      0.00000000
     8.33660000      6.28967715      6.19725521     10.07667177      0.32684138      0.00000000      0.00000000
     8.36390000      6.23086648      6.16418110     10.11495983      0.32938606      0.00000000      0.00000000
     8.39120000      6.17636475      6.13337082     10.16864691      0.32124544      0.00000000      0.00000000
     8.41860000      6.13020932      6.10529982     10.21727520      0.31130880      0.00000000      0.00000000
     8.44590000      6.09496293      6.08205642     10.24502342      0.30163908      0.00000000      0.00000000
     8.47320000      6.07171468      6.06345714     10.24801713      0.29051954      0.00000000      0.00000000
     8.50060000      6.05863309      6.04878711     10.22651877      0.27995705      0.00000000      0.00000000
     8.52790000      6.05254999      6.03417926     10.17819139      0.26551917      0.00000000      0.00000000
     8.55520000      6.04830182      6.01343609     10.09906784      0.25129878      0.00000000      0.00000000
     8.58260000      6.04172741      5.98076366      9.98813722      0.23125184      0.00000000      0.00000000
     8.60990000      6.02954169      5.93432298      9.84989896      0.20944927      0.00000000      0.00000000
     8.63720000      6.01279927      5.87339079      9.69614947      0.18190956      0.00000000      0.00000000
     8.66460000      5.98906403      5.80281787      9.53882576      0.14731186      0.00000000      0.00000000
     8.69190000      5.95794869      5.72625786      9.38492765      0.11314319      0.00000000      0.00000000
     8.71920000      5.92117017      5.64983736      9.23742717      0.07708916      0.00000000      0.00000000
     8.74660000      5.88284161      5.57931519      9.09647039      0.04285026      0.00000000      0.00000000
     8.77390000      5.84900491      5.51876854      8.96003658      0.00822439      0.00000000      0.00000000
     8.80120000      5.82386232      5.47013299      8.82620008      0.02905913      0.00000000      0.00000000
     8.82860000      5.80857028      5.42961314      8.69491375      0.06732773      0.00000000      0.00000000
     8.85590000      5.80130651      5.39416150      8.56599953      0.10068802      0.00000000      0.00000000
     8.88320000      5.79670487      5.35719151      8.44249910      0.12934784      0.00000000      0.00000000
     8.91060000      5.79000808      5.31642280      8.32844781      0.15064602      0.00000000      0.00000000
     8.93790000      5.77641664      5.26952100      8.23198445      0.16164956      0.00000000      0.00000000
     8.96520000      5.75138947      5.21689537      8.15934477      0.15898951      0.00000000      0.00000000
     8.99260000      5.71409623      5.15883845      8.10750636      0.15033924      0.00000000      0.00000000
     9.01990000      5.66497647      5.09661992      8.06698862      0.13541725      0.00000000      0.00000000
     9.04720000      5.60622758      5.03346407      8.02604267      0.12692579      0.00000000      0.00000000
     9.07460000      5.53951004      4.97324127      7.97709714      0.12057036      0.00000000      0.00000000
     9.10190000      5.46675048      4.91745566      7.91854001      0.12147586      0.00000000      0.00000000
     9.12920000      5.38983302      4.86355304      7.84917857      0.12257754      0.00000000      0.00000000
     9.15660000      5.30985119      4.80665714      7.76971395      0.12626101      0.00000000      0.00000000
     9.18390000      5.22916636      4.74220038      7.68286112      0.12742225      0.00000000      0.00000000
     9.21120000      5.14935763      4.67186366      7.58932194      0.13339994      0.00000000      0.00000000
     9.23860000      5.07125944      4.60480511      7.48107036      0.14489478      0.00000000      0.00000000
     9.26590000      4.99433320      4.54985501      7.35206065      0.16468725      0.00000000      0.00000000
     9.29320000      4.91527242      4.50879846      7.20283618      0.19098233      0.00000000      0.00000000
     9.32060000      4.83363015      4.47865839      7.04344651      0.21969997      0.00000000      0.00000000
     9.34790000      4.74681716      4.45581020      6.88435498      0.24347101      0.00000000      0.00000000
     9.37520000      4.65549388      4.43435051      6.73386108      0.25603579      0.00000000      0.00000000
     9.40260000      4.56042056      4.41242658      6.59681231      0.25800479      0.00000000      0.00000000
     9.42990000      4.46168344      4.39094403      6.47340975      0.23919550      0.00000000      0.00000000
     9.45720000      4.35826886      4.36603239      6.36044494      0.20012586      0.00000000      0.00000000
     9.48460000      4.25243186      4.33914587      6.25051834      0.14119467      0.00000000      0.00000000
     9.51190000      4.14537467      4.31237132      6.13918664      0.06888867      0.00000000      0.00000000
     9.53920000      4.04177061      4.28854150      6.02339110      0.00728269      0.00000000      0.00000000
     9.56660000      3.94399214      4.27060610      5.90317388      0.07231023      0.00000000      0.00000000
     9.59390000      3.85723158      4.25922462      5.77706958      0.12799645      0.00000000      0.00000000
     9.62120000      3.78101726      4.25173020      5.65035544      0.17647117      0.00000000      0.00000000
     9.64860000      3.71540353      4.24140447      5.52586168      0.20829078      0.00000000      0.00000000
     9.67590000      3.65495217      4.22230265      5.40688391      0.22795772      0.00000000      0.00000000
     9.70320000      3.59600702      4.18884209      5.29712252      0.23082238      0.00000000      0.00000000
     9.73060000      3.53610229      4.14279785      5.20035457      0.22257823      0.00000000      0.00000000
     9.75790000      3.47574457      4.08773542      5.11746154      0.21264187      0.00000000      0.00000000
     9.78520000      3.41561605      4.02888283      5.04933643      0.20312677      0.00000000      0.00000000
     9.81260000      3.35572066      3.96809703      4.98902207      0.18819545      0.00000000      0.00000000
     9.83990000      3.29674669      3.90655840      4.92462104      0.16488938      0.00000000      0.00000000
     9.86720000      3.23795452      3.84307148      4.84997960      0.13124737      0.00000000      0.00000000
     9.89460000      3.17703580      3.77762760      4.75972281      0.09051573      0.00000000      0.00000000
     9.92190000      3.11322336      3.70952895      4.65553453      0.04245424      0.00000000      0.00000000
     9.94920000      3.04801235      3.63748584      4.54098072      0.00284793      0.00000000      0.00000000
     9.97660000      2.98396077      3.56426230      4.42105575      0.04324027      0.00000000      0.00000000
    10.00390000      2.92015939      3.48992322      4.29854027      0.07623172      0.00000000      0.00000000
    10.03120000      2.85825610      3.41667467      4.17948266      0.10160056      0.00000000      0.00000000
    10.05860000      2.79405851      3.34540158      4.06601934      0.11907134      0.00000000      0.00000000
    10.08590000      2.72852975      3.27470582      3.95877348      0.12491935      0.00000000      0.00000000
    10.11320000      2.65994834      3.20572134      3.85511679      0.12423969      0.00000000      0.00000000
    10.14060000      2.59404819      3.13975268      3.75463104      0.11616614      0.00000000      0.00000000
    10.16790000      2.53133491      3.07809367      3.66151108      0.11370674      0.00000000      0.00000000
    10.19520000      2.47122607      3.01836206      3.57894126      0.11423853      0.00000000      0.00000000
    10.22250000      2.40939319      2.95796918      3.49859057      0.12806944      0.00000000      0.00000000
    10.24990000      2.34286446      2.89268400      3.40786478      0.14921209      0.00000000      0.00000000
    10.27720000      2.27120202      2.82079768      3.29993626      0.16581887      0.00000000      0.00000000
    10.30450000      2.20104205      2.74349589      3.18094258      0.17327284      0.00000000      0.00000000
    10.33190000      2.13389338      2.66252384      3.05971768      0.16322571      0.00000000      0.00000000
    10.35920000      2.06942687      2.58100370      2.94217507      0.15165465      0.00000000      0.00000000
    10.38650000      2.00831010      2.50640020      2.82737776      0.13505792      0.00000000      0.00000000
    10.41390000      1.95219258      2.43938159      2.71517386      0.12541527      0.00000000      0.00000000
    10.44120000      1.89557811      2.38078688      2.60895697      0.11926747      0.00000000      0.00000000
    10.46850000      1.83698392      2.32977358      2.50810870      0.11327396      0.00000000      0.00000000
    10.49590000      1.77824257      2.28725863      2.41619235      0.09594715      0.00000000      0.00000000
    10.52320000      1.72388461      2.25305047      2.33901356      0.07006667      0.00000000      0.00000000
    10.55050000      1.67379479      2.22496085      2.27775483      0.03125044      0.00000000      0.00000000
    10.57790000      1.62949222      2.19886674      2.22896415      0.00775211      0.00000000      0.00000000
    10.60520000      1.58868936      2.17167749      2.18969007      0.03796483      0.00000000      0.00000000
    10.63250000      1.55120407      2.14097512      2.15126787      0.04794024      0.00000000      0.00000000
    10.65990000      1.51507508      2.10539640      2.11327531      0.03582186      0.00000000      0.00000000
    10.68720000      1.47755170      2.06618329      2.07390735      0.00349358      0.00000000      0.00000000
    10.71450000      1.43720945      2.02764627      2.03558152      0.04450882      0.00000000      0.00000000
    10.74190000      1.39406124      1.99203585      1.99653548      0.10541151      0.00000000      0.00000000
    10.76920000      1.34749141      1.95929762      1.95220650      0.17365757      0.00000000      0.00000000
    10.79650000      1.29703841      1.92714683      1.90016526      0.24163443      0.00000000      0.00000000
    10.82390000      1.24676541      1.89411980      1.83867532      0.30728204      0.00000000      0.00000000
    10.85120000      1.20153179      1.85980010      1.77366222      0.36124461      0.00000000      0.00000000
    10.87850000      1.16109602      1.82057882      1.71035813      0.41068345      0.00000000      0.00000000
    10.90590000      1.12914400      1.77636435      1.65284636      0.44345335      0.00000000      0.00000000
    10.93320000      1.10354449      1.72595832      1.60371951      0.46613536      0.00000000      0.00000000
    10.96050000      1.08369393      1.66506341      1.55878489      0.46724828      0.00000000      0.00000000
    10.98790000      1.06919375      1.59268838      1.51679319      0.44423139      0.00000000      0.00000000
    11.01520000      1.05919986      1.51309656      1.47647219      0.39917394      0.00000000      0.00000000
    11.04250000      1.05023382      1.43468565      1.43690726      0.33553039      0.00000000      0.00000000
    11.06990000      1.04346925      1.36351299      1.39382143      0.25949545      0.00000000      0.00000000
    11.09720000      1.03776662      1.30311877      1.34661893      0.17037884      0.00000000      0.00000000
    11.12450000      1.02874781      1.25230149      1.29812704      0.08014535      0.00000000      0.00000000
    11.15190000      1.01830416      1.20654285      1.25199335      0.01217905      0.00000000      0.00000000
    11.17920000      1.00604932      1.16112905      1.20762467      0.08824545      0.00000000      0.00000000
    11.20650000      0.99249606      1.11359907      1.16414887      0.14564133      0.00000000      0.00000000
    11.23390000      0.97521557      1.06077120      1.12131935      0.17554248      0.00000000      0.00000000
    11.26120000      0.95193961      1.00555476      1.07782784      0.18249546      0.00000000      0.00000000
    11.28850000      0.92322721      0.95007729      1.03586157      0.16720095      0.00000000      0.00000000
    11.31590000      0.88896821      0.89770217      0.99561106      0.14924023      0.00000000      0.00000000
    11.34320000      0.85320298      0.85107745      0.95473387      0.12869079      0.00000000      0.00000000
    11.37050000      0.81705961      0.80912681      0.91310849      0.11437940      0.00000000      0.00000000
    11.39790000      0.78088337      0.77128548      0.87395707      0.10480018      0.00000000      0.00000000
    11.42520000      0.74355314      0.73601743      0.83817188      0.09996274      0.00000000      0.00000000
    11.45250000      0.70708609      0.70237664      0.80615186      0.09513230      0.00000000      0.00000000
    11.47990000      0.67268718      0.67339400      0.77885423      0.09061182      0.00000000      0.00000000
    11.50720000      0.64037626      0.64673062      0.75434703      0.08606487      0.00000000      0.00000000
    11.53450000      0.61230245      0.62466603      0.73243009      0.08626906      0.00000000      0.00000000
    11.56190000      0.58852640      0.60800539      0.71213275      0.08196157      0.00000000      0.00000000
    11.58920000      0.56915062      0.59489166      0.69438982      0.08215509      0.00000000      0.00000000
    11.61650000      0.55418121      0.58622234      0.67692953      0.08747100      0.00000000      0.00000000
    11.64390000      0.54155032      0.58001401      0.66174291      0.09252844      0.00000000      0.00000000
    11.67120000      0.53028373      0.57529441      0.64886830      0.09760469      0.00000000      0.00000000
    11.69850000      0.52034721      0.56991631      0.63951808      0.10720167      0.00000000      0.00000000
    11.72590000      0.51072657      0.56298083      0.63057870      0.11676861      0.00000000      0.00000000
    11.75320000      0.49929036      0.55328104      0.62111769      0.12068349      0.00000000      0.00000000
    11.78050000      0.48702958      0.54166391      0.60883626      0.11979532      0.00000000      0.00000000
    11.80790000      0.47284259      0.52815606      0.59579280      0.11420620      0.00000000      0.00000000
    11.83520000      0.45875114      0.51558751      0.58182160      0.10870348      0.00000000      0.00000000
    11.86250000      0.44464006      0.50396420      0.56783490      0.09860965      0.00000000      0.00000000
    11.88990000      0.43166185      0.49436837      0.55599005      0.08425171      0.00000000      0.00000000
    11.91720000      0.42065022      0.48765772      0.54521723      0.07019121      0.00000000      0.00000000
    11.94450000      0.40977367      0.48398524      0.53557527      0.05146127      0.00000000      0.00000000
    11.97190000      0.39993844      0.48231372      0.52609644      0.03283377      0.00000000      0.00000000
    11.99920000      0.39021832      0.48267033      0.51670001      0.01414865      0.00000000      0.00000000
    12.02650000      0.38156633      0.48509512      0.50833592      0.00000000      0.00000000      0.00000000
    12.05390000      0.37297279      0.48863766      0.50099734      0.00956244      0.00000000      0.00000000
    12.08120000      0.36542630      0.49240554      0.49566633      0.01922617      0.00000000      0.00000000
    12.10850000      0.35796851      0.49541183      0.49244120      0.02899122      0.00000000      0.00000000
    12.13590000      0.35055559      0.49766416      0.49024954      0.03885792      0.00000000      0.00000000
    12.16320000      0.34231536      0.49816791      0.48830740      0.05857809      0.00000000      0.00000000
    12.19050000      0.33411365      0.49599934      0.48462992      0.07405655      0.00000000      0.00000000
    12.21790000      0.32500898      0.49105197      0.48010271      0.08988538      0.00000000      0.00000000
    12.24520000      0.31586858      0.48326684      0.47471874      0.09601106      0.00000000      0.00000000
    12.27250000      0.30774747      0.47544317      0.46848223      0.10228680      0.00000000      0.00000000
    12.29990000      0.30057024      0.46660746      0.46041593      0.10871949      0.00000000      0.00000000
    12.32720000      0.29342595      0.45871825      0.45237442      0.12010219      0.00000000      0.00000000
    12.35450000      0.28821761      0.45177674      0.44348267      0.13214047      0.00000000      0.00000000
    12.38190000      0.28306825      0.44490633      0.43364767      0.14499658      0.00000000      0.00000000
    12.40920000      0.27797028      0.43717058      0.42198969      0.15886597      0.00000000      0.00000000
    12.43650000      0.27289335      0.42857108      0.41124577      0.16228923      0.00000000      0.00000000
    12.46390000      0.26786819      0.41901838      0.39957373      0.16026457      0.00000000      0.00000000
    12.49120000      0.26378742      0.40855439      0.38885917      0.15819756      0.00000000      0.00000000
    12.51850000      0.25879570      0.39714137      0.37814059      0.15016126      0.00000000      0.00000000
    12.54590000      0.25385079      0.38571122      0.36842090      0.13504646      0.00000000      0.00000000
    12.57320000      0.24984446      0.37333919      0.35869302      0.11927596      0.00000000      0.00000000
    12.60050000      0.24492816      0.36187798      0.34995238      0.09592659      0.00000000      0.00000000
    12.62790000      0.24097673      0.35041098      0.34120803      0.06484609      0.00000000      0.00000000
    12.65520000      0.23703519      0.33982088      0.33249121      0.03943260      0.00000000      0.00000000
    12.68250000      0.23218450      0.33014838      0.32563107      0.01317839      0.00000000      0.00000000
    12.70990000      0.22826860      0.32234530      0.31882988      0.00660370      0.00000000      0.00000000
    12.73720000      0.22344301      0.31731465      0.31204817      0.02646605      0.00000000      0.00000000
    12.76450000      0.22044393      0.31324957      0.30713911      0.04639371      0.00000000      0.00000000
    12.79190000      0.21747810      0.31106076      0.30230763      0.06602767      0.00000000      0.00000000
    12.81920000      0.21545694      0.30985347      0.29751553      0.07894841      0.00000000      0.00000000
    12.84650000      0.21435749      0.30874371      0.29185474      0.09177270      0.00000000      0.00000000
    12.87390000      0.21328520      0.30767100      0.28532685      0.10450124      0.00000000      0.00000000
    12.90120000      0.21225679      0.30574786      0.27789940      0.11713264      0.00000000      0.00000000
    12.92850000      0.21031746      0.30203451      0.26864310      0.12324183      0.00000000      0.00000000
    12.95590000      0.20838362      0.29741535      0.25940317      0.12931622      0.00000000      0.00000000
    12.98320000      0.20647189      0.29188610      0.24922209      0.13535472      0.00000000      0.00000000
    13.01050000      0.20365050      0.28539474      0.23991984      0.14135909      0.00000000      0.00000000
    13.03790000      0.20174691      0.27982300      0.23154474      0.14802133      0.00000000      0.00000000
    13.06520000      0.19986378      0.27425510      0.22497236      0.14763976      0.00000000      0.00000000
    13.09250000      0.19708972      0.26866777      0.21933943      0.16064496      0.00000000      0.00000000
    13.11990000      0.19338913      0.26220440      0.21374141      0.16732770      0.00000000      0.00000000
    13.14720000      0.18969025      0.25663067      0.20995514      0.17872577      0.00000000      0.00000000
    13.17450000      0.18597714      0.25194931      0.20529648      0.19080255      0.00000000      0.00000000
    13.20180000      0.18226792      0.24818343      0.20154629      0.19571458      0.00000000      0.00000000
    13.22920000      0.17945799      0.24624152      0.19780521      0.20057925      0.00000000      0.00000000
    13.25650000      0.17666673      0.24613957      0.19408744      0.19928899      0.00000000      0.00000000
    13.28380000      0.17478859      0.24701441      0.19037612      0.20410548      0.00000000      0.00000000
    13.31120000      0.17382397      0.24705193      0.18756968      0.20803389      0.00000000      0.00000000
    13.33850000      0.17287551      0.24624725      0.18476694      0.20679582      0.00000000      0.00000000
    13.36580000      0.17285352      0.24089950      0.18288137      0.19809739      0.00000000      0.00000000
    13.39320000      0.17192433      0.23461894      0.18101636      0.19110779      0.00000000      0.00000000
    13.42050000      0.17101026      0.22645316      0.17915284      0.17766282      0.00000000      0.00000000
    13.44780000      0.17011214      0.21919573      0.17729212      0.15922262      0.00000000      0.00000000
    13.47520000      0.16920071      0.21190164      0.17634543      0.14728870      0.00000000      0.00000000
    13.50250000      0.16739415      0.20460811      0.17450448      0.12952361      0.00000000      0.00000000
    13.52980000      0.16649746      0.19911708      0.17266572      0.11762128      0.00000000      0.00000000
    13.55720000      0.16560242      0.19272163      0.17172451      0.10612803      0.00000000      0.00000000
    13.58450000      0.16381112      0.18812861      0.17078362      0.09456957      0.00000000      0.00000000
    13.61180000      0.16200551      0.18355493      0.17075235      0.08264457      0.00000000      0.00000000
    13.63920000      0.16021517      0.17898494      0.17072328      0.07100558      0.00000000      0.00000000
    13.66650000      0.15842340      0.17441589      0.17070813      0.05338340      0.00000000      0.00000000
    13.69380000      0.15572093      0.17075711      0.17069377      0.04161234      0.00000000      0.00000000
    13.72120000      0.15301893      0.16710145      0.17157485      0.02989744      0.00000000      0.00000000
    13.74850000      0.15121302      0.16343250      0.17246953      0.01797613      0.00000000      0.00000000
    13.77580000      0.14849634      0.16068722      0.17337912      0.00602663      0.00000000      0.00000000
    13.80320000      0.14667906      0.15883874      0.17516994      0.00606128      0.00000000      0.00000000
    13.83050000      0.14578439      0.15700392      0.17698904      0.01828763      0.00000000      0.00000000
    13.85780000      0.14578875      0.15606451      0.17971762      0.03065228      0.00000000      0.00000000
    13.88520000      0.14580693      0.15606042      0.18246403      0.04315533      0.00000000      0.00000000
    13.91250000      0.14674801      0.15696295      0.18434650      0.05579590      0.00000000      0.00000000
    13.93980000      0.14768981      0.15695898      0.18536562      0.06857371      0.00000000      0.00000000
    13.96720000      0.14864575      0.15787684      0.18458076      0.08808424      0.00000000      0.00000000
    13.99450000      0.15053839      0.15971450      0.18379355      0.10162054      0.00000000      0.00000000
    14.02180000      0.15152024      0.16155312      0.18209394      0.10902836      0.00000000      0.00000000
    14.04920000      0.15251669      0.16340718      0.17949662      0.12353046      0.00000000      0.00000000
    14.07650000      0.15261206      0.16618258      0.17780714      0.13189029      0.00000000      0.00000000
    14.10380000      0.15179320      0.16805177      0.17610163      0.14050066      0.00000000      0.00000000
    14.13120000      0.15096194      0.16995097      0.17261173      0.14871393      0.00000000      0.00000000
    14.15850000      0.14922557      0.17185084      0.16911632      0.15101597      0.00000000      0.00000000
    14.18580000      0.14747492      0.17285694      0.16469088      0.15340876      0.00000000      0.00000000
    14.21320000      0.14480700      0.17387925      0.16116290      0.14888774      0.00000000      0.00000000
    14.24050000      0.14305194      0.17397689      0.15761844      0.15062683      0.00000000      0.00000000
    14.26780000      0.14037758      0.17316341      0.15407155      0.14596288      0.00000000      0.00000000
    14.29520000      0.13860794      0.17233649      0.15142446      0.14042862      0.00000000      0.00000000
    14.32250000      0.13592838      0.17243329      0.14877451      0.12733502      0.00000000      0.00000000
    14.34980000      0.13415393      0.17160395      0.14701330      0.12142252      0.00000000      0.00000000
    14.37720000      0.13145960      0.17168806      0.14526345      0.11536070      0.00000000      0.00000000
    14.40450000      0.12967116      0.17177108      0.14440284      0.10081804      0.00000000      0.00000000
    14.43180000      0.12788143      0.17276813      0.14355288      0.08602092      0.00000000      0.00000000
    14.45920000      0.12609128      0.17376737      0.14361741      0.07882753      0.00000000      0.00000000
    14.48650000      0.12614020      0.17660975      0.14368105      0.06358840      0.00000000      0.00000000
    14.51380000      0.12712021      0.17855370      0.14374481      0.04780421      0.00000000      0.00000000
    14.54120000      0.12810205      0.18051520      0.14472492      0.03991962      0.00000000      0.00000000
    14.56850000      0.12909404      0.18340894      0.14481106      0.02400337      0.00000000      0.00000000
    14.59580000      0.13102998      0.18448604      0.14489722      0.01603362      0.00000000      0.00000000
    14.62320000      0.13204610      0.18558015      0.14589041      0.00798544      0.00000000      0.00000000
    14.65050000      0.13214889      0.18575519      0.14597714      0.00000000      0.00000000      0.00000000
    14.67780000      0.13226184      0.18500985      0.14607476      0.00000000      0.00000000      0.00000000
    14.70520000      0.13052442      0.18334276      0.14709206      0.00789373      0.00000000      0.00000000
    14.73250000      0.12784660      0.18165690      0.14630346      0.01581602      0.00000000      0.00000000
    14.75980000      0.12516438      0.17904500      0.14550253      0.02390070      0.00000000      0.00000000
    14.78720000      0.12153218      0.17641597      0.14379121      0.02408221      0.00000000      0.00000000
    14.81450000      0.11788548      0.17470545      0.14206568      0.02426645      0.00000000      0.00000000
    14.84180000      0.11609206      0.17205400      0.14124887      0.02431117      0.00000000      0.00000000
    14.86920000      0.11428872      0.17125070      0.14043176      0.02449881      0.00000000      0.00000000
    14.89650000      0.11341246      0.17044488      0.13961246      0.01646103      0.00000000      0.00000000
    14.92380000      0.11346535      0.16965047      0.13880205      0.01649120      0.00000000      0.00000000
    14.95120000      0.11445813      0.16979600      0.13799117      0.00831079      0.00000000      0.00000000
    14.97850000      0.11545987      0.16901181      0.13717795      0.00832597      0.00000000      0.00000000
    15.00580000      0.11646276      0.16823850      0.13635345      0.00000000      0.00000000      0.00000000
    15.03320000      0.11746758      0.16745195      0.13643438      0.00000000      0.00000000      0.00000000
    15.06050000      0.11941446      0.16574401      0.13653411      0.00847426      0.00000000      0.00000000
    15.08780000      0.12229736      0.16402031      0.13846757      0.01697827      0.00000000      0.00000000
    15.11520000      0.12426003      0.16230646      0.13949704      0.02535530      0.00000000      0.00000000
    15.14250000      0.12623406      0.15964262      0.14054713      0.03386373      0.00000000      0.00000000
    15.16980000      0.12914687      0.15791985      0.14159882      0.03372004      0.00000000      0.00000000
    15.19720000      0.13020171      0.15524794      0.14082267      0.04196769      0.00000000      0.00000000
    15.22450000      0.13220451      0.15350603      0.14004358      0.04179547      0.00000000      0.00000000
    15.25180000      0.13328227      0.15176089      0.13833047      0.03330640      0.00000000      0.00000000
    15.27920000      0.13436274      0.15001348      0.13570137      0.02502764      0.00000000      0.00000000
    15.30650000      0.13450369      0.14827271      0.13305619      0.01661999      0.00000000      0.00000000
    15.33380000      0.13277133      0.14651769      0.12947177      0.00832523      0.00000000      0.00000000
    15.36120000      0.13008331      0.14383100      0.12588168      0.00838845      0.00000000      0.00000000
    15.38850000      0.12737904      0.14206859      0.12320189      0.00845264      0.00000000      0.00000000
    15.41580000      0.12372478      0.13937158      0.11959066      0.01703487      0.00000000      0.00000000
    15.44320000      0.12099147      0.13666033      0.11689377      0.01716761      0.00000000      0.00000000
    15.47050000      0.11825263      0.13488656      0.11419208      0.01730248      0.00000000      0.00000000
    15.49780000      0.11645577      0.13217520      0.11241535      0.01733301      0.00000000      0.00000000
    15.52520000      0.11464815      0.12945015      0.11063663      0.01747048      0.00000000      0.00000000
    15.55250000      0.11378504      0.12767427      0.10885450      0.01750120      0.00000000      0.00000000
    15.57980000      0.11388578      0.12493943      0.10800067      0.00882108      0.00000000      0.00000000
    15.60720000      0.11397894      0.12219186      0.10714616      0.01767215      0.00000000      0.00000000
    15.63450000      0.11313708      0.12039566      0.10629696      0.01770306      0.00000000      0.00000000
    15.66180000      0.11229330      0.11859628      0.10543896      0.01784582      0.00000000      0.00000000
    15.68920000      0.11145633      0.11679448      0.10458027      0.01787704      0.00000000      0.00000000
    15.71650000      0.10965519      0.11498876      0.10465390      0.01790815      0.00000000      0.00000000
    15.74380000      0.10689597      0.11223683      0.10472749      0.01805385      0.00000000      0.00000000
    15.77120000      0.10507965      0.11042457      0.10573738      0.02712512      0.00000000      0.00000000
    15.79850000      0.10231048      0.10860844      0.10769158      0.02734781      0.00000000      0.00000000
    15.82580000      0.09952871      0.10583575      0.10871148      0.02757457      0.00000000      0.00000000
    15.85320000      0.09674246      0.10401321      0.11068640      0.02762231      0.00000000      0.00000000
    15.88050000      0.09394384      0.10123190      0.11265624      0.02785359      0.00000000      0.00000000
    15.90780000      0.09018123      0.09939465      0.11370508      0.02808921      0.00000000      0.00000000
    15.93520000      0.08833321      0.09851154      0.11380806      0.02832950      0.00000000      0.00000000
    15.96250000      0.08647540      0.09666928      0.11485158      0.02837803      0.00000000      0.00000000
    15.98980000      0.08461477      0.09673973      0.11495451      0.01908438      0.00000000      0.00000000
    16.01720000      0.08371404      0.09681074      0.11600110      0.01911709      0.00000000      0.00000000
    16.04450000      0.08281718      0.09688785      0.11610469      0.00964272      0.00000000      0.00000000
    16.07180000      0.08191874      0.09697165      0.11620818      0.00965912      0.00000000      0.00000000
    16.09910000      0.08198321      0.09705537      0.11631159      0.00974439      0.00000000      0.00000000
    16.12650000      0.08108290      0.09713962      0.11640781      0.00000000      0.00000000      0.00000000
    16.15380000      0.08018611      0.09626064      0.11745821      0.00000000      0.00000000      0.00000000
    16.18110000      0.07928209      0.09537993      0.11850228      0.00000000      0.00000000      0.00000000
    16.20850000      0.07934458      0.09546231      0.12049728      0.00981061      0.00000000      0.00000000
    16.23580000      0.07843819      0.09457246      0.12248639      0.00982713      0.00000000      0.00000000
    16.26310000      0.07849390      0.09464677      0.12543676      0.00984366      0.00000000      0.00000000
    16.29050000      0.07855549      0.09472161      0.12934344      0.00986024      0.00000000      0.00000000
    16.31780000      0.07958710      0.09576964      0.13515889      0.00987676      0.00000000      0.00000000
    16.34510000      0.07964887      0.09681261      0.14291685      0.00982338      0.00000000      0.00000000
    16.37250000      0.08068867      0.09883323      0.15166454      0.00983985      0.00000000      0.00000000
    16.39980000      0.08172397      0.09989355      0.15856287      0.00000000      0.00000000      0.00000000
    16.42710000      0.08276638      0.10191929      0.16359934      0.00987266      0.00000000      0.00000000
    16.45450000      0.08478540      0.10394888      0.16577764      0.01977678      0.00000000      0.00000000
    16.48180000      0.08582593      0.10696055      0.16411155      0.02992199      0.00000000      0.00000000
    16.50910000      0.08784990      0.10998488      0.16145714      0.05029184      0.00000000      0.00000000
    16.53650000      0.08987762      0.11301549      0.15782285      0.05111963      0.00000000      0.00000000
    16.56380000      0.09289201      0.11606670      0.15513052      0.06236008      0.00000000      0.00000000
    16.59110000      0.09492651      0.11913232      0.15145618      0.06344226      0.00000000      0.00000000
    16.61850000      0.09795745      0.12025027      0.14777342      0.06457554      0.00000000      0.00000000
    16.64580000      0.10000616      0.12136969      0.14406150      0.05482429      0.00000000      0.00000000
    16.67310000      0.10303958      0.12150324      0.14034131      0.04470800      0.00000000      0.00000000
    16.70050000      0.10607881      0.12164560      0.13660472      0.03419962      0.00000000      0.00000000
    16.72780000      0.10912993      0.12177893      0.13382050      0.01152754      0.00000000      0.00000000
    16.75510000      0.11217907      0.12191216      0.13200137      0.01176626      0.00000000      0.00000000
    16.78250000      0.11622669      0.12106183      0.13017937      0.03568769      0.00000000      0.00000000
    16.80980000      0.12027299      0.12120189      0.12932524      0.07210485      0.00000000      0.00000000
    16.83710000      0.12630790      0.12132561      0.12944243      0.10917326      0.00000000      0.00000000
    16.86450000      0.13335126      0.12145805      0.12956028      0.14533992      0.00000000      0.00000000
    16.89180000      0.14141533      0.12258632      0.13065220      0.19119090      0.00000000      0.00000000
    16.91910000      0.15051742      0.12272709      0.13176288      0.23143819      0.00000000      0.00000000
    16.94650000      0.15670116      0.12287667      0.13385318      0.24570224      0.00000000      0.00000000
    16.97380000      0.16092665      0.12204148      0.13497739      0.24889672      0.00000000      0.00000000
    17.00110000      0.16219116      0.12020226      0.13512452      0.23173342      0.00000000      0.00000000
    17.02850000      0.16044879      0.11735648      0.13527234      0.21709655      0.00000000      0.00000000
    17.05580000      0.15868871      0.11450309      0.13443802      0.18307147      0.00000000      0.00000000
    17.08310000      0.15590250      0.11163540      0.13457507      0.16214409      0.00000000      0.00000000
    17.11050000      0.15309888      0.10876185      0.13372096      0.14134252      0.00000000      0.00000000
    17.13780000      0.15128845      0.10587416      0.13484095      0.12148868      0.00000000      0.00000000
    17.16510000      0.15046590      0.10398015      0.13596282      0.10150478      0.00000000      0.00000000
    17.19250000      0.14966163      0.10208266      0.13708737      0.09216907      0.00000000      0.00000000
    17.21980000      0.14885372      0.10118894      0.13822186      0.08209145      0.00000000      0.00000000
    17.24710000      0.14704585      0.09928358      0.13936727      0.07247236      0.00000000      0.00000000
    17.27450000      0.14321621      0.09738114      0.14050664      0.06223778      0.00000000      0.00000000
    17.30180000      0.13836459      0.09546753      0.14165625      0.05232979      0.00000000      0.00000000
    17.32910000      0.13246128      0.09354987      0.14182539      0.05241236      0.00000000      0.00000000
    17.35650000      0.12553195      0.09263557      0.14098437      0.04200580      0.00000000      0.00000000
    17.38380000      0.12059602      0.09070487      0.14014029      0.03178719      0.00000000      0.00000000
    17.41110000      0.11564175      0.09079379      0.13928513      0.03207012      0.00000000      0.00000000
    17.43850000      0.11169347      0.08987337      0.13942448      0.02141662      0.00000000      0.00000000
    17.46580000      0.10875285      0.08996116      0.14055971      0.01080568      0.00000000      0.00000000
    17.49310000      0.10581320      0.09006062      0.14169680      0.01090424      0.00000000      0.00000000
    17.52050000      0.10286096      0.09015464      0.14283657      0.01100500      0.00000000      0.00000000
    17.54780000      0.09990869      0.08923409      0.14396827      0.01110792      0.00000000      0.00000000
    17.57510000      0.09694367      0.08831137      0.14710294      0.01112520      0.00000000      0.00000000
    17.60250000      0.09499461      0.08738697      0.15125495      0.01123062      0.00000000      0.00000000
    17.62980000      0.09201860      0.08646552      0.15742892      0.01124803      0.00000000      0.00000000
    17.65710000      0.09006000      0.08553622      0.16263209      0.01135593      0.00000000      0.00000000
    17.68450000      0.08809792      0.08460524      0.16684279      0.02274488      0.00000000      0.00000000
    17.71180000      0.08613133      0.08367162      0.17207875      0.02296586      0.00000000      0.00000000
    17.73910000      0.08416077      0.08171444      0.17631947      0.02300125      0.00000000      0.00000000
    17.76650000      0.08321399      0.08077592      0.18057093      0.02322786      0.00000000      0.00000000
    17.79380000      0.08227009      0.08085828      0.18484271      0.02326355      0.00000000      0.00000000
    17.82110000      0.08028941      0.07991604      0.19012400      0.02329924      0.00000000      0.00000000
    17.84850000      0.07933552      0.07897718      0.19645556      0.02333506      0.00000000      0.00000000
    17.87580000      0.07838426      0.07905727      0.20281489      0.02356787      0.00000000      0.00000000
    17.90310000      0.07742584      0.07811459      0.21021962      0.02360386      0.00000000      0.00000000
    17.93050000      0.07750415      0.07716511      0.21870420      0.02363999      0.00000000      0.00000000
    17.95780000      0.07654262      0.07621795      0.22622405      0.02387909      0.00000000      0.00000000
    17.98510000      0.07661935      0.07526370      0.23178623      0.02412414      0.00000000      0.00000000
    18.01250000      0.07670139      0.07431248      0.23538417      0.02416089      0.00000000      0.00000000
    18.03980000      0.07677800      0.07335390      0.23285722      0.03661142      0.00000000      0.00000000
    18.06710000      0.07582088      0.07239781      0.22413478      0.03666682      0.00000000      0.00000000
    18.09450000      0.07486192      0.07143530      0.21019409      0.04894962      0.00000000      0.00000000
    18.12180000      0.07390028      0.07047477      0.19303220      0.04902347      0.00000000      0.00000000
    18.14910000      0.07189446      0.06950755      0.17576143      0.04909732      0.00000000      0.00000000
    18.17650000      0.07092305      0.06854296      0.15735067      0.04961529      0.00000000      0.00000000
    18.20380000      0.06994913      0.06757144      0.14094673      0.04968981      0.00000000      0.00000000
    18.23110000      0.06897309      0.06660204      0.12551880      0.06218240      0.00000000      0.00000000
    18.25850000      0.06799531      0.06562659      0.11211746      0.06227585      0.00000000      0.00000000
    18.28580000      0.06701934      0.06464867      0.10181178      0.06236897      0.00000000      0.00000000
    18.31310000      0.06603690      0.06366864      0.09356985      0.06246208      0.00000000      0.00000000
    18.34050000      0.06610194      0.06269082      0.08635101      0.06255554      0.00000000      0.00000000
    18.36780000      0.06512047      0.06170653      0.08016784      0.06322365      0.00000000      0.00000000
    18.39510000      0.06518402      0.06176701      0.07606393      0.07594560      0.00000000      0.00000000
    18.42250000      0.06525204      0.06182779      0.07194923      0.07605872      0.00000000      0.00000000
    18.44980000      0.06426203      0.06083925      0.06888003      0.07617143      0.00000000      0.00000000
    18.47710000      0.06432851      0.06089858      0.06580542      0.07628414      0.00000000      0.00000000
    18.50450000      0.06439528      0.06096203      0.06377116      0.07639726      0.00000000      0.00000000
    18.53180000      0.06446166      0.06102127      0.06173293      0.08921244      0.00000000      0.00000000
    18.55910000      0.06452799      0.06108047      0.05864753      0.08934387      0.00000000      0.00000000
    18.58650000      0.06353571      0.06114378      0.05660487      0.08947577      0.00000000      0.00000000
    18.61380000      0.06360087      0.06225810      0.05455804      0.08960719      0.00000000      0.00000000
    18.64110000      0.06367000      0.06232208      0.05250735      0.09057410      0.00000000      0.00000000
    18.66850000      0.06267316      0.06344374      0.05045308      0.10359726      0.00000000      0.00000000
    18.69580000      0.06273710      0.06456718      0.04944673      0.10374875      0.00000000      0.00000000
    18.72310000      0.06174047      0.06569684      0.04843844      0.10390025      0.00000000      0.00000000
    18.75050000      0.06180357      0.06576424      0.04637737      0.10309495      0.00000000      0.00000000
    18.77780000      0.06187018      0.06689720      0.04536419      0.10324505      0.00000000      0.00000000
    18.80510000      0.06086507      0.06696941      0.04435181      0.10339515      0.00000000      0.00000000
    18.83250000      0.06093078      0.06810184      0.04333493      0.10354580      0.00000000      0.00000000
    18.85980000      0.06099229      0.06817510      0.04337645      0.10369590      0.00000000      0.00000000
    18.88710000      0.05998642      0.06931469      0.04235896      0.10384601      0.00000000      0.00000000
    18.91450000      0.06004709      0.07045689      0.04239963      0.10399666      0.00000000      0.00000000
    18.94180000      0.06011117      0.07053230      0.04137905      0.11708131      0.00000000      0.00000000
    18.96910000      0.06017897      0.07168191      0.04142095      0.11833569      0.00000000      0.00000000
    18.99640000      0.05916721      0.07282938      0.04146283      0.11850600      0.00000000      0.00000000
    19.02380000      0.05923034      0.07291184      0.04150490      0.11758816      0.00000000      0.00000000
    19.05110000      0.05821870      0.07299387      0.04154672      0.11775691      0.00000000      0.00000000
    19.07840000      0.05720105      0.07415049      0.04158851      0.13092425      0.00000000      0.00000000
    19.10580000      0.05510097      0.07423402      0.04056305      0.13111228      0.00000000      0.00000000
    19.13310000      0.05407416      0.07324009      0.04060619      0.13129962      0.00000000      0.00000000
    19.16040000      0.05304848      0.07332194      0.03957718      0.13148697      0.00000000      0.00000000
    19.18780000      0.05201752      0.07232469      0.03961934      0.13049212      0.00000000      0.00000000
    19.21510000      0.05098728      0.07240079      0.03858700      0.13067778      0.00000000      0.00000000
    19.24240000      0.04995163      0.07248131      0.03862542      0.13086344      0.00000000      0.00000000
    19.26980000      0.05000103      0.07255770      0.03759230      0.13104978      0.00000000      0.00000000
    19.29710000      0.04896514      0.07263813      0.03762961      0.13007699      0.00000000      0.00000000
    19.32440000      0.04901315      0.07380840      0.03659291      0.13026102      0.00000000      0.00000000
    19.35180000      0.04797410      0.07389487      0.03662930      0.13044571      0.00000000      0.00000000
    19.37910000      0.04802098      0.07398093      0.03558922      0.11663018      0.00000000      0.00000000
    19.40640000      0.04807080      0.07297774      0.03562430      0.11679448      0.00000000      0.00000000
    19.43380000      0.04702428      0.07197236      0.03566170      0.11695939      0.00000000      0.00000000
    19.46110000      0.04707291      0.06987659      0.03569888      0.10417694      0.00000000      0.00000000
    19.48840000      0.04711860      0.06776715      0.03465105      0.10342841      0.00000000      0.00000000
    19.51580000      0.04826431      0.06455901      0.03468725      0.09067700      0.00000000      0.00000000
    19.54310000      0.04831398      0.06243872      0.03472324      0.09080385      0.00000000      0.00000000
    19.57040000      0.04836361      0.06030991      0.03475713      0.07865525      0.00000000      0.00000000
    19.59780000      0.04951376      0.05817685      0.03479326      0.07876537      0.00000000      0.00000000
    19.62510000      0.04956446      0.05713774      0.03482919      0.07887509      0.00000000      0.00000000
    19.65240000      0.05071768      0.05499642      0.03486509      0.06584834      0.00000000      0.00000000
    19.67980000      0.05187657      0.05395188      0.03490116      0.06652401      0.00000000      0.00000000
    19.70710000      0.05193261      0.05290477      0.03602880      0.06661629      0.00000000      0.00000000
    19.73440000      0.05309475      0.05295546      0.03606576      0.06670857      0.00000000      0.00000000
    19.76180000      0.05315219      0.05190525      0.03719691      0.06680119      0.00000000      0.00000000
    19.78910000      0.05321259      0.05195798      0.03833009      0.06689347      0.00000000      0.00000000
    19.81640000      0.05326971      0.05201068      0.03946784      0.06698576      0.00000000      0.00000000
    19.84380000      0.05333032      0.05206360      0.04060814      0.06707838      0.00000000      0.00000000
    19.87110000      0.05227835      0.05322831      0.04175307      0.06717066      0.00000000      0.00000000
    19.89840000      0.05122383      0.05328527      0.04180296      0.06667260      0.00000000      0.00000000
    19.92580000      0.05016397      0.05223434      0.04185054      0.06676441      0.00000000      0.00000000
    19.95310000      0.04798551      0.05229005      0.04079533      0.05350314      0.00000000      0.00000000
    19.98040000      0.04691940      0.05123200      0.03973524      0.04019305      0.00000000      0.00000000
    20.00780000      0.04473008      0.05017180      0.03867296      0.02683727      0.00000000      0.00000000
    20.03510000      0.04365539      0.05022506      0.03871653      0.02687389      0.00000000      0.00000000
    20.06240000      0.04257844      0.04916100      0.03765041      0.01345680      0.00000000      0.00000000
    20.08980000      0.04149945      0.04809479      0.03769063      0.01359495      0.00000000      0.00000000
    20.11710000      0.04154070      0.04814560      0.03662311      0.00000000      0.00000000      0.00000000
    20.14440000      0.04158192      0.04707555      0.03555097      0.00000000      0.00000000      0.00000000
    20.17180000      0.04162333      0.04600333      0.03447663      0.01377395      0.00000000      0.00000000
    20.19910000      0.04166703      0.04492579      0.03339974      0.01379259      0.00000000      0.00000000
    20.22640000      0.04170818      0.04497296      0.03232049      0.02761905      0.00000000      0.00000000
    20.25380000      0.04175205      0.04501762      0.03235470      0.04185783      0.00000000      0.00000000
    20.28110000      0.04292269      0.04506473      0.03127188      0.04191425      0.00000000      0.00000000
    20.30840000      0.04297007      0.04511183      0.03130472      0.05646800      0.00000000      0.00000000
    20.33580000      0.04414702      0.04516183      0.03021850      0.07132514      0.00000000      0.00000000
    20.36310000      0.04419561      0.04520888      0.03025014      0.07211442      0.00000000      0.00000000
    20.39040000      0.04424150      0.04526133      0.03028176      0.07366274      0.00000000      0.00000000
    20.41780000      0.04315462      0.04531127      0.02919079      0.07452206      0.00000000      0.00000000
    20.44510000      0.04206502      0.04309293      0.02922121      0.06100623      0.00000000      0.00000000
    20.47240000      0.04097043      0.04200486      0.02812821      0.06176011      0.00000000      0.00000000
    20.49980000      0.03987367      0.04091204      0.02703127      0.04692517      0.00000000      0.00000000
    20.52710000      0.03877201      0.03868135      0.02705930      0.03133519      0.00000000      0.00000000
    20.55440000      0.03881190      0.03758009      0.02595869      0.01569147      0.00000000      0.00000000
    20.58180000      0.03770699      0.03647897      0.02598566      0.00000000      0.00000000      0.00000000
    20.60910000      0.03774340      0.03537531      0.02488151      0.00000000      0.00000000      0.00000000
    20.63640000      0.03892696      0.03426928      0.02490716      0.01575407      0.00000000      0.00000000
    20.66380000      0.03896696      0.03316105      0.02493291      0.01577499      0.00000000      0.00000000
    20.69110000      0.03900441      0.03205031      0.02495854      0.03158554      0.00000000      0.00000000
    20.71840000      0.04019252      0.03208111      0.02384851      0.03162722      0.00000000      0.00000000
    20.74580000      0.04138564      0.03096704      0.02387305      0.04803598      0.00000000      0.00000000
    20.77310000      0.04142770      0.03099856      0.02389887      0.04809919      0.00000000      0.00000000
    20.80040000      0.04262167      0.03103006      0.02392328      0.04816240      0.00000000      0.00000000
    20.82780000      0.04382078      0.02991126      0.02394780      0.06353938      0.00000000      0.00000000
    20.85510000      0.04502214      0.02994156      0.02397358      0.06362267      0.00000000      0.00000000
    20.88240000      0.04622595      0.02997185      0.02399796      0.07958654      0.00000000      0.00000000
    20.90980000      0.04743527      0.02885005      0.02402383      0.07969097      0.00000000      0.00000000
    20.93710000      0.04748870      0.02887914      0.02404959      0.07979501      0.00000000      0.00000000
    20.96440000      0.04754211      0.02890822      0.02407393      0.07901186      0.00000000      0.00000000
    20.99180000      0.04759573      0.02893914      0.02409977      0.09487442      0.00000000      0.00000000
    21.01910000      0.04764911      0.02896819      0.02412549      0.09396841      0.00000000      0.00000000
    21.04640000      0.04654177      0.02783899      0.02300114      0.09409046      0.00000000      0.00000000
    21.07380000      0.04542919      0.02786698      0.02302573      0.07856129      0.00000000      0.00000000
    21.10110000      0.04431377      0.02789648      0.02305019      0.07782652      0.00000000      0.00000000
    21.12840000      0.04202829      0.02676238      0.02192091      0.07792720      0.00000000      0.00000000
    21.15580000      0.03856672      0.02678917      0.02194297      0.07802826      0.00000000      0.00000000
    21.18310000      0.03743739      0.02565143      0.02196618      0.06188225      0.00000000      0.00000000
    21.21040000      0.03513235      0.02567690      0.02083084      0.06196200      0.00000000      0.00000000
    21.23780000      0.03282281      0.02453564      0.02085290      0.04654914      0.00000000      0.00000000
    21.26510000      0.03168184      0.02455994      0.02087487      0.04660897      0.00000000      0.00000000
    21.29240000      0.03054036      0.02341493      0.02089682      0.04716168      0.00000000      0.00000000
    21.31980000      0.02939480      0.02343953      0.02091765      0.03149047      0.00000000      0.00000000
    21.34710000      0.02824677      0.02228951      0.02093958      0.03153079      0.00000000      0.00000000
    21.37440000      0.02709642      0.02231144      0.02096151      0.03157112      0.00000000      0.00000000
    21.40180000      0.02594386      0.02233479      0.01981777      0.03161159      0.00000000      0.00000000
    21.42910000      0.02478885      0.02118004      0.01983846      0.01599973      0.00000000      0.00000000
    21.45640000      0.02481456      0.02120203      0.01985914      0.01602011      0.00000000      0.00000000
    21.48380000      0.02365610      0.02122288      0.01987991      0.01604057      0.00000000      0.00000000
    21.51110000      0.02367916      0.02124486      0.01990057      0.01606095      0.00000000      0.00000000
    21.53840000      0.02370222      0.02126683      0.01992123      0.01625899      0.00000000      0.00000000
    21.56580000      0.02254043      0.02010499      0.01994197      0.01627967      0.00000000      0.00000000
    21.59310000      0.02256231      0.02012572      0.01996261      0.01630028      0.00000000      0.00000000
    21.62040000      0.02258551      0.02014645      0.01880884      0.01632089      0.00000000      0.00000000
    21.64780000      0.02260747      0.02016725      0.01882834      0.01634157      0.00000000      0.00000000
    21.67510000      0.02143957      0.02018678      0.01884774      0.01636218      0.00000000      0.00000000
    21.70240000      0.02146025      0.02020747      0.01886713      0.01656787      0.00000000      0.00000000
    21.72980000      0.02148229      0.01903836      0.01888660      0.01658878      0.00000000      0.00000000
    21.75710000      0.02030955      0.01905782      0.01772436      0.01660963      0.00000000      0.00000000
    21.78440000      0.02032906      0.01907728      0.01774252      0.01663047      0.00000000      0.00000000
    21.81180000      0.02034984      0.01909681      0.01776177      0.00000000      0.00000000      0.00000000
    21.83910000      0.02037053      0.01911513      0.01777992      0.00000000      0.00000000      0.00000000
    21.86640000      0.02039001      0.01913456      0.01779805      0.00000000      0.00000000      0.00000000
    21.89380000      0.02041077      0.01795694      0.01781627      0.00000000      0.00000000      0.00000000
    21.92110000      0.02043143      0.01797514      0.01664543      0.00000000      0.00000000      0.00000000
    21.94840000      0.01924902      0.01799334      0.01666329      0.00000000      0.00000000      0.00000000
    21.97570000      0.01926845      0.01801152      0.01668019      0.00000000      0.00000000      0.00000000
    22.00310000      0.01928683      0.01802978      0.01669716      0.00000000      0.00000000      0.00000000
    22.03040000      0.01930624      0.01804795      0.01671405      0.00000000      0.00000000      0.00000000
    22.05770000      0.01932564      0.01806612      0.01673189      0.00000000      0.00000000      0.00000000
    22.08510000      0.01934513      0.01808540      0.01674884      0.00000000      0.00000000      0.00000000
    22.11240000      0.01936452      0.01810355      0.01676667      0.00000000      0.00000000      0.00000000
    22.13970000      0.01938389      0.01812169      0.01678353      0.00000000      0.00000000      0.00000000
    22.16710000      0.01940335      0.01693058      0.01680046      0.00000000      0.00000000      0.00000000
    22.19440000      0.01942385      0.01694750      0.01681827      0.00000000      0.00000000      0.00000000
    22.22170000      0.01944321      0.01696441      0.01563260      0.00000000      0.00000000      0.00000000
    22.24910000      0.01824623      0.01698238      0.01564920      0.00000000      0.00000000      0.00000000
    22.27640000      0.01826436      0.01699927      0.01566482      0.00000000      0.00000000      0.00000000
    22.30370000      0.01828248      0.01701617      0.01568134      0.00000000      0.00000000      0.00000000
    22.33110000      0.01830068      0.01703313      0.01569702      0.00000000      0.00000000      0.00000000
    22.35840000      0.01831986      0.01705099      0.01571352      0.00000000      0.00000000      0.00000000
    22.38570000      0.01833796      0.01706786      0.01572913      0.00000000      0.00000000      0.00000000
    22.41310000      0.01835614      0.01708480      0.01574569      0.00000000      0.00000000      0.00000000
    22.44040000      0.01837422      0.01710166      0.01576128      0.00000000      0.00000000      0.00000000
    22.46770000      0.01716715      0.01589667      0.01577776      0.00000000      0.00000000      0.00000000
    22.49510000      0.01718409      0.01591238      0.01579431      0.00000000      0.00000000      0.00000000
    22.52240000      0.01720095      0.01592894      0.01459373      0.00000000      0.00000000      0.00000000
    22.54970000      0.01721781      0.01594457      0.01460893      0.00000000      0.00000000      0.00000000
    22.57710000      0.01723573      0.01596026      0.01462419      0.00000000      0.00000000      0.00000000
    22.60440000      0.01725257      0.01597679      0.01463855      0.00000000      0.00000000      0.00000000
    22.63170000      0.01726941      0.01599240      0.01465373      0.00000000      0.00000000      0.00000000
    22.65910000      0.01605250      0.01600900      0.01466897      0.00000000      0.00000000      0.00000000
    22.68640000      0.01606812      0.01602460      0.01468332      0.00000000      0.00000000      0.00000000
    22.71370000      0.01608374      0.01604111      0.01469848      0.00000000      0.00000000      0.00000000
    22.74110000      0.01610034      0.01605677      0.01471371      0.00000000      0.00000000      0.00000000
    22.76840000      0.01611595      0.01607327      0.01472804      0.00000000      0.00000000      0.00000000
    22.79570000      0.01613247      0.01608884      0.01474319      0.00000000      0.00000000      0.00000000
    22.82310000      0.01614813      0.01610540      0.01475841      0.00000000      0.00000000      0.00000000
    22.85040000      0.01616465      0.01612096      0.01477355      0.00000000      0.00000000      0.00000000
    22.87770000      0.01618022      0.01489610      0.01478869      0.00000000      0.00000000      0.00000000
    22.90510000      0.01619680      0.01491138      0.01480305      0.00000000      0.00000000      0.00000000
    22.93240000      0.01621236      0.01492572      0.01481818      0.00000000      0.00000000      0.00000000
    22.95970000      0.01622886      0.01494092      0.01359720      0.00000000      0.00000000      0.00000000
    22.98710000      0.01624448      0.01495532      0.01361112      0.00000000      0.00000000      0.00000000
    23.01440000      0.01626096      0.01497051      0.01362497      0.00000000      0.00000000      0.00000000
    23.04170000      0.01627650      0.01498569      0.01363883      0.00000000      0.00000000      0.00000000
    23.06910000      0.01503973      0.01500094      0.01365273      0.00000000      0.00000000      0.00000000
    23.09640000      0.01505407      0.01501525      0.01366658      0.00000000      0.00000000      0.00000000
    23.12370000      0.01506926      0.01503042      0.01368041      0.00000000      0.00000000      0.00000000
    23.15110000      0.01508451      0.01504565      0.01369431      0.00000000      0.00000000      0.00000000
    23.17840000      0.01509883      0.01505995      0.01370814      0.00000000      0.00000000      0.00000000
    23.20570000      0.01511401      0.01507510      0.01372196      0.00000000      0.00000000      0.00000000
    23.23310000      0.01512925      0.01509031      0.01373585      0.00000000      0.00000000      0.00000000
    23.26040000      0.01514355      0.01510546      0.01374966      0.00000000      0.00000000      0.00000000
    23.28770000      0.01515871      0.01512060      0.01376348      0.00000000      0.00000000      0.00000000
    23.31510000      0.01517394      0.01513493      0.01377734      0.00000000      0.00000000      0.00000000
    23.34240000      0.01518909      0.01515006      0.01379115      0.00000000      0.00000000      0.00000000
    23.36970000      0.01520337      0.01516518      0.01380495      0.00000000      0.00000000      0.00000000
    23.39710000      0.01521858      0.01391534      0.01381880      0.00000000      0.00000000      0.00000000
    23.42440000      0.01523372      0.01392919      0.01383260      0.00000000      0.00000000      0.00000000
    23.45170000      0.01524885      0.01394304      0.01384638      0.00000000      0.00000000      0.00000000
    23.47910000      0.01526318      0.01395695      0.01386023      0.00000000      0.00000000      0.00000000
    23.50640000      0.01527830      0.01397000      0.01261273      0.00000000      0.00000000      0.00000000
    23.53370000      0.01529342      0.01398383      0.01262525      0.00000000      0.00000000      0.00000000
    23.56110000      0.01530860      0.01399773      0.01263854      0.00000000      0.00000000      0.00000000
    23.58840000      0.01404674      0.01401156      0.01265105      0.00000000      0.00000000      0.00000000
    23.61570000      0.01406058      0.01402538      0.01266356      0.00000000      0.00000000      0.00000000
    23.64310000      0.01407449      0.01403926      0.01267612      0.00000000      0.00000000      0.00000000
    23.67040000      0.01408752      0.01405308      0.01268863      0.00000000      0.00000000      0.00000000
    23.69770000      0.01410135      0.01406689      0.01270184      0.00000000      0.00000000      0.00000000
    23.72510000      0.01411524      0.01408075      0.01271439      0.00000000      0.00000000      0.00000000
    23.75240000      0.01412907      0.01409456      0.01272688      0.00000000      0.00000000      0.00000000
    23.77970000      0.01414289      0.01410836      0.01273937      0.00000000      0.00000000      0.00000000
    23.80710000      0.01415676      0.01412221      0.01275191      0.00000000      0.00000000      0.00000000
    23.83440000      0.01417058      0.01413600      0.01276510      0.00000000      0.00000000      0.00000000
    23.86170000      0.01418438      0.01414978      0.01277758      0.00000000      0.00000000      0.00000000
    23.88910000      0.01419825      0.01416363      0.01279011      0.00000000      0.00000000      0.00000000
    23.91640000      0.01421205      0.01417821      0.01280329      0.00000000      0.00000000      0.00000000
    23.94370000      0.01422584      0.01419198      0.01281576      0.00000000      0.00000000      0.00000000
    23.97110000      0.01423969      0.01420581      0.01282828      0.00000000      0.00000000      0.00000000
    23.99840000      0.01425348      0.01421957      0.01284145      0.00000000      0.00000000      0.00000000
    24.02570000      0.01426726      0.01293939      0.01285391      0.00000000      0.00000000      0.00000000
    24.05310000      0.01428110      0.01295195      0.01286641      0.00000000      0.00000000      0.00000000
    24.08040000      0.01429487      0.01296446      0.01287958      0.00000000      0.00000000      0.00000000
    24.10770000      0.01430864      0.01297695      0.01289202      0.00000000      0.00000000      0.00000000
    24.13510000      0.01432327      0.01299023      0.01290452      0.00000000      0.00000000      0.00000000
    24.16240000      0.01433704      0.01300273      0.01162591      0.00000000      0.00000000      0.00000000
    24.18970000      0.01435079      0.01301521      0.01163710      0.00000000      0.00000000      0.00000000
    24.21710000      0.01305873      0.01302775      0.01164898      0.00000000      0.00000000      0.00000000
    24.24440000      0.01307123      0.01304023      0.01166017      0.00000000      0.00000000      0.00000000
    24.27170000      0.01308372      0.01305344      0.01167200      0.00000000      0.00000000      0.00000000
    24.29910000      0.01309627      0.01306597      0.01168322      0.00000000      0.00000000      0.00000000
    24.32640000      0.01310950      0.01307843      0.01169440      0.00000000      0.00000000      0.00000000
    24.35370000      0.01312198      0.01309090      0.01170622      0.00000000      0.00000000      0.00000000
    24.38110000      0.01313451      0.01310415      0.01171743      0.00000000      0.00000000      0.00000000
    24.40840000      0.01314699      0.01311661      0.01172925      0.00000000      0.00000000      0.00000000
    24.43570000      0.01315946      0.01312906      0.01174041      0.00000000      0.00000000      0.00000000
    24.46310000      0.01317273      0.01314230      0.01175227      0.00000000      0.00000000      0.00000000
    24.49040000      0.01318519      0.01315475      0.01176343      0.00000000      0.00000000      0.00000000
    24.51770000      0.01319765      0.01316719      0.01177523      0.00000000      0.00000000      0.00000000
    24.54510000      0.01321016      0.01318042      0.01178643      0.00000000      0.00000000      0.00000000
    24.57240000      0.01322336      0.01319286      0.01179823      0.00000000      0.00000000      0.00000000
    24.59970000      0.01323581      0.01320529      0.01181002      0.00000000      0.00000000      0.00000000
    24.62710000      0.01324831      0.01321851      0.01182121      0.00000000      0.00000000      0.00000000
    24.65440000      0.01326150      0.01323094      0.01183300      0.00000000      0.00000000      0.00000000
    24.68170000      0.01327394      0.01324336      0.01184414      0.00000000      0.00000000      0.00000000
    24.70910000      0.01328643      0.01325657      0.01185597      0.00000000      0.00000000      0.00000000
    24.73640000      0.01329886      0.01194209      0.01186710      0.00000000      0.00000000      0.00000000
    24.76370000      0.01331204      0.01195392      0.01187888      0.00000000      0.00000000      0.00000000
    24.79110000      0.01332451      0.01196514      0.01189070      0.00000000      0.00000000      0.00000000
    24.81840000      0.01333768      0.01197697      0.01190182      0.00000000      0.00000000      0.00000000
    24.84570000      0.01335010      0.01198813      0.01191359      0.00000000      0.00000000      0.00000000
    24.87300000      0.01336251      0.01199929      0.01192537      0.00000000      0.00000000      0.00000000
    24.90040000      0.01337573      0.01201116      0.01193652      0.00000000      0.00000000      0.00000000
    24.92770000      0.01204932      0.01202231      0.01194829      0.00000000      0.00000000      0.00000000
    24.95500000      0.01206048      0.01203413      0.01063115      0.00000000      0.00000000      0.00000000
    24.98240000      0.01207237      0.01204532      0.01064106      0.00000000      0.00000000      0.00000000
    25.00970000      0.01208352      0.01205713      0.01065151      0.00000000      0.00000000      0.00000000
    25.03700000      0.01209535      0.01206827      0.01066196      0.00000000      0.00000000      0.00000000
    25.06440000      0.01210655      0.01208012      0.01067186      0.00000000      0.00000000      0.00000000
    25.09170000      0.01211838      0.01209125      0.01068231      0.00000000      0.00000000      0.00000000
    25.11900000      0.01212952      0.01210306      0.01069275      0.00000000      0.00000000      0.00000000
    25.14640000      0.01214139      0.01211490      0.01070323      0.00000000      0.00000000      0.00000000
    25.17370000      0.01215252      0.01212602      0.01071308      0.00000000      0.00000000      0.00000000
    25.20100000      0.01216434      0.01213782      0.01072351      0.00000000      0.00000000      0.00000000
    25.22840000      0.01217551      0.01214898      0.01073399      0.00000000      0.00000000      0.00000000
    25.25570000      0.01218732      0.01216077      0.01074442      0.00000000      0.00000000      0.00000000
    25.28300000      0.01219845      0.01217188      0.01075425      0.00000000      0.00000000      0.00000000
    25.31040000      0.01221030      0.01218371      0.01076472      0.00000000      0.00000000      0.00000000
    25.33770000      0.01222141      0.01219549      0.01077514      0.00000000      0.00000000      0.00000000
    25.36500000      0.01223321      0.01220659      0.01078557      0.00000000      0.00000000      0.00000000
    25.39240000      0.01224437      0.01221841      0.01079603      0.00000000      0.00000000      0.00000000
    25.41970000      0.01225616      0.01222950      0.01080644      0.00000000      0.00000000      0.00000000
    25.44700000      0.01226727      0.01224127      0.01081626      0.00000000      0.00000000      0.00000000
    25.47440000      0.01227910      0.01225309      0.01082672      0.00000000      0.00000000      0.00000000
    25.50170000      0.01229089      0.01226417      0.01083713      0.00000000      0.00000000      0.00000000
    25.52900000      0.01230198      0.01227594      0.01084754      0.00000000      0.00000000      0.00000000
    25.55640000      0.01231381      0.01092244      0.01085798      0.00000000      0.00000000      0.00000000
    25.58370000      0.01232490      0.01093228      0.01086839      0.00000000      0.00000000      0.00000000
    25.61100000      0.01233667      0.01094273      0.01087879      0.00000000      0.00000000      0.00000000
    25.63840000      0.01234849      0.01095322      0.01088863      0.00000000      0.00000000      0.00000000
    25.66570000      0.01235957      0.01096366      0.01089903      0.00000000      0.00000000      0.00000000
    25.69300000      0.01237133      0.01097350      0.01090942      0.00000000      0.00000000      0.00000000
    25.72040000      0.01238314      0.01098398      0.01091986      0.00000000      0.00000000      0.00000000
    25.74770000      0.01239421      0.01099441      0.01093025      0.00000000      0.00000000      0.00000000
    25.77500000      0.01102753      0.01100485      0.01094064      0.00000000      0.00000000      0.00000000
    25.80240000      0.01103802      0.01101471      0.01095107      0.00000000      0.00000000      0.00000000
    25.82970000      0.01104785      0.01102514      0.01096145      0.00000000      0.00000000      0.00000000
    25.85700000      0.01105830      0.01103557      0.00960035      0.00000000      0.00000000      0.00000000
    25.88440000      0.01106878      0.01104604      0.00960947      0.00000000      0.00000000      0.00000000
    25.91170000      0.01107860      0.01105585      0.00961855      0.00000000      0.00000000      0.00000000
    25.93900000      0.01108904      0.01106627      0.00962763      0.00000000      0.00000000      0.00000000
    25.96640000      0.01109952      0.01107673      0.00963674      0.00000000      0.00000000      0.00000000
    25.99370000      0.01110995      0.01108715      0.00964582      0.00000000      0.00000000      0.00000000
    26.02100000      0.01111976      0.01109756      0.00965489      0.00000000      0.00000000      0.00000000
    26.04840000      0.01113024      0.01110740      0.00966400      0.00000000      0.00000000      0.00000000
    26.07570000      0.01114066      0.01111781      0.00967307      0.00000000      0.00000000      0.00000000
    26.10300000      0.01115109      0.01112822      0.00968213      0.00000000      0.00000000      0.00000000
    26.13040000      0.01116093      0.01113867      0.00969124      0.00000000      0.00000000      0.00000000
    26.15770000      0.01117135      0.01114907      0.00970030      0.00000000      0.00000000      0.00000000
    26.18500000      0.01118176      0.01115947      0.00970936      0.00000000      0.00000000      0.00000000
    26.21240000      0.01119222      0.01116929      0.00971846      0.00000000      0.00000000      0.00000000
    26.23970000      0.01120263      0.01117969      0.00972752      0.00000000      0.00000000      0.00000000
    26.26700000      0.01121242      0.01119008      0.00973657      0.00000000      0.00000000      0.00000000
    26.29440000      0.01122287      0.01120052      0.00974566      0.00000000      0.00000000      0.00000000
    26.32170000      0.01123328      0.01121091      0.00975472      0.00000000      0.00000000      0.00000000
    26.34900000      0.01124368      0.01122130      0.00976377      0.00000000      0.00000000      0.00000000
    26.37640000      0.01125412      0.01123172      0.00977285      0.00000000      0.00000000      0.00000000
    26.40370000      0.01126452      0.01124211      0.00978190      0.00000000      0.00000000      0.00000000
    26.43100000      0.01127492      0.01125249      0.00979094      0.00000000      0.00000000      0.00000000
    26.45840000      0.01128473      0.01126291      0.00980002      0.00000000      0.00000000      0.00000000
    26.48570000      0.01129512      0.01127266      0.00980960      0.00000000      0.00000000      0.00000000
    26.51300000      0.01130551      0.01128304      0.00981864      0.00000000      0.00000000      0.00000000
    26.54040000      0.01131594      0.00988177      0.00982771      0.00000000      0.00000000      0.00000000
    26.56770000      0.01132633      0.00989084      0.00983675      0.00000000      0.00000000      0.00000000
    26.59500000      0.01133671      0.00989992      0.00984578      0.00000000      0.00000000      0.00000000
    26.62240000      0.01134714      0.00990902      0.00985485      0.00000000      0.00000000      0.00000000
    26.64970000      0.01135752      0.00991809      0.00986388      0.00000000      0.00000000      0.00000000
    26.67700000      0.01136789      0.00992716      0.00987291      0.00000000      0.00000000      0.00000000
    26.70440000      0.01137768      0.00993626      0.00988251      0.00000000      0.00000000      0.00000000
    26.73170000      0.01138805      0.00994532      0.00989154      0.00000000      0.00000000      0.00000000
    26.75900000      0.01139842      0.00995438      0.00990056      0.00000000      0.00000000      0.00000000
    26.78640000      0.00998273      0.00996348      0.00990962      0.00000000      0.00000000      0.00000000
    26.81370000      0.00999180      0.00997253      0.00991864      0.00000000      0.00000000      0.00000000
    26.84100000      0.01000087      0.00998159      0.00992820      0.00000000      0.00000000      0.00000000
    26.86840000      0.01000997      0.00999068      0.00993725      0.00000000      0.00000000      0.00000000
    26.89570000      0.01001903      0.00999973      0.00994626      0.00000000      0.00000000      0.00000000
    26.92300000      0.01002810      0.01000878      0.00995528      0.00000000      0.00000000      0.00000000
    26.95040000      0.01003719      0.01001786      0.00996432      0.00000000      0.00000000      0.00000000
    26.97770000      0.01004625      0.01002691      0.00854904      0.00000000      0.00000000      0.00000000
    27.00500000      0.01005531      0.01003650      0.00855676      0.00000000      0.00000000      0.00000000
    27.03240000      0.01006440      0.01004558      0.00856451      0.00000000      0.00000000      0.00000000
    27.05970000      0.01007345      0.01005462      0.00857222      0.00000000      0.00000000      0.00000000
    27.08700000      0.01008251      0.01006366      0.00858041      0.00000000      0.00000000      0.00000000
    27.11440000      0.01009159      0.01007273      0.00858815      0.00000000      0.00000000      0.00000000
    27.14170000      0.01010064      0.01008177      0.00859586      0.00000000      0.00000000      0.00000000
    27.16900000      0.01010968      0.01009080      0.00860358      0.00000000      0.00000000      0.00000000
    27.19640000      0.01011877      0.01009987      0.00861179      0.00000000      0.00000000      0.00000000
    27.22370000      0.01012781      0.01010890      0.00861949      0.00000000      0.00000000      0.00000000
    27.25100000      0.01013685      0.01011793      0.00862720      0.00000000      0.00000000      0.00000000
    27.27840000      0.01014648      0.01012754      0.00863494      0.00000000      0.00000000      0.00000000
    27.30570000      0.01015552      0.01013657      0.00864311      0.00000000      0.00000000      0.00000000
