0.0000 0.0000 0.0000 0.0000 0.0000 0.0000 0.0000
0.0273 0.0034 0.0030 0.0003 -0.0000 -0.0000 -0.0000
0.0547 0.0068 0.0061 0.0007 -0.0000 -0.0000 -0.0000
0.0820 0.0102 0.0091 0.0010 -0.0001 -0.0000 -0.0000
0.1093 0.0136 0.0122 0.0013 -0.0001 -0.0000 -0.0000
0.1367 0.0170 0.0153 0.0016 -0.0001 -0.0000 -0.0000
0.1640 0.0205 0.0184 0.0020 -0.0001 -0.0000 -0.0000
0.1913 0.0240 0.0215 0.0023 -0.0001 -0.0000 -0.0000
0.2187 0.0275 0.0248 0.0026 -0.0001 -0.0000 -0.0000
0.2460 0.0311 0.0280 0.0030 -0.0002 -0.0000 -0.0000
0.2733 0.0348 0.0313 0.0033 -0.0002 -0.0000 -0.0000
0.3007 0.0385 0.0347 0.0036 -0.0002 -0.0000 -0.0000
0.3280 0.0423 0.0382 0.0040 -0.0002 -0.0000 -0.0000
0.3553 0.0462 0.0417 0.0043 -0.0002 -0.0000 -0.0000
0.3827 0.0501 0.0454 0.0047 -0.0002 -0.0000 -0.0000
0.4100 0.0542 0.0491 0.0051 -0.0002 -0.0000 -0.0000
0.4373 0.0583 0.0530 0.0054 -0.0002 -0.0000 -0.0000
0.4647 0.0626 0.0570 0.0058 -0.0001 -0.0000 -0.0000
0.4920 0.0670 0.0611 0.0062 -0.0001 -0.0000 -0.0000
0.5193 0.0716 0.0654 0.0066 -0.0001 -0.0000 -0.0000
0.5467 0.0763 0.0698 0.0069 -0.0001 -0.0000 -0.0000
0.5740 0.0812 0.0745 0.0074 -0.0000 -0.0000 -0.0000
0.6013 0.0862 0.0793 0.0078 0.0000 -0.0000 -0.0000
0.6287 0.0915 0.0844 0.0082 0.0001 -0.0000 -0.0000
0.6560 0.0970 0.0898 0.0086 0.0002 -0.0000 -0.0000
0.6833 0.1027 0.0954 0.0091 0.0003 -0.0000 -0.0000
0.7107 0.1086 0.1013 0.0095 0.0004 -0.0000 -0.0000
0.7380 0.1149 0.1075 0.0100 0.0005 -0.0000 -0.0000
0.7653 0.1215 0.1141 0.0105 0.0007 -0.0000 -0.0000
0.7927 0.1284 0.1212 0.0110 0.0008 -0.0000 -0.0000
0.8200 0.1357 0.1287 0.0115 0.0010 -0.0000 -0.0000
0.8473 0.1434 0.1367 0.0121 0.0013 -0.0000 -0.0000
0.8747 0.1516 0.1453 0.0127 0.0015 -0.0000 -0.0000
0.9020 0.1603 0.1545 0.0133 0.0018 -0.0000 -0.0000
0.9293 0.1695 0.1644 0.0140 0.0022 -0.0000 -0.0000
0.9567 0.1794 0.1752 0.0147 0.0026 -0.0000 -0.0000
0.9840 0.1900 0.1869 0.0155 0.0030 -0.0000 -0.0000
1.0113 0.2014 0.1997 0.0164 0.0035 -0.0000 -0.0000
1.0387 0.2136 0.2137 0.0174 0.0042 -0.0000 -0.0000
1.0660 0.2269 0.2291 0.0185 0.0049 -0.0000 -0.0000
1.0933 0.2412 0.2462 0.0197 0.0057 -0.0000 -0.0000
1.1207 0.2569 0.2652 0.0211 0.0066 -0.0000 -0.0000
1.1480 0.2740 0.2865 0.0225 0.0077 -0.0000 -0.0000
1.1753 0.2929 0.3105 0.0239 0.0090 -0.0000 -0.0000
1.2027 0.3137 0.3378 0.0252 0.0105 -0.0000 -0.0000
1.2300 0.3368 0.3691 0.0265 0.0122 -0.0000 -0.0000
1.2573 0.3627 0.4053 0.0278 0.0143 -0.0000 -0.0000
1.2847 0.3918 0.4474 0.0291 0.0168 -0.0000 -0.0000
1.3120 0.4248 0.4969 0.0304 0.0199 -0.0000 -0.0000
1.3393 0.4623 0.5553 0.0319 0.0240 -0.0000 -0.0000
1.3667 0.5056 0.6249 0.0334 0.0293 -0.0000 -0.0000
1.3940 0.5559 0.7087 0.0350 0.0365 -0.0000 -0.0000
1.4213 0.6150 0.8105 0.0368 0.0461 -0.0000 -0.0000
1.4487 0.6854 0.9358 0.0388 0.0591 -0.0000 -0.0000
1.4760 0.7705 1.0924 0.0410 0.0768 -0.0000 -0.0000
1.5033 0.8748 1.2901 0.0435 0.1007 -0.0000 -0.0000
1.5306 1.0038 1.5404 0.0465 0.1322 -0.0000 -0.0000
1.5580 1.1639 1.8534 0.0499 0.1716 -0.0000 -0.0000
1.5853 1.3616 2.2334 0.0539 0.2175 -0.0000 -0.0000
1.6126 1.6034 2.6764 0.0586 0.2671 -0.0000 -0.0000
1.6400 1.8935 3.1680 0.0641 0.3168 -0.0000 -0.0000
1.6673 2.2305 3.6810 0.0704 0.3621 -0.0000 -0.0000
1.6946 2.6054 4.1759 0.0776 0.3984 -0.0000 -0.0000
1.7220 3.0077 4.6133 0.0859 0.4245 -0.0000 -0.0000
1.7493 3.4367 4.9792 0.0953 0.4418 -0.0000 -0.0000
1.7766 3.9033 5.2986 0.1057 0.4490 -0.0000 -0.0000
1.8040 4.4186 5.6024 0.1175 0.4425 -0.0000 -0.0000
1.8313 4.9806 5.8728 0.1302 0.4199 -0.0000 -0.0000
1.8586 5.5608 6.0352 0.1433 0.3816 -0.0000 -0.0000
1.8860 6.0914 6.0285 0.1558 0.3310 -0.0000 -0.0000
1.9133 6.4852 5.8640 0.1670 0.2748 -0.0000 -0.0000
1.9406 6.7042 5.5993 0.1766 0.2168 -0.0000 -0.0000
1.9680 6.7935 5.2879 0.1848 0.1567 -0.0000 -0.0000
1.9953 6.8226 4.9624 0.1924 0.0922 -0.0000 -0.0000
2.0226 6.8260 4.6446 0.2002 0.0229 -0.0000 -0.0000
2.0500 6.8085 4.3559 0.2094 -0.0473 -0.0000 -0.0000
2.0773 6.7736 4.1133 0.2211 -0.1128 -0.0000 -0.0000
2.1046 6.7287 3.9227 0.2359 -0.1692 -0.0000 -0.0000
2.1320 6.6746 3.7782 0.2542 -0.2143 0.0000 -0.0000
2.1593 6.6036 3.6649 0.2754 -0.2475 0.0000 -0.0000
2.1866 6.5100 3.5661 0.2984 -0.2689 0.0000 -0.0000
2.2140 6.3979 3.4725 0.3216 -0.2799 0.0000 -0.0000
2.2413 6.2749 3.3824 0.3435 -0.2837 0.0000 -0.0000
2.2686 6.1420 3.2967 0.3626 -0.2872 0.0000 -0.0000
2.2960 5.9955 3.2182 0.3782 -0.2992 0.0000 -0.0000
2.3233 5.8430 3.1533 0.3912 -0.3247 0.0000 -0.0000
2.3506 5.7074 3.1124 0.4039 -0.3617 0.0000 -0.0000
2.3780 5.6079 3.1038 0.4181 -0.4074 0.0000 -0.0000
2.4053 5.5476 3.1305 0.4337 -0.4632 0.0000 -0.0000
2.4326 5.5197 3.1932 0.4502 -0.5324 0.0000 -0.0000
2.4600 5.5174 3.2913 0.4670 -0.6167 0.0000 -0.0000
2.4873 5.5367 3.4182 0.4843 -0.7136 0.0000 -0.0000
2.5146 5.5736 3.5547 0.5030 -0.8135 0.0000 -0.0000
2.5420 5.6221 3.6737 0.5239 -0.9029 0.0000 -0.0000
2.5693 5.6794 3.7617 0.5476 -0.9752 0.0000 -0.0000
2.5966 5.7479 3.8300 0.5734 -1.0350 0.0000 -0.0000
2.6240 5.8237 3.8964 0.5991 -1.0870 0.0000 -0.0000
2.6513 5.8873 3.9656 0.6214 -1.1285 0.0000 -0.0000
2.6786 5.9187 4.0287 0.6382 -1.1515 0.0000 -0.0000
2.7060 5.9182 4.0712 0.6499 -1.1487 0.0000 -0.0000
2.7333 5.9028 4.0809 0.6588 -1.1195 0.0000 -0.0000
2.7606 5.8869 4.0524 0.6659 -1.0703 0.0000 -0.0000
2.7880 5.8711 3.9842 0.6706 -1.0102 0.0000 -0.0000
2.8153 5.8504 3.8783 0.6704 -0.9462 0.0000 -0.0000
2.8426 5.8299 3.7454 0.6632 -0.8828 0.0000 -0.0000
2.8700 5.8237 3.6029 0.6487 -0.8223 0.0000 -0.0000
2.8973 5.8414 3.4664 0.6281 -0.7644 0.0000 -0.0000
2.9246 5.8761 3.3451 0.6030 -0.7072 0.0000 -0.0000
2.9520 5.9028 3.2423 0.5747 -0.6467 0.0000 -0.0000
2.9793 5.8850 3.1584 0.5441 -0.5774 0.0000 -0.0000
3.0066 5.7910 3.0941 0.5124 -0.4942 0.0000 -0.0000
3.0340 5.6168 3.0532 0.4820 -0.3983 0.0000 -0.0000
3.0613 5.3928 3.0428 0.4549 -0.2966 0.0000 -0.0000
3.0886 5.1625 3.0682 0.4324 -0.1985 -0.0000 -0.0000
3.1160 4.9564 3.1247 0.4140 -0.1125 -0.0000 -0.0000
3.1433 4.7874 3.1944 0.3987 -0.0484 -0.0000 -0.0000
3.1706 4.6607 3.2619 0.3858 -0.0146 -0.0000 -0.0000
3.1980 4.5765 3.3294 0.3756 -0.0122 -0.0000 -0.0000
3.2253 4.5227 3.4050 0.3685 -0.0362 -0.0000 -0.0000
3.2526 4.4794 3.4895 0.3650 -0.0795 -0.0000 -0.0000
3.2800 4.4341 3.5779 0.3654 -0.1345 -0.0000 -0.0000
3.3073 4.3845 3.6629 0.3696 -0.1933 -0.0000 -0.0000
3.3346 4.3302 3.7350 0.3771 -0.2466 0.0000 -0.0000
3.3620 4.2683 3.7820 0.3868 -0.2858 0.0000 -0.0000
3.3893 4.1962 3.7942 0.3973 -0.3057 0.0000 -0.0000
3.4166 4.1175 3.7695 0.4075 -0.3073 0.0000 -0.0000
3.4440 4.0429 3.7167 0.4170 -0.2979 0.0000 -0.0000
3.4713 3.9855 3.6494 0.4265 -0.2878 0.0000 -0.0000
3.4986 3.9573 3.5761 0.4368 -0.2851 0.0000 -0.0000
3.5260 3.9688 3.5031 0.4477 -0.2934 0.0000 -0.0000
3.5533 4.0315 3.4433 0.4585 -0.3136 0.0000 -0.0000
3.5806 4.1596 3.4119 0.4682 -0.3448 0.0000 -0.0000
3.6080 4.3705 3.4185 0.4763 -0.3867 0.0000 -0.0000
3.6353 4.6802 3.4652 0.4835 -0.4398 0.0000 -0.0000
3.6626 5.0886 3.5447 0.4919 -0.5053 0.0000 -0.0000
3.6900 5.5581 3.6406 0.5034 -0.5796 0.0000 -0.0000
3.7173 6.0004 3.7349 0.5177 -0.6477 0.0000 -0.0000
3.7446 6.2916 3.8155 0.5329 -0.6808 0.0000 -0.0000
3.7720 6.3517 3.8786 0.5471 -0.6575 0.0000 -0.0000
3.7993 6.2272 3.9303 0.5590 -0.5882 0.0000 -0.0000
3.8266 6.0339 3.9793 0.5685 -0.5035 0.0000 -0.0000
3.8540 5.8530 4.0289 0.5749 -0.4267 0.0000 -0.0000
3.8813 5.7069 4.0729 0.5781 -0.3644 0.0000 -0.0000
3.9086 5.5840 4.1008 0.5787 -0.3112 -0.0000 -0.0000
3.9360 5.4639 4.1040 0.5780 -0.2601 -0.0000 -0.0000
3.9633 5.3327 4.0806 0.5774 -0.2101 -0.0000 -0.0000
3.9906 5.1897 4.0376 0.5779 -0.1643 -0.0000 -0.0000
4.0180 5.0461 3.9878 0.5796 -0.1242 -0.0000 -0.0000
4.0453 4.9153 3.9410 0.5825 -0.0904 -0.0000 -0.0000
4.0726 4.8054 3.9007 0.5864 -0.0636 -0.0000 -0.0000
4.1000 4.7166 3.8663 0.5916 -0.0451 -0.0000 -0.0000
4.1273 4.6424 3.8368 0.5986 -0.0337 -0.0000 -0.0000
4.1546 4.5745 3.8118 0.6074 -0.0254 -0.0000 -0.0000
4.1820 4.5061 3.7922 0.6188 -0.0155 -0.0000 -0.0000
4.2093 4.4342 3.7796 0.6337 -0.0026 -0.0000 -0.0000
4.2366 4.3600 3.7746 0.6527 0.0101 -0.0000 -0.0000
4.2640 4.2872 3.7762 0.6759 0.0204 -0.0000 -0.0000
4.2913 4.2218 3.7814 0.7029 0.0290 -0.0000 -0.0000
4.3186 4.1695 3.7856 0.7338 0.0380 -0.0000 -0.0000
4.3460 4.1328 3.7844 0.7697 0.0488 -0.0000 -0.0000
4.3733 4.1117 3.7764 0.8117 0.0611 -0.0000 -0.0000
4.4006 4.1068 3.7630 0.8599 0.0737 -0.0000 -0.0000
4.4279 4.1194 3.7471 0.9107 0.0852 -0.0000 -0.0000
4.4553 4.1503 3.7336 0.9576 0.0940 -0.0000 -0.0000
4.4826 4.1992 3.7289 0.9953 0.0987 -0.0000 -0.0000
4.5099 4.2631 3.7407 1.0231 0.0995 -0.0000 -0.0000
4.5373 4.3364 3.7758 1.0455 0.0986 -0.0000 -0.0000
4.5646 4.4166 3.8356 1.0679 0.0966 -0.0000 -0.0000
4.5919 4.5024 3.9108 1.0934 0.0912 -0.0000 -0.0000
4.6193 4.5866 3.9809 1.1222 0.0823 -0.0000 -0.0000
4.6466 4.6534 4.0251 1.1521 0.0750 -0.0000 -0.0000
4.6739 4.6800 4.0354 1.1810 0.0727 -0.0000 -0.0000
4.7013 4.6489 4.0174 1.2076 0.0733 -0.0000 -0.0000
4.7286 4.5590 3.9823 1.2320 0.0717 -0.0000 -0.0000
4.7559 4.4244 3.9386 1.2550 0.0633 -0.0000 -0.0000
4.7833 4.2638 3.8936 1.2769 0.0446 -0.0000 -0.0000
4.8106 4.0953 3.8530 1.2968 0.0150 -0.0000 -0.0000
4.8379 3.9329 3.8191 1.3130 -0.0224 -0.0000 -0.0000
4.8653 3.7832 3.7909 1.3249 -0.0623 -0.0000 -0.0000
4.8926 3.6445 3.7661 1.3343 -0.1006 -0.0000 -0.0000
4.9199 3.5111 3.7432 1.3448 -0.1346 -0.0000 -0.0000
4.9473 3.3794 3.7224 1.3604 -0.1623 -0.0000 -0.0000
4.9746 3.2506 3.7054 1.3841 -0.1825 -0.0000 -0.0000
5.0019 3.1301 3.6957 1.4172 -0.1953 -0.0000 -0.0000
5.0293 3.0222 3.6946 1.4578 -0.2020 -0.0000 -0.0000
5.0566 2.9254 3.6985 1.5008 -0.2031 -0.0000 -0.0000
5.0839 2.8359 3.7025 1.5387 -0.1999 -0.0000 -0.0000
5.1113 2.7526 3.7018 1.5639 -0.1938 -0.0000 -0.0000
5.1386 2.6774 3.6907 1.5725 -0.1855 -0.0000 -0.0000
5.1659 2.6135 3.6641 1.5681 -0.1747 -0.0000 -0.0000
5.1933 2.5640 3.6235 1.5600 -0.1614 -0.0000 -0.0000
5.2206 2.5322 3.5768 1.5585 -0.1465 -0.0000 -0.0000
5.2479 2.5199 3.5343 1.5697 -0.1309 -0.0000 -0.0000
5.2753 2.5259 3.5049 1.5926 -0.1148 -0.0000 -0.0000
5.3026 2.5453 3.4932 1.6214 -0.0978 -0.0000 -0.0000
5.3299 2.5716 3.4987 1.6514 -0.0791 -0.0000 -0.0000
5.3573 2.5997 3.5135 1.6822 -0.0569 -0.0000 -0.0000
5.3846 2.6266 3.5213 1.7174 -0.0283 -0.0000 -0.0000
5.4119 2.6496 3.5071 1.7603 0.0084 -0.0000 -0.0000
5.4393 2.6653 3.4684 1.8126 0.0495 -0.0000 -0.0000
5.4666 2.6696 3.4116 1.8734 0.0875 -0.0000 -0.0000
5.4939 2.6622 3.3467 1.9393 0.1159 -0.0000 -0.0000
5.5213 2.6480 3.2837 2.0055 0.1332 -0.0000 -0.0000
5.5486 2.6341 3.2304 2.0660 0.1418 -0.0000 -0.0000
5.5759 2.6257 3.1907 2.1155 0.1451 -0.0000 -0.0000
5.6033 2.6251 3.1605 2.1521 0.1462 -0.0000 -0.0000
5.6306 2.6322 3.1284 2.1751 0.1482 -0.0000 -0.0000
5.6579 2.6461 3.0883 2.1834 0.1522 -0.0000 -0.0000
5.6853 2.6678 3.0505 2.1791 0.1564 -0.0000 -0.0000
5.7126 2.7007 3.0265 2.1705 0.1575 -0.0000 -0.0000
5.7399 2.7485 3.0154 2.1680 0.1538 -0.0000 -0.0000
5.7673 2.8094 3.0071 2.1781 0.1461 -0.0000 -0.0000
5.7946 2.8665 2.9891 2.2004 0.1371 -0.0000 -0.0000
5.8219 2.8909 2.9522 2.2320 0.1296 -0.0000 -0.0000
5.8493 2.8618 2.8962 2.2721 0.1248 -0.0000 -0.0000
5.8766 2.7829 2.8290 2.3235 0.1200 -0.0000 -0.0000
5.9039 2.6759 2.7589 2.3888 0.1117 -0.0000 -0.0000
5.9313 2.5641 2.6912 2.4690 0.0984 -0.0000 -0.0000
5.9586 2.4628 2.6276 2.5626 0.0805 -0.0000 -0.0000
5.9859 2.3780 2.5672 2.6676 0.0584 -0.0000 -0.0000
6.0133 2.3094 2.5087 2.7800 0.0320 -0.0000 -0.0000
6.0406 2.2555 2.4551 2.8945 0.0016 -0.0000 -0.0000
6.0679 2.2165 2.4138 3.0059 -0.0315 -0.0000 -0.0000
6.0953 2.1932 2.3901 3.1104 -0.0658 -0.0000 -0.0000
6.1226 2.1853 2.3826 3.2057 -0.1003 -0.0000 -0.0000
6.1499 2.1903 2.3851 3.2898 -0.1336 -0.0000 -0.0000
6.1773 2.2030 2.3898 3.3613 -0.1635 -0.0000 -0.0000
6.2046 2.2138 2.3899 3.4198 -0.1873 -0.0000 -0.0000
6.2319 2.2087 2.3828 3.4676 -0.2028 -0.0000 -0.0000
6.2593 2.1780 2.3702 3.5098 -0.2095 -0.0000 -0.0000
6.2866 2.1256 2.3558 3.5530 -0.2085 -0.0000 -0.0000
6.3139 2.0613 2.3424 3.6028 -0.2013 -0.0000 -0.0000
6.3413 1.9923 2.3312 3.6612 -0.1895 -0.0000 -0.0000
6.3686 1.9227 2.3214 3.7262 -0.1745 -0.0000 -0.0000
6.3959 1.8556 2.3111 3.7946 -0.1581 -0.0000 -0.0000
6.4233 1.7930 2.2982 3.8642 -0.1421 -0.0000 -0.0000
6.4506 1.7364 2.2812 3.9339 -0.1276 -0.0000 -0.0000
6.4779 1.6867 2.2598 4.0027 -0.1144 -0.0000 -0.0000
6.5053 1.6446 2.2349 4.0698 -0.1021 -0.0000 -0.0000
6.5326 1.6100 2.2071 4.1339 -0.0902 -0.0000 -0.0000
6.5599 1.5817 2.1764 4.1923 -0.0786 -0.0000 -0.0000
6.5873 1.5581 2.1431 4.2412 -0.0676 -0.0000 -0.0000
6.6146 1.5384 2.1091 4.2747 -0.0578 -0.0000 -0.0000
6.6419 1.5227 2.0766 4.2855 -0.0497 -0.0000 -0.0000
6.6693 1.5108 2.0463 4.2673 -0.0432 -0.0000 -0.0000
6.6966 1.5021 2.0167 4.2212 -0.0378 -0.0000 -0.0000
6.7239 1.4958 1.9846 4.1573 -0.0332 -0.0000 -0.0000
6.7513 1.4927 1.9472 4.0908 -0.0293 -0.0000 -0.0000
6.7786 1.4936 1.9052 4.0361 -0.0263 -0.0000 -0.0000
6.8059 1.4986 1.8629 4.0002 -0.0246 -0.0000 -0.0000
6.8333 1.5071 1.8242 3.9775 -0.0245 -0.0000 -0.0000
6.8606 1.5181 1.7913 3.9536 -0.0258 -0.0000 -0.0000
6.8879 1.5305 1.7643 3.9164 -0.0280 -0.0000 -0.0000
6.9153 1.5416 1.7407 3.8676 -0.0307 -0.0000 -0.0000
6.9426 1.5472 1.7149 3.8173 -0.0334 -0.0000 -0.0000
6.9699 1.5444 1.6816 3.7705 -0.0356 -0.0000 -0.0000
6.9973 1.5338 1.6409 3.7230 -0.0374 -0.0000 -0.0000
7.0246 1.5188 1.5978 3.6656 -0.0392 -0.0000 -0.0000
7.0519 1.5020 1.5569 3.5911 -0.0409 -0.0000 -0.0000
7.0793 1.4843 1.5202 3.5013 -0.0423 -0.0000 -0.0000
7.1066 1.4656 1.4875 3.4072 -0.0427 -0.0000 -0.0000
7.1339 1.4459 1.4581 3.3203 -0.0421 -0.0000 -0.0000
7.1613 1.4254 1.4316 3.2467 -0.0405 -0.0000 -0.0000
7.1886 1.4039 1.4074 3.1866 -0.0383 -0.0000 -0.0000
7.2159 1.3806 1.3844 3.1370 -0.0356 -0.0000 -0.0000
7.2433 1.3558 1.3612 3.0930 -0.0323 -0.0000 -0.0000
7.2706 1.3300 1.3374 3.0528 -0.0285 -0.0000 -0.0000
7.2979 1.3045 1.3135 3.0194 -0.0245 -0.0000 -0.0000
7.3252 1.2805 1.2901 2.9983 -0.0202 -0.0000 -0.0000
7.3526 1.2591 1.2668 2.9946 -0.0155 -0.0000 -0.0000
7.3799 1.2396 1.2423 3.0099 -0.0100 -0.0000 -0.0000
7.4072 1.2208 1.2160 3.0429 -0.0037 -0.0000 -0.0000
7.4346 1.2013 1.1882 3.0913 0.0027 -0.0000 -0.0000
7.4619 1.1802 1.1599 3.1513 0.0079 -0.0000 -0.0000
7.4892 1.1570 1.1322 3.2159 0.0109 -0.0000 -0.0000
7.5166 1.1327 1.1057 3.2744 0.0116 -0.0000 -0.0000
7.5439 1.1091 1.0812 3.3133 0.0109 -0.0000 -0.0000
7.5712 1.0879 1.0588 3.3186 0.0099 -0.0000 -0.0000
7.5986 1.0689 1.0381 3.2815 0.0095 -0.0000 -0.0000
7.6259 1.0499 1.0182 3.2052 0.0098 -0.0000 -0.0000
7.6532 1.0280 0.9980 3.1023 0.0104 -0.0000 -0.0000
7.6806 1.0018 0.9768 2.9860 0.0107 -0.0000 -0.0000
7.7079 0.9725 0.9545 2.8649 0.0105 -0.0000 -0.0000
7.7352 0.9429 0.9323 2.7445 0.0099 -0.0000 -0.0000
7.7626 0.9147 0.9112 2.6285 0.0090 -0.0000 -0.0000
7.7899 0.8885 0.8917 2.5190 0.0076 -0.0000 -0.0000
7.8172 0.8641 0.8731 2.4165 0.0054 -0.0000 -0.0000
7.8446 0.8415 0.8554 2.3206 0.0026 -0.0000 -0.0000
7.8719 0.8217 0.8387 2.2309 -0.0004 -0.0000 -0.0000
7.8992 0.8054 0.8236 2.1487 -0.0031 -0.0000 -0.0000
7.9266 0.7926 0.8101 2.0764 -0.0046 -0.0000 -0.0000
7.9539 0.7822 0.7985 2.0180 -0.0050 -0.0000 -0.0000
7.9812 0.7732 0.7886 1.9768 -0.0043 -0.0000 -0.0000
8.0086 0.7639 0.7800 1.9542 -0.0029 -0.0000 -0.0000
8.0359 0.7526 0.7717 1.9475 -0.0009 -0.0000 -0.0000
8.0632 0.7379 0.7624 1.9500 0.0013 -0.0000 -0.0000
8.0906 0.7203 0.7514 1.9509 0.0029 -0.0000 -0.0000
8.1179 0.7013 0.7392 1.9396 0.0031 -0.0000 -0.0000
8.1452 0.6830 0.7268 1.9125 0.0018 -0.0000 -0.0000
8.1726 0.6668 0.7154 1.8753 -0.0006 -0.0000 -0.0000
8.1999 0.6532 0.7057 1.8347 -0.0034 -0.0000 -0.0000
8.2272 0.6417 0.6974 1.7931 -0.0061 -0.0000 -0.0000
8.2546 0.6310 0.6897 1.7516 -0.0087 -0.0000 -0.0000
8.2819 0.6208 0.6821 1.7126 -0.0111 -0.0000 -0.0000
8.3092 0.6113 0.6744 1.6791 -0.0131 -0.0000 -0.0000
8.3366 0.6029 0.6667 1.6512 -0.0144 -0.0000 -0.0000
8.3639 0.5959 0.6592 1.6249 -0.0149 -0.0000 -0.0000
8.3912 0.5906 0.6522 1.5925 -0.0148 -0.0000 -0.0000
8.4186 0.5872 0.6455 1.5493 -0.0145 -0.0000 -0.0000
8.4459 0.5852 0.6391 1.4957 -0.0142 -0.0000 -0.0000
8.4732 0.5840 0.6327 1.4346 -0.0138 -0.0000 -0.0000
8.5006 0.5828 0.6255 1.3684 -0.0134 -0.0000 -0.0000
8.5279 0.5806 0.6166 1.2981 -0.0128 -0.0000 -0.0000
8.5552 0.5768 0.6055 1.2254 -0.0122 -0.0000 -0.0000
8.5826 0.5712 0.5921 1.1534 -0.0113 -0.0000 -0.0000
8.6099 0.5642 0.5774 1.0862 -0.0103 -0.0000 -0.0000
8.6372 0.5562 0.5623 1.0266 -0.0090 -0.0000 -0.0000
8.6646 0.5472 0.5480 0.9754 -0.0073 -0.0000 -0.0000
8.6919 0.5377 0.5354 0.9314 -0.0056 -0.0000 -0.0000
8.7192 0.5287 0.5249 0.8930 -0.0038 -0.0000 -0.0000
8.7466 0.5208 0.5168 0.8587 -0.0021 -0.0000 -0.0000
8.7739 0.5144 0.5107 0.8275 -0.0004 -0.0000 -0.0000
8.8012 0.5093 0.5058 0.7991 0.0014 -0.0000 -0.0000
8.8286 0.5046 0.5010 0.7735 0.0032 -0.0000 -0.0000
8.8559 0.4995 0.4957 0.7508 0.0047 -0.0000 -0.0000
8.8832 0.4930 0.4893 0.7316 0.0059 -0.0000 -0.0000
8.9106 0.4845 0.4819 0.7162 0.0067 -0.0000 -0.0000
8.9379 0.4740 0.4738 0.7046 0.0070 -0.0000 -0.0000
8.9652 0.4616 0.4653 0.6954 0.0067 -0.0000 -0.0000
8.9926 0.4480 0.4568 0.6857 0.0062 -0.0000 -0.0000
9.0199 0.4339 0.4487 0.6732 0.0055 -0.0000 -0.0000
9.0472 0.4198 0.4414 0.6570 0.0051 -0.0000 -0.0000
9.0746 0.4060 0.4350 0.6377 0.0048 -0.0000 -0.0000
9.1019 0.3929 0.4293 0.6163 0.0048 -0.0000 -0.0000
9.1292 0.3806 0.4235 0.5935 0.0048 -0.0000 -0.0000
9.1566 0.3691 0.4171 0.5701 0.0049 -0.0000 -0.0000
9.1839 0.3586 0.4104 0.5466 0.0049 -0.0000 -0.0000
9.2112 0.3488 0.4043 0.5225 0.0051 -0.0000 -0.0000
9.2386 0.3397 0.4000 0.4972 0.0055 -0.0000 -0.0000
9.2659 0.3308 0.3977 0.4716 0.0062 -0.0000 -0.0000
9.2932 0.3219 0.3967 0.4480 0.0071 -0.0000 -0.0000
9.3206 0.3129 0.3961 0.4280 0.0080 -0.0000 -0.0000
9.3479 0.3039 0.3953 0.4121 0.0086 -0.0000 -0.0000
9.3752 0.2951 0.3938 0.3999 0.0087 -0.0000 -0.0000
9.4026 0.2867 0.3918 0.3902 0.0084 -0.0000 -0.0000
9.4299 0.2786 0.3894 0.3819 0.0074 -0.0000 -0.0000
9.4572 0.2709 0.3864 0.3738 0.0059 -0.0000 -0.0000
9.4846 0.2639 0.3833 0.3652 0.0040 -0.0000 -0.0000
9.5119 0.2578 0.3803 0.3561 0.0019 -0.0000 -0.0000
9.5392 0.2528 0.3777 0.3468 -0.0002 -0.0000 -0.0000
9.5666 0.2489 0.3756 0.3376 -0.0020 -0.0000 -0.0000
9.5939 0.2462 0.3735 0.3290 -0.0036 -0.0000 -0.0000
9.6212 0.2441 0.3708 0.3216 -0.0051 -0.0000 -0.0000
9.6486 0.2423 0.3667 0.3155 -0.0062 -0.0000 -0.0000
9.6759 0.2403 0.3609 0.3107 -0.0070 -0.0000 -0.0000
9.7032 0.2379 0.3536 0.3072 -0.0073 -0.0000 -0.0000
9.7306 0.2352 0.3455 0.3048 -0.0072 -0.0000 -0.0000
9.7579 0.2323 0.3373 0.3030 -0.0070 -0.0000 -0.0000
9.7852 0.2293 0.3295 0.3010 -0.0068 -0.0000 -0.0000
9.8126 0.2263 0.3220 0.2978 -0.0064 -0.0000 -0.0000
9.8399 0.2232 0.3148 0.2926 -0.0057 -0.0000 -0.0000
9.8672 0.2200 0.3077 0.2858 -0.0046 -0.0000 -0.0000
9.8946 0.2165 0.3006 0.2777 -0.0032 -0.0000 -0.0000
9.9219 0.2129 0.2936 0.2692 -0.0015 -0.0000 -0.0000
9.9492 0.2092 0.2866 0.2610 0.0001 -0.0000 -0.0000
9.9766 0.2057 0.2799 0.2535 0.0015 -0.0000 -0.0000
10.0039 0.2022 0.2735 0.2469 0.0026 -0.0000 -0.0000
10.0312 0.1988 0.2675 0.2413 0.0034 -0.0000 -0.0000
10.0586 0.1951 0.2619 0.2365 0.0039 -0.0000 -0.0000
10.0859 0.1913 0.2565 0.2321 0.0040 -0.0000 -0.0000
10.1132 0.1875 0.2515 0.2280 0.0039 -0.0000 -0.0000
10.1406 0.1840 0.2468 0.2242 0.0036 -0.0000 -0.0000
10.1679 0.1807 0.2424 0.2209 0.0035 -0.0000 -0.0000
10.1952 0.1774 0.2380 0.2178 0.0035 -0.0000 -0.0000
10.2225 0.1738 0.2333 0.2139 0.0039 -0.0000 -0.0000
10.2499 0.1698 0.2281 0.2086 0.0045 -0.0000 -0.0000
10.2772 0.1656 0.2225 0.2023 0.0049 -0.0000 -0.0000
10.3045 0.1617 0.2167 0.1960 0.0050 -0.0000 -0.0000
10.3319 0.1581 0.2110 0.1902 0.0046 -0.0000 -0.0000
10.3592 0.1547 0.2057 0.1851 0.0042 -0.0000 -0.0000
10.3865 0.1515 0.2013 0.1804 0.0037 -0.0000 -0.0000
10.4139 0.1486 0.1977 0.1760 0.0034 -0.0000 -0.0000
10.4412 0.1455 0.1948 0.1721 0.0032 -0.0000 -0.0000
10.4685 0.1422 0.1924 0.1687 0.0030 -0.0000 -0.0000
10.4959 0.1389 0.1906 0.1660 0.0025 -0.0000 -0.0000
10.5232 0.1360 0.1893 0.1642 0.0018 -0.0000 -0.0000
10.5505 0.1334 0.1882 0.1633 0.0008 -0.0000 -0.0000
10.5779 0.1312 0.1869 0.1628 -0.0002 -0.0000 -0.0000
10.6052 0.1291 0.1852 0.1625 -0.0010 -0.0000 -0.0000
10.6325 0.1271 0.1830 0.1617 -0.0013 -0.0000 -0.0000
10.6599 0.1251 0.1803 0.1606 -0.0010 -0.0000 -0.0000
10.6872 0.1228 0.1774 0.1592 -0.0001 -0.0000 -0.0000
10.7145 0.1202 0.1746 0.1576 0.0013 -0.0000 -0.0000
10.7419 0.1173 0.1720 0.1557 0.0031 -0.0000 -0.0000
10.7692 0.1141 0.1696 0.1531 0.0051 -0.0000 -0.0000
10.7965 0.1106 0.1671 0.1498 0.0070 -0.0000 -0.0000
10.8239 0.1072 0.1644 0.1458 0.0087 -0.0000 -0.0000
10.8512 0.1043 0.1614 0.1417 0.0099 -0.0000 -0.0000
10.8785 0.1018 0.1579 0.1379 0.0108 -0.0000 -0.0000
10.9059 0.1000 0.1539 0.1346 0.0111 -0.0000 -0.0000
10.9332 0.0987 0.1493 0.1319 0.0110 -0.0000 -0.0000
10.9605 0.0978 0.1438 0.1294 0.0103 -0.0000 -0.0000
10.9879 0.0973 0.1375 0.1270 0.0091 -0.0000 -0.0000
11.0152 0.0971 0.1309 0.1246 0.0076 -0.0000 -0.0000
11.0425 0.0969 0.1247 0.1221 0.0060 -0.0000 -0.0000
11.0699 0.0968 0.1193 0.1192 0.0044 -0.0000 -0.0000
11.0972 0.0967 0.1149 0.1159 0.0028 -0.0000 -0.0000
11.1245 0.0962 0.1112 0.1125 0.0013 -0.0000 -0.0000
11.1519 0.0955 0.1078 0.1093 -0.0002 -0.0000 -0.0000
11.1792 0.0946 0.1043 0.1062 -0.0015 -0.0000 -0.0000
11.2065 0.0935 0.1005 0.1031 -0.0026 -0.0000 -0.0000
11.2339 0.0920 0.0962 0.1000 -0.0033 -0.0000 -0.0000
11.2612 0.0899 0.0917 0.0968 -0.0036 -0.0000 -0.0000
11.2885 0.0873 0.0872 0.0937 -0.0034 -0.0000 -0.0000
11.3159 0.0842 0.0830 0.0907 -0.0031 -0.0000 -0.0000
11.3432 0.0810 0.0793 0.0876 -0.0027 -0.0000 -0.0000
11.3705 0.0778 0.0760 0.0844 -0.0024 -0.0000 -0.0000
11.3979 0.0746 0.0730 0.0814 -0.0022 -0.0000 -0.0000
11.4252 0.0713 0.0702 0.0787 -0.0021 -0.0000 -0.0000
11.4525 0.0681 0.0675 0.0763 -0.0020 -0.0000 -0.0000
11.4799 0.0651 0.0652 0.0743 -0.0019 -0.0000 -0.0000
11.5072 0.0623 0.0631 0.0725 -0.0018 -0.0000 -0.0000
11.5345 0.0599 0.0614 0.0709 -0.0018 -0.0000 -0.0000
11.5619 0.0579 0.0602 0.0694 -0.0017 -0.0000 -0.0000
11.5892 0.0563 0.0593 0.0681 -0.0017 -0.0000 -0.0000
11.6165 0.0551 0.0588 0.0668 -0.0018 -0.0000 -0.0000
11.6439 0.0541 0.0585 0.0657 -0.0019 -0.0000 -0.0000
11.6712 0.0532 0.0583 0.0648 -0.0020 -0.0000 -0.0000
11.6985 0.0524 0.0580 0.0642 -0.0022 -0.0000 -0.0000
11.7259 0.0516 0.0575 0.0636 -0.0024 -0.0000 -0.0000
11.7532 0.0506 0.0567 0.0629 -0.0025 -0.0000 -0.0000
11.7805 0.0495 0.0557 0.0619 -0.0025 -0.0000 -0.0000
11.8079 0.0482 0.0545 0.0608 -0.0024 -0.0000 -0.0000
11.8352 0.0469 0.0534 0.0596 -0.0023 -0.0000 -0.0000
11.8625 0.0456 0.0524 0.0584 -0.0021 -0.0000 -0.0000
11.8899 0.0444 0.0516 0.0574 -0.0018 -0.0000 -0.0000
11.9172 0.0434 0.0511 0.0565 -0.0015 -0.0000 -0.0000
11.9445 0.0424 0.0509 0.0557 -0.0011 -0.0000 -0.0000
11.9719 0.0415 0.0509 0.0549 -0.0007 -0.0000 -0.0000
11.9992 0.0406 0.0511 0.0541 -0.0003 -0.0000 -0.0000
12.0265 0.0398 0.0515 0.0534 -0.0000 -0.0000 -0.0000
12.0539 0.0390 0.0520 0.0528 0.0002 -0.0000 -0.0000
12.0812 0.0383 0.0525 0.0524 0.0004 -0.0000 -0.0000
12.1085 0.0376 0.0529 0.0522 0.0006 -0.0000 -0.0000
12.1359 0.0369 0.0532 0.0521 0.0008 -0.0000 -0.0000
12.1632 0.0361 0.0533 0.0520 0.0012 -0.0000 -0.0000
12.1905 0.0353 0.0531 0.0517 0.0015 -0.0000 -0.0000
12.2179 0.0344 0.0526 0.0513 0.0018 -0.0000 -0.0000
12.2452 0.0335 0.0518 0.0508 0.0019 -0.0000 -0.0000
12.2725 0.0327 0.0510 0.0502 0.0020 -0.0000 -0.0000
12.2999 0.0320 0.0501 0.0494 0.0021 -0.0000 -0.0000
12.3272 0.0313 0.0493 0.0486 0.0023 -0.0000 -0.0000
12.3545 0.0308 0.0486 0.0477 0.0025 -0.0000 -0.0000
12.3819 0.0303 0.0479 0.0467 0.0027 -0.0000 -0.0000
12.4092 0.0298 0.0471 0.0455 0.0029 -0.0000 -0.0000
12.4365 0.0293 0.0462 0.0444 0.0029 -0.0000 -0.0000
12.4639 0.0288 0.0452 0.0432 0.0028 -0.0000 -0.0000
12.4912 0.0284 0.0441 0.0421 0.0027 -0.0000 -0.0000
12.5185 0.0279 0.0429 0.0410 0.0025 -0.0000 -0.0000
12.5459 0.0274 0.0417 0.0400 0.0022 -0.0000 -0.0000
12.5732 0.0270 0.0404 0.0390 0.0019 -0.0000 -0.0000
12.6005 0.0265 0.0392 0.0381 0.0015 -0.0000 -0.0000
12.6279 0.0261 0.0380 0.0372 0.0010 -0.0000 -0.0000
12.6552 0.0257 0.0369 0.0363 0.0006 -0.0000 -0.0000
12.6825 0.0252 0.0359 0.0356 0.0002 -0.0000 -0.0000
12.7099 0.0248 0.0351 0.0349 -0.0001 -0.0000 -0.0000
12.7372 0.0243 0.0346 0.0342 -0.0004 -0.0000 -0.0000
12.7645 0.0240 0.0342 0.0337 -0.0007 -0.0000 -0.0000
12.7919 0.0237 0.0340 0.0332 -0.0010 -0.0000 -0.0000
12.8192 0.0235 0.0339 0.0327 -0.0012 -0.0000 -0.0000
12.8465 0.0234 0.0338 0.0321 -0.0014 -0.0000 -0.0000
12.8739 0.0233 0.0337 0.0314 -0.0016 -0.0000 -0.0000
12.9012 0.0232 0.0335 0.0306 -0.0018 -0.0000 -0.0000
12.9285 0.0230 0.0331 0.0296 -0.0019 -0.0000 -0.0000
12.9559 0.0228 0.0326 0.0286 -0.0020 -0.0000 -0.0000
12.9832 0.0226 0.0320 0.0275 -0.0021 -0.0000 -0.0000
13.0105 0.0223 0.0313 0.0265 -0.0022 -0.0000 -0.0000
13.0379 0.0221 0.0307 0.0256 -0.0023 -0.0000 -0.0000
13.0652 0.0219 0.0301 0.0249 -0.0023 -0.0000 -0.0000
13.0925 0.0216 0.0295 0.0243 -0.0025 -0.0000 -0.0000
13.1199 0.0212 0.0288 0.0237 -0.0026 -0.0000 -0.0000
13.1472 0.0208 0.0282 0.0233 -0.0028 -0.0000 -0.0000
13.1745 0.0204 0.0277 0.0228 -0.0030 -0.0000 -0.0000
13.2018 0.0200 0.0273 0.0224 -0.0031 -0.0000 -0.0000
13.2292 0.0197 0.0271 0.0220 -0.0032 -0.0000 -0.0000
13.2565 0.0194 0.0271 0.0216 -0.0032 -0.0000 -0.0000
13.2838 0.0192 0.0272 0.0212 -0.0033 -0.0000 -0.0000
13.3112 0.0191 0.0272 0.0209 -0.0034 -0.0000 -0.0000
13.3385 0.0190 0.0271 0.0206 -0.0034 -0.0000 -0.0000
13.3658 0.0190 0.0265 0.0204 -0.0033 -0.0000 -0.0000
13.3932 0.0189 0.0258 0.0202 -0.0032 -0.0000 -0.0000
13.4205 0.0188 0.0249 0.0200 -0.0030 -0.0000 -0.0000
13.4478 0.0187 0.0241 0.0198 -0.0027 -0.0000 -0.0000
13.4752 0.0186 0.0233 0.0197 -0.0025 -0.0000 -0.0000
13.5025 0.0184 0.0225 0.0195 -0.0022 -0.0000 -0.0000
13.5298 0.0183 0.0219 0.0193 -0.0020 -0.0000 -0.0000
13.5572 0.0182 0.0212 0.0192 -0.0018 -0.0000 -0.0000
13.5845 0.0180 0.0207 0.0191 -0.0016 -0.0000 -0.0000
13.6118 0.0178 0.0202 0.0191 -0.0014 -0.0000 -0.0000
13.6392 0.0176 0.0197 0.0191 -0.0012 -0.0000 -0.0000
13.6665 0.0174 0.0192 0.0191 -0.0009 -0.0000 -0.0000
13.6938 0.0171 0.0188 0.0191 -0.0007 -0.0000 -0.0000
13.7212 0.0168 0.0184 0.0192 -0.0005 -0.0000 -0.0000
13.7485 0.0166 0.0180 0.0193 -0.0003 -0.0000 -0.0000
13.7758 0.0163 0.0177 0.0194 -0.0001 -0.0000 -0.0000
13.8032 0.0161 0.0175 0.0196 0.0001 -0.0000 -0.0000
13.8305 0.0160 0.0173 0.0198 0.0003 -0.0000 -0.0000
13.8578 0.0160 0.0172 0.0201 0.0005 -0.0000 -0.0000
13.8852 0.0160 0.0172 0.0204 0.0007 -0.0000 -0.0000
13.9125 0.0161 0.0173 0.0206 0.0009 -0.0000 -0.0000
13.9398 0.0162 0.0173 0.0207 0.0011 -0.0000 -0.0000
13.9672 0.0163 0.0174 0.0206 0.0014 -0.0000 -0.0000
13.9945 0.0165 0.0176 0.0205 0.0016 -0.0000 -0.0000
14.0218 0.0166 0.0178 0.0203 0.0017 -0.0000 -0.0000
14.0492 0.0167 0.0180 0.0200 0.0019 -0.0000 -0.0000
14.0765 0.0167 0.0183 0.0198 0.0020 -0.0000 -0.0000
14.1038 0.0166 0.0185 0.0196 0.0021 -0.0000 -0.0000
14.1312 0.0165 0.0187 0.0192 0.0022 -0.0000 -0.0000
14.1585 0.0163 0.0189 0.0188 0.0022 -0.0000 -0.0000
14.1858 0.0161 0.0190 0.0183 0.0022 -0.0000 -0.0000
14.2132 0.0158 0.0191 0.0179 0.0021 -0.0000 -0.0000
14.2405 0.0156 0.0191 0.0175 0.0021 -0.0000 -0.0000
14.2678 0.0153 0.0190 0.0171 0.0020 -0.0000 -0.0000
14.2952 0.0151 0.0189 0.0168 0.0019 -0.0000 -0.0000
14.3225 0.0148 0.0189 0.0165 0.0017 -0.0000 -0.0000
14.3498 0.0146 0.0188 0.0163 0.0016 -0.0000 -0.0000
14.3772 0.0143 0.0188 0.0161 0.0015 -0.0000 -0.0000
14.4045 0.0141 0.0188 0.0160 0.0013 -0.0000 -0.0000
14.4318 0.0139 0.0189 0.0159 0.0011 -0.0000 -0.0000
14.4592 0.0137 0.0190 0.0159 0.0010 -0.0000 -0.0000
14.4865 0.0137 0.0193 0.0159 0.0008 -0.0000 -0.0000
14.5138 0.0138 0.0195 0.0159 0.0006 -0.0000 -0.0000
14.5412 0.0139 0.0197 0.0160 0.0005 -0.0000 -0.0000
14.5685 0.0140 0.0200 0.0160 0.0003 -0.0000 -0.0000
14.5958 0.0142 0.0201 0.0160 0.0002 -0.0000 -0.0000
14.6232 0.0143 0.0202 0.0161 0.0001 -0.0000 -0.0000
14.6505 0.0143 0.0202 0.0161 0.0000 -0.0000 -0.0000
14.6778 0.0143 0.0201 0.0161 0.0000 -0.0000 -0.0000
14.7052 0.0141 0.0199 0.0162 0.0001 -0.0000 -0.0000
14.7325 0.0138 0.0197 0.0161 0.0002 -0.0000 -0.0000
14.7598 0.0135 0.0194 0.0160 0.0003 -0.0000 -0.0000
14.7872 0.0131 0.0191 0.0158 0.0003 -0.0000 -0.0000
14.8145 0.0127 0.0189 0.0156 0.0003 -0.0000 -0.0000
14.8418 0.0125 0.0186 0.0155 0.0003 -0.0000 -0.0000
14.8692 0.0123 0.0185 0.0154 0.0003 -0.0000 -0.0000
14.8965 0.0122 0.0184 0.0153 0.0002 -0.0000 -0.0000
14.9238 0.0122 0.0183 0.0152 0.0002 -0.0000 -0.0000
14.9512 0.0123 0.0183 0.0151 0.0001 -0.0000 -0.0000
14.9785 0.0124 0.0182 0.0150 0.0001 -0.0000 -0.0000
15.0058 0.0125 0.0181 0.0149 0.0000 -0.0000 -0.0000
15.0332 0.0126 0.0180 0.0149 -0.0000 -0.0000 -0.0000
15.0605 0.0128 0.0178 0.0149 -0.0001 -0.0000 -0.0000
15.0878 0.0131 0.0176 0.0151 -0.0002 -0.0000 -0.0000
15.1152 0.0133 0.0174 0.0152 -0.0003 -0.0000 -0.0000
15.1425 0.0135 0.0171 0.0153 -0.0004 -0.0000 -0.0000
15.1698 0.0138 0.0169 0.0154 -0.0004 -0.0000 -0.0000
15.1972 0.0139 0.0166 0.0153 -0.0005 -0.0000 -0.0000
15.2245 0.0141 0.0164 0.0152 -0.0005 -0.0000 -0.0000
15.2518 0.0142 0.0162 0.0150 -0.0004 -0.0000 -0.0000
15.2792 0.0143 0.0160 0.0147 -0.0003 -0.0000 -0.0000
15.3065 0.0143 0.0158 0.0144 -0.0002 -0.0000 -0.0000
15.3338 0.0141 0.0156 0.0140 -0.0001 -0.0000 -0.0000
15.3612 0.0138 0.0153 0.0136 0.0001 -0.0000 -0.0000
15.3885 0.0135 0.0151 0.0133 0.0001 -0.0000 -0.0000
15.4158 0.0131 0.0148 0.0129 0.0002 -0.0000 -0.0000
15.4432 0.0128 0.0145 0.0126 0.0002 -0.0000 -0.0000
15.4705 0.0125 0.0143 0.0123 0.0002 -0.0000 -0.0000
15.4978 0.0123 0.0140 0.0121 0.0002 -0.0000 -0.0000
15.5252 0.0121 0.0137 0.0119 0.0002 -0.0000 -0.0000
15.5525 0.0120 0.0135 0.0117 0.0002 -0.0000 -0.0000
15.5798 0.0120 0.0132 0.0116 0.0001 -0.0000 -0.0000
15.6072 0.0120 0.0129 0.0115 0.0002 -0.0000 -0.0000
15.6345 0.0119 0.0127 0.0114 0.0002 -0.0000 -0.0000
15.6618 0.0118 0.0125 0.0113 0.0002 -0.0000 -0.0000
15.6892 0.0117 0.0123 0.0112 0.0002 -0.0000 -0.0000
15.7165 0.0115 0.0121 0.0112 0.0002 -0.0000 -0.0000
15.7438 0.0112 0.0118 0.0112 0.0002 -0.0000 -0.0000
15.7712 0.0110 0.0116 0.0113 0.0003 -0.0000 -0.0000
15.7985 0.0107 0.0114 0.0115 0.0003 -0.0000 -0.0000
15.8258 0.0104 0.0111 0.0116 0.0003 -0.0000 -0.0000
15.8532 0.0101 0.0109 0.0118 0.0003 -0.0000 -0.0000
15.8805 0.0098 0.0106 0.0120 0.0003 -0.0000 -0.0000
15.9078 0.0094 0.0104 0.0121 0.0003 -0.0000 -0.0000
15.9352 0.0092 0.0103 0.0121 0.0003 -0.0000 -0.0000
15.9625 0.0090 0.0101 0.0122 0.0003 -0.0000 -0.0000
15.9898 0.0088 0.0101 0.0122 0.0002 -0.0000 -0.0000
16.0172 0.0087 0.0101 0.0123 0.0002 -0.0000 -0.0000
16.0445 0.0086 0.0101 0.0123 0.0001 -0.0000 -0.0000
16.0718 0.0085 0.0101 0.0123 0.0001 -0.0000 -0.0000
16.0991 0.0085 0.0101 0.0123 0.0001 -0.0000 -0.0000
16.1265 0.0084 0.0101 0.0123 0.0000 -0.0000 -0.0000
16.1538 0.0083 0.0100 0.0124 -0.0000 -0.0000 -0.0000
16.1811 0.0082 0.0099 0.0125 -0.0000 -0.0000 -0.0000
16.2085 0.0082 0.0099 0.0127 -0.0001 -0.0000 -0.0000
16.2358 0.0081 0.0098 0.0129 -0.0001 -0.0000 -0.0000
16.2631 0.0081 0.0098 0.0132 -0.0001 -0.0000 -0.0000
16.2905 0.0081 0.0098 0.0136 -0.0001 -0.0000 -0.0000
16.3178 0.0082 0.0099 0.0142 -0.0001 -0.0000 -0.0000
16.3451 0.0082 0.0100 0.0150 -0.0001 -0.0000 -0.0000
16.3725 0.0083 0.0102 0.0159 -0.0001 -0.0000 -0.0000
16.3998 0.0084 0.0103 0.0166 0.0000 -0.0000 -0.0000
16.4271 0.0085 0.0105 0.0171 0.0001 -0.0000 -0.0000
16.4545 0.0087 0.0107 0.0173 0.0002 -0.0000 -0.0000
16.4818 0.0088 0.0110 0.0171 0.0003 -0.0000 -0.0000
16.5091 0.0090 0.0113 0.0168 0.0005 -0.0000 -0.0000
16.5365 0.0092 0.0116 0.0164 0.0005 -0.0000 -0.0000
16.5638 0.0095 0.0119 0.0161 0.0006 -0.0000 -0.0000
16.5911 0.0097 0.0122 0.0157 0.0006 -0.0000 -0.0000
16.6185 0.0100 0.0123 0.0153 0.0006 -0.0000 -0.0000
16.6458 0.0102 0.0124 0.0149 0.0005 -0.0000 -0.0000
16.6731 0.0105 0.0124 0.0145 0.0004 -0.0000 -0.0000
16.7005 0.0108 0.0124 0.0141 0.0003 -0.0000 -0.0000
16.7278 0.0111 0.0124 0.0138 0.0001 -0.0000 -0.0000
16.7551 0.0114 0.0124 0.0136 -0.0001 -0.0000 -0.0000
16.7825 0.0118 0.0123 0.0134 -0.0003 -0.0000 -0.0000
16.8098 0.0122 0.0123 0.0133 -0.0006 -0.0000 -0.0000
16.8371 0.0128 0.0123 0.0133 -0.0009 -0.0000 -0.0000
16.8645 0.0135 0.0123 0.0133 -0.0012 -0.0000 -0.0000
16.8918 0.0143 0.0124 0.0134 -0.0016 -0.0000 -0.0000
16.9191 0.0152 0.0124 0.0135 -0.0020 -0.0000 -0.0000
16.9465 0.0158 0.0124 0.0137 -0.0022 -0.0000 -0.0000
16.9738 0.0162 0.0123 0.0138 -0.0023 -0.0000 -0.0000
17.0011 0.0163 0.0121 0.0138 -0.0022 -0.0000 -0.0000
17.0285 0.0161 0.0118 0.0138 -0.0021 -0.0000 -0.0000
17.0558 0.0159 0.0115 0.0137 -0.0018 -0.0000 -0.0000
17.0831 0.0156 0.0112 0.0137 -0.0016 -0.0000 -0.0000
17.1105 0.0153 0.0109 0.0136 -0.0014 -0.0000 -0.0000
17.1378 0.0151 0.0106 0.0137 -0.0012 -0.0000 -0.0000
17.1651 0.0150 0.0104 0.0138 -0.0010 -0.0000 -0.0000
17.1925 0.0149 0.0102 0.0139 -0.0009 -0.0000 -0.0000
17.2198 0.0148 0.0101 0.0140 -0.0008 -0.0000 -0.0000
17.2471 0.0146 0.0099 0.0141 -0.0007 -0.0000 -0.0000
17.2745 0.0142 0.0097 0.0142 -0.0006 -0.0000 -0.0000
17.3018 0.0137 0.0095 0.0143 -0.0005 -0.0000 -0.0000
17.3291 0.0131 0.0093 0.0143 -0.0005 -0.0000 -0.0000
17.3565 0.0124 0.0092 0.0142 -0.0004 -0.0000 -0.0000
17.3838 0.0119 0.0090 0.0141 -0.0003 -0.0000 -0.0000
17.4111 0.0114 0.0090 0.0140 -0.0003 -0.0000 -0.0000
17.4385 0.0110 0.0089 0.0140 -0.0002 -0.0000 -0.0000
17.4658 0.0107 0.0089 0.0141 -0.0001 -0.0000 -0.0000
17.4931 0.0104 0.0089 0.0142 -0.0001 -0.0000 -0.0000
17.5205 0.0101 0.0089 0.0143 -0.0001 -0.0000 -0.0000
17.5478 0.0098 0.0088 0.0144 -0.0001 -0.0000 -0.0000
17.5751 0.0095 0.0087 0.0147 -0.0001 -0.0000 -0.0000
17.6025 0.0093 0.0086 0.0151 -0.0001 -0.0000 -0.0000
17.6298 0.0090 0.0085 0.0157 -0.0001 -0.0000 -0.0000
17.6571 0.0088 0.0084 0.0162 -0.0001 -0.0000 -0.0000
17.6845 0.0086 0.0083 0.0166 -0.0002 -0.0000 -0.0000
17.7118 0.0084 0.0082 0.0171 -0.0002 -0.0000 -0.0000
17.7391 0.0082 0.0080 0.0175 -0.0002 -0.0000 -0.0000
17.7665 0.0081 0.0079 0.0179 -0.0002 -0.0000 -0.0000
17.7938 0.0080 0.0079 0.0183 -0.0002 -0.0000 -0.0000
17.8211 0.0078 0.0078 0.0188 -0.0002 -0.0000 -0.0000
17.8485 0.0077 0.0077 0.0194 -0.0002 -0.0000 -0.0000
17.8758 0.0076 0.0077 0.0200 -0.0002 -0.0000 -0.0000
17.9031 0.0075 0.0076 0.0207 -0.0002 -0.0000 -0.0000
17.9305 0.0075 0.0075 0.0215 -0.0002 -0.0000 -0.0000
17.9578 0.0074 0.0074 0.0222 -0.0002 -0.0000 -0.0000
17.9851 0.0074 0.0073 0.0227 -0.0002 -0.0000 -0.0000
18.0125 0.0074 0.0072 0.0230 -0.0002 -0.0000 -0.0000
18.0398 0.0074 0.0071 0.0227 -0.0003 -0.0000 -0.0000
18.0671 0.0073 0.0070 0.0218 -0.0003 -0.0000 -0.0000
18.0945 0.0072 0.0069 0.0204 -0.0004 -0.0000 -0.0000
18.1218 0.0071 0.0068 0.0187 -0.0004 -0.0000 -0.0000
18.1491 0.0069 0.0067 0.0170 -0.0004 -0.0000 -0.0000
18.1765 0.0068 0.0066 0.0152 -0.0004 -0.0000 -0.0000
18.2038 0.0067 0.0065 0.0136 -0.0004 -0.0000 -0.0000
18.2311 0.0066 0.0064 0.0121 -0.0005 -0.0000 -0.0000
18.2585 0.0065 0.0063 0.0108 -0.0005 -0.0000 -0.0000
18.2858 0.0064 0.0062 0.0098 -0.0005 -0.0000 -0.0000
18.3131 0.0063 0.0061 0.0090 -0.0005 -0.0000 -0.0000
18.3405 0.0063 0.0060 0.0083 -0.0005 -0.0000 -0.0000
18.3678 0.0062 0.0059 0.0077 -0.0005 -0.0000 -0.0000
18.3951 0.0062 0.0059 0.0073 -0.0006 -0.0000 -0.0000
18.4225 0.0062 0.0059 0.0069 -0.0006 -0.0000 -0.0000
18.4498 0.0061 0.0058 0.0066 -0.0006 -0.0000 -0.0000
18.4771 0.0061 0.0058 0.0063 -0.0006 -0.0000 -0.0000
18.5045 0.0061 0.0058 0.0061 -0.0006 -0.0000 -0.0000
18.5318 0.0061 0.0058 0.0059 -0.0007 -0.0000 -0.0000
18.5591 0.0061 0.0058 0.0056 -0.0007 -0.0000 -0.0000
18.5865 0.0060 0.0058 0.0054 -0.0007 -0.0000 -0.0000
18.6138 0.0060 0.0059 0.0052 -0.0007 -0.0000 -0.0000
18.6411 0.0060 0.0059 0.0050 -0.0007 -0.0000 -0.0000
18.6685 0.0059 0.0060 0.0048 -0.0008 -0.0000 -0.0000
18.6958 0.0059 0.0061 0.0047 -0.0008 -0.0000 -0.0000
18.7231 0.0058 0.0062 0.0046 -0.0008 -0.0000 -0.0000
18.7505 0.0058 0.0062 0.0044 -0.0008 -0.0000 -0.0000
18.7778 0.0058 0.0063 0.0043 -0.0008 -0.0000 -0.0000
18.8051 0.0057 0.0063 0.0042 -0.0008 -0.0000 -0.0000
18.8325 0.0057 0.0064 0.0041 -0.0008 -0.0000 -0.0000
18.8598 0.0057 0.0064 0.0041 -0.0008 -0.0000 -0.0000
18.8871 0.0056 0.0065 0.0040 -0.0008 -0.0000 -0.0000
18.9145 0.0056 0.0066 0.0040 -0.0008 -0.0000 -0.0000
18.9418 0.0056 0.0066 0.0039 -0.0009 -0.0000 -0.0000
18.9691 0.0056 0.0067 0.0039 -0.0009 -0.0000 -0.0000
18.9964 0.0055 0.0068 0.0039 -0.0009 -0.0000 -0.0000
19.0238 0.0055 0.0068 0.0039 -0.0009 -0.0000 -0.0000
19.0511 0.0054 0.0068 0.0039 -0.0009 -0.0000 -0.0000
19.0784 0.0053 0.0069 0.0039 -0.0010 -0.0000 -0.0000
19.1058 0.0051 0.0069 0.0038 -0.0010 -0.0000 -0.0000
19.1331 0.0050 0.0068 0.0038 -0.0010 -0.0000 -0.0000
19.1604 0.0049 0.0068 0.0037 -0.0010 -0.0000 -0.0000
19.1878 0.0048 0.0067 0.0037 -0.0010 -0.0000 -0.0000
19.2151 0.0047 0.0067 0.0036 -0.0010 -0.0000 -0.0000
19.2424 0.0046 0.0067 0.0036 -0.0010 -0.0000 -0.0000
19.2698 0.0046 0.0067 0.0035 -0.0010 -0.0000 -0.0000
19.2971 0.0045 0.0067 0.0035 -0.0010 -0.0000 -0.0000
19.3244 0.0045 0.0068 0.0034 -0.0010 -0.0000 -0.0000
19.3518 0.0044 0.0068 0.0034 -0.0010 -0.0000 -0.0000
19.3791 0.0044 0.0068 0.0033 -0.0009 -0.0000 -0.0000
19.4064 0.0044 0.0067 0.0033 -0.0009 -0.0000 -0.0000
19.4338 0.0043 0.0066 0.0033 -0.0009 -0.0000 -0.0000
19.4611 0.0043 0.0064 0.0033 -0.0008 -0.0000 -0.0000
19.4884 0.0043 0.0062 0.0032 -0.0008 -0.0000 -0.0000
19.5158 0.0044 0.0059 0.0032 -0.0007 -0.0000 -0.0000
19.5431 0.0044 0.0057 0.0032 -0.0007 -0.0000 -0.0000
19.5704 0.0044 0.0055 0.0032 -0.0006 -0.0000 -0.0000
19.5978 0.0045 0.0053 0.0032 -0.0006 -0.0000 -0.0000
19.6251 0.0045 0.0052 0.0032 -0.0006 -0.0000 -0.0000
19.6524 0.0046 0.0050 0.0032 -0.0005 -0.0000 -0.0000
19.6798 0.0047 0.0049 0.0032 -0.0005 -0.0000 -0.0000
19.7071 0.0047 0.0048 0.0033 -0.0005 -0.0000 -0.0000
19.7344 0.0048 0.0048 0.0033 -0.0005 -0.0000 -0.0000
19.7618 0.0048 0.0047 0.0034 -0.0005 -0.0000 -0.0000
19.7891 0.0048 0.0047 0.0035 -0.0005 -0.0000 -0.0000
19.8164 0.0048 0.0047 0.0036 -0.0005 -0.0000 -0.0000
19.8438 0.0048 0.0047 0.0037 -0.0005 -0.0000 -0.0000
19.8711 0.0047 0.0048 0.0038 -0.0005 -0.0000 -0.0000
19.8984 0.0046 0.0048 0.0038 -0.0005 -0.0000 -0.0000
19.9258 0.0045 0.0047 0.0038 -0.0005 -0.0000 -0.0000
19.9531 0.0043 0.0047 0.0037 -0.0004 -0.0000 -0.0000
19.9804 0.0042 0.0046 0.0036 -0.0003 -0.0000 -0.0000
20.0078 0.0040 0.0045 0.0035 -0.0002 -0.0000 -0.0000
20.0351 0.0039 0.0045 0.0035 -0.0002 -0.0000 -0.0000
20.0624 0.0038 0.0044 0.0034 -0.0001 -0.0000 -0.0000
20.0898 0.0037 0.0043 0.0034 -0.0001 -0.0000 -0.0000
20.1171 0.0037 0.0043 0.0033 -0.0000 -0.0000 -0.0000
20.1444 0.0037 0.0042 0.0032 0.0000 -0.0000 -0.0000
20.1718 0.0037 0.0041 0.0031 0.0001 -0.0000 -0.0000
20.1991 0.0037 0.0040 0.0030 0.0001 -0.0000 -0.0000
20.2264 0.0037 0.0040 0.0029 0.0002 -0.0000 -0.0000
20.2538 0.0037 0.0040 0.0029 0.0003 -0.0000 -0.0000
20.2811 0.0038 0.0040 0.0028 0.0003 -0.0000 -0.0000
20.3084 0.0038 0.0040 0.0028 0.0004 -0.0000 -0.0000
20.3358 0.0039 0.0040 0.0027 0.0005 -0.0000 -0.0000
20.3631 0.0039 0.0040 0.0027 0.0005 -0.0000 -0.0000
20.3904 0.0039 0.0040 0.0027 0.0005 -0.0000 -0.0000
20.4178 0.0038 0.0040 0.0026 0.0005 -0.0000 -0.0000
20.4451 0.0037 0.0038 0.0026 0.0004 -0.0000 -0.0000
20.4724 0.0036 0.0037 0.0025 0.0004 -0.0000 -0.0000
20.4998 0.0035 0.0036 0.0024 0.0003 -0.0000 -0.0000
20.5271 0.0034 0.0034 0.0024 0.0002 -0.0000 -0.0000
20.5544 0.0034 0.0033 0.0023 0.0001 -0.0000 -0.0000
20.5818 0.0033 0.0032 0.0023 0.0000 -0.0000 -0.0000
20.6091 0.0033 0.0031 0.0022 -0.0000 -0.0000 -0.0000
20.6364 0.0034 0.0030 0.0022 -0.0001 -0.0000 -0.0000
20.6638 0.0034 0.0029 0.0022 -0.0001 -0.0000 -0.0000
20.6911 0.0034 0.0028 0.0022 -0.0002 -0.0000 -0.0000
20.7184 0.0035 0.0028 0.0021 -0.0002 -0.0000 -0.0000
20.7458 0.0036 0.0027 0.0021 -0.0003 -0.0000 -0.0000
20.7731 0.0036 0.0027 0.0021 -0.0003 -0.0000 -0.0000
20.8004 0.0037 0.0027 0.0021 -0.0003 -0.0000 -0.0000
20.8278 0.0038 0.0026 0.0021 -0.0004 -0.0000 -0.0000
20.8551 0.0039 0.0026 0.0021 -0.0004 -0.0000 -0.0000
20.8824 0.0040 0.0026 0.0021 -0.0005 -0.0000 -0.0000
20.9098 0.0041 0.0025 0.0021 -0.0005 -0.0000 -0.0000
20.9371 0.0041 0.0025 0.0021 -0.0005 -0.0000 -0.0000
20.9644 0.0041 0.0025 0.0021 -0.0005 -0.0000 -0.0000
20.9918 0.0041 0.0025 0.0021 -0.0006 -0.0000 -0.0000
21.0191 0.0041 0.0025 0.0021 -0.0006 -0.0000 -0.0000
21.0464 0.0040 0.0024 0.0020 -0.0006 -0.0000 -0.0000
21.0738 0.0039 0.0024 0.0020 -0.0005 -0.0000 -0.0000
21.1011 0.0038 0.0024 0.0020 -0.0005 -0.0000 -0.0000
21.1284 0.0036 0.0023 0.0019 -0.0005 -0.0000 -0.0000
21.1558 0.0033 0.0023 0.0019 -0.0005 -0.0000 -0.0000
21.1831 0.0032 0.0022 0.0019 -0.0004 -0.0000 -0.0000
21.2104 0.0030 0.0022 0.0018 -0.0004 -0.0000 -0.0000
21.2378 0.0028 0.0021 0.0018 -0.0003 -0.0000 -0.0000
21.2651 0.0027 0.0021 0.0018 -0.0003 -0.0000 -0.0000
21.2924 0.0026 0.0020 0.0018 -0.0003 -0.0000 -0.0000
21.3198 0.0025 0.0020 0.0018 -0.0002 -0.0000 -0.0000
21.3471 0.0024 0.0019 0.0018 -0.0002 -0.0000 -0.0000
21.3744 0.0023 0.0019 0.0018 -0.0002 -0.0000 -0.0000
21.4018 0.0022 0.0019 0.0017 -0.0002 -0.0000 -0.0000
21.4291 0.0021 0.0018 0.0017 -0.0001 -0.0000 -0.0000
21.4564 0.0021 0.0018 0.0017 -0.0001 -0.0000 -0.0000
21.4838 0.0020 0.0018 0.0017 -0.0001 -0.0000 -0.0000
21.5111 0.0020 0.0018 0.0017 -0.0001 -0.0000 -0.0000
21.5384 0.0020 0.0018 0.0017 -0.0001 -0.0000 -0.0000
21.5658 0.0019 0.0017 0.0017 -0.0001 -0.0000 -0.0000
21.5931 0.0019 0.0017 0.0017 -0.0001 -0.0000 -0.0000
21.6204 0.0019 0.0017 0.0016 -0.0001 -0.0000 -0.0000
21.6478 0.0019 0.0017 0.0016 -0.0001 -0.0000 -0.0000
21.6751 0.0018 0.0017 0.0016 -0.0001 -0.0000 -0.0000
21.7024 0.0018 0.0017 0.0016 -0.0001 -0.0000 -0.0000
21.7298 0.0018 0.0016 0.0016 -0.0001 -0.0000 -0.0000
21.7571 0.0017 0.0016 0.0015 -0.0001 -0.0000 -0.0000
21.7844 0.0017 0.0016 0.0015 -0.0001 -0.0000 -0.0000
21.8118 0.0017 0.0016 0.0015 -0.0000 -0.0000 -0.0000
21.8391 0.0017 0.0016 0.0015 -0.0000 -0.0000 -0.0000
21.8664 0.0017 0.0016 0.0015 -0.0000 -0.0000 -0.0000
21.8938 0.0017 0.0015 0.0015 -0.0000 -0.0000 -0.0000
21.9211 0.0017 0.0015 0.0014 -0.0000 -0.0000 -0.0000
21.9484 0.0016 0.0015 0.0014 -0.0000 -0.0000 -0.0000
21.9757 0.0016 0.0015 0.0014 -0.0000 -0.0000 -0.0000
22.0031 0.0016 0.0015 0.0014 -0.0000 -0.0000 -0.0000
22.0304 0.0016 0.0015 0.0014 -0.0000 -0.0000 -0.0000
22.0577 0.0016 0.0015 0.0014 -0.0000 -0.0000 -0.0000
22.0851 0.0016 0.0015 0.0014 -0.0000 -0.0000 -0.0000
22.1124 0.0016 0.0015 0.0014 -0.0000 -0.0000 -0.0000
22.1397 0.0016 0.0015 0.0014 -0.0000 -0.0000 -0.0000
22.1671 0.0016 0.0014 0.0014 -0.0000 -0.0000 -0.0000
22.1944 0.0016 0.0014 0.0014 -0.0000 -0.0000 -0.0000
22.2217 0.0016 0.0014 0.0013 -0.0000 -0.0000 -0.0000
22.2491 0.0015 0.0014 0.0013 -0.0000 -0.0000 -0.0000
22.2764 0.0015 0.0014 0.0013 -0.0000 -0.0000 -0.0000
22.3037 0.0015 0.0014 0.0013 -0.0000 -0.0000 -0.0000
22.3311 0.0015 0.0014 0.0013 -0.0000 -0.0000 -0.0000
22.3584 0.0015 0.0014 0.0013 -0.0000 -0.0000 -0.0000
22.3857 0.0015 0.0014 0.0013 -0.0000 -0.0000 -0.0000
22.4131 0.0015 0.0014 0.0013 -0.0000 -0.0000 -0.0000
22.4404 0.0015 0.0014 0.0013 -0.0000 -0.0000 -0.0000
22.4677 0.0014 0.0013 0.0013 -0.0000 -0.0000 -0.0000
22.4951 0.0014 0.0013 0.0013 -0.0000 -0.0000 -0.0000
22.5224 0.0014 0.0013 0.0012 -0.0000 -0.0000 -0.0000
22.5497 0.0014 0.0013 0.0012 -0.0000 -0.0000 -0.0000
22.5771 0.0014 0.0013 0.0012 -0.0000 -0.0000 -0.0000
22.6044 0.0014 0.0013 0.0012 -0.0000 -0.0000 -0.0000
22.6317 0.0014 0.0013 0.0012 -0.0000 -0.0000 -0.0000
22.6591 0.0013 0.0013 0.0012 -0.0000 -0.0000 -0.0000
22.6864 0.0013 0.0013 0.0012 -0.0000 -0.0000 -0.0000
22.7137 0.0013 0.0013 0.0012 -0.0000 -0.0000 -0.0000
22.7411 0.0013 0.0013 0.0012 -0.0000 -0.0000 -0.0000
22.7684 0.0013 0.0013 0.0012 -0.0000 -0.0000 -0.0000
22.7957 0.0013 0.0013 0.0012 -0.0000 -0.0000 -0.0000
22.8231 0.0013 0.0013 0.0012 -0.0000 -0.0000 -0.0000
22.8504 0.0013 0.0013 0.0012 -0.0000 -0.0000 -0.0000
22.8777 0.0013 0.0012 0.0012 -0.0000 -0.0000 -0.0000
22.9051 0.0013 0.0012 0.0012 -0.0000 -0.0000 -0.0000
22.9324 0.0013 0.0012 0.0012 -0.0000 -0.0000 -0.0000
22.9597 0.0013 0.0012 0.0011 -0.0000 -0.0000 -0.0000
22.9871 0.0013 0.0012 0.0011 -0.0000 -0.0000 -0.0000
23.0144 0.0013 0.0012 0.0011 -0.0000 -0.0000 -0.0000
23.0417 0.0013 0.0012 0.0011 -0.0000 -0.0000 -0.0000
23.0691 0.0012 0.0012 0.0011 -0.0000 -0.0000 -0.0000
23.0964 0.0012 0.0012 0.0011 -0.0000 -0.0000 -0.0000
23.1237 0.0012 0.0012 0.0011 -0.0000 -0.0000 -0.0000
23.1511 0.0012 0.0012 0.0011 -0.0000 -0.0000 -0.0000
23.1784 0.0012 0.0012 0.0011 -0.0000 -0.0000 -0.0000
23.2057 0.0012 0.0012 0.0011 -0.0000 -0.0000 -0.0000
23.2331 0.0012 0.0012 0.0011 -0.0000 -0.0000 -0.0000
23.2604 0.0012 0.0012 0.0011 -0.0000 -0.0000 -0.0000
23.2877 0.0012 0.0012 0.0011 -0.0000 -0.0000 -0.0000
23.3151 0.0012 0.0012 0.0011 -0.0000 -0.0000 -0.0000
23.3424 0.0012 0.0012 0.0011 -0.0000 -0.0000 -0.0000
23.3697 0.0012 0.0012 0.0011 -0.0000 -0.0000 -0.0000
23.3971 0.0012 0.0011 0.0011 -0.0000 -0.0000 -0.0000
23.4244 0.0012 0.0011 0.0011 -0.0000 -0.0000 -0.0000
23.4517 0.0012 0.0011 0.0011 -0.0000 -0.0000 -0.0000
23.4791 0.0012 0.0011 0.0011 -0.0000 -0.0000 -0.0000
23.5064 0.0012 0.0011 0.0010 -0.0000 -0.0000 -0.0000
23.5337 0.0012 0.0011 0.0010 -0.0000 -0.0000 -0.0000
23.5611 0.0012 0.0011 0.0010 -0.0000 -0.0000 -0.0000
23.5884 0.0011 0.0011 0.0010 -0.0000 -0.0000 -0.0000
23.6157 0.0011 0.0011 0.0010 -0.0000 -0.0000 -0.0000
23.6431 0.0011 0.0011 0.0010 -0.0000 -0.0000 -0.0000
23.6704 0.0011 0.0011 0.0010 -0.0000 -0.0000 -0.0000
23.6977 0.0011 0.0011 0.0010 -0.0000 -0.0000 -0.0000
23.7251 0.0011 0.0011 0.0010 -0.0000 -0.0000 -0.0000
23.7524 0.0011 0.0011 0.0010 -0.0000 -0.0000 -0.0000
23.7797 0.0011 0.0011 0.0010 -0.0000 -0.0000 -0.0000
23.8071 0.0011 0.0011 0.0010 -0.0000 -0.0000 -0.0000
23.8344 0.0011 0.0011 0.0010 -0.0000 -0.0000 -0.0000
23.8617 0.0011 0.0011 0.0010 -0.0000 -0.0000 -0.0000
23.8891 0.0011 0.0011 0.0010 -0.0000 -0.0000 -0.0000
23.9164 0.0011 0.0011 0.0010 -0.0000 -0.0000 -0.0000
23.9437 0.0011 0.0011 0.0010 -0.0000 -0.0000 -0.0000
23.9711 0.0011 0.0011 0.0010 -0.0000 -0.0000 -0.0000
23.9984 0.0011 0.0011 0.0010 -0.0000 -0.0000 -0.0000
24.0257 0.0011 0.0010 0.0010 -0.0000 -0.0000 -0.0000
24.0531 0.0011 0.0010 0.0010 -0.0000 -0.0000 -0.0000
24.0804 0.0011 0.0010 0.0010 -0.0000 -0.0000 -0.0000
24.1077 0.0011 0.0010 0.0010 -0.0000 -0.0000 -0.0000
24.1351 0.0011 0.0010 0.0010 -0.0000 -0.0000 -0.0000
24.1624 0.0011 0.0010 0.0009 -0.0000 -0.0000 -0.0000
24.1897 0.0011 0.0010 0.0009 -0.0000 -0.0000 -0.0000
24.2171 0.0010 0.0010 0.0009 -0.0000 -0.0000 -0.0000
24.2444 0.0010 0.0010 0.0009 -0.0000 -0.0000 -0.0000
24.2717 0.0010 0.0010 0.0009 -0.0000 -0.0000 -0.0000
24.2991 0.0010 0.0010 0.0009 -0.0000 -0.0000 -0.0000
24.3264 0.0010 0.0010 0.0009 -0.0000 -0.0000 -0.0000
24.3537 0.0010 0.0010 0.0009 -0.0000 -0.0000 -0.0000
24.3811 0.0010 0.0010 0.0009 -0.0000 -0.0000 -0.0000
24.4084 0.0010 0.0010 0.0009 -0.0000 -0.0000 -0.0000
24.4357 0.0010 0.0010 0.0009 -0.0000 -0.0000 -0.0000
24.4631 0.0010 0.0010 0.0009 -0.0000 -0.0000 -0.0000
24.4904 0.0010 0.0010 0.0009 -0.0000 -0.0000 -0.0000
24.5177 0.0010 0.0010 0.0009 -0.0000 -0.0000 -0.0000
24.5451 0.0010 0.0010 0.0009 -0.0000 -0.0000 -0.0000
24.5724 0.0010 0.0010 0.0009 -0.0000 -0.0000 -0.0000
24.5997 0.0010 0.0010 0.0009 -0.0000 -0.0000 -0.0000
24.6271 0.0010 0.0010 0.0009 -0.0000 -0.0000 -0.0000
24.6544 0.0010 0.0010 0.0009 -0.0000 -0.0000 -0.0000
24.6817 0.0010 0.0010 0.0009 -0.0000 -0.0000 -0.0000
24.7091 0.0010 0.0010 0.0009 -0.0000 -0.0000 -0.0000
24.7364 0.0010 0.0009 0.0009 -0.0000 -0.0000 -0.0000
24.7637 0.0010 0.0009 0.0009 -0.0000 -0.0000 -0.0000
24.7911 0.0010 0.0009 0.0009 -0.0000 -0.0000 -0.0000
24.8184 0.0010 0.0009 0.0009 -0.0000 -0.0000 -0.0000
24.8457 0.0010 0.0009 0.0009 -0.0000 -0.0000 -0.0000
24.8730 0.0010 0.0009 0.0009 -0.0000 -0.0000 -0.0000
24.9004 0.0010 0.0009 0.0009 -0.0000 -0.0000 -0.0000
24.9277 0.0009 0.0009 0.0009 -0.0000 -0.0000 -0.0000
24.9550 0.0009 0.0009 0.0008 -0.0000 -0.0000 -0.0000
24.9824 0.0009 0.0009 0.0008 -0.0000 -0.0000 -0.0000
25.0097 0.0009 0.0009 0.0008 -0.0000 -0.0000 -0.0000
25.0370 0.0009 0.0009 0.0008 -0.0000 -0.0000 -0.0000
25.0644 0.0009 0.0009 0.0008 -0.0000 -0.0000 -0.0000
25.0917 0.0009 0.0009 0.0008 -0.0000 -0.0000 -0.0000
25.1190 0.0009 0.0009 0.0008 -0.0000 -0.0000 -0.0000
25.1464 0.0009 0.0009 0.0008 -0.0000 -0.0000 -0.0000
25.1737 0.0009 0.0009 0.0008 -0.0000 -0.0000 -0.0000
25.2010 0.0009 0.0009 0.0008 -0.0000 -0.0000 -0.0000
25.2284 0.0009 0.0009 0.0008 -0.0000 -0.0000 -0.0000
25.2557 0.0009 0.0009 0.0008 -0.0000 -0.0000 -0.0000
25.2830 0.0009 0.0009 0.0008 -0.0000 -0.0000 -0.0000
25.3104 0.0009 0.0009 0.0008 -0.0000 -0.0000 -0.0000
25.3377 0.0009 0.0009 0.0008 -0.0000 -0.0000 -0.0000
25.3650 0.0009 0.0009 0.0008 -0.0000 -0.0000 -0.0000
25.3924 0.0009 0.0009 0.0008 -0.0000 -0.0000 -0.0000
25.4197 0.0009 0.0009 0.0008 -0.0000 -0.0000 -0.0000
25.4470 0.0009 0.0009 0.0008 -0.0000 -0.0000 -0.0000
25.4744 0.0009 0.0009 0.0008 -0.0000 -0.0000 -0.0000
25.5017 0.0009 0.0009 0.0008 -0.0000 -0.0000 -0.0000
25.5290 0.0009 0.0009 0.0008 -0.0000 -0.0000 -0.0000
25.5564 0.0009 0.0008 0.0008 -0.0000 -0.0000 -0.0000
25.5837 0.0009 0.0008 0.0008 -0.0000 -0.0000 -0.0000
25.6110 0.0009 0.0008 0.0008 -0.0000 -0.0000 -0.0000
25.6384 0.0009 0.0008 0.0008 -0.0000 -0.0000 -0.0000
25.6657 0.0009 0.0008 0.0008 -0.0000 -0.0000 -0.0000
25.6930 0.0009 0.0008 0.0008 -0.0000 -0.0000 -0.0000
25.7204 0.0009 0.0008 0.0008 -0.0000 -0.0000 -0.0000
25.7477 0.0009 0.0008 0.0008 -0.0000 -0.0000 -0.0000
25.7750 0.0008 0.0008 0.0008 -0.0000 -0.0000 -0.0000
25.8024 0.0008 0.0008 0.0008 -0.0000 -0.0000 -0.0000
25.8297 0.0008 0.0008 0.0008 -0.0000 -0.0000 -0.0000
25.8570 0.0008 0.0008 0.0007 -0.0000 -0.0000 -0.0000
25.8844 0.0008 0.0008 0.0007 -0.0000 -0.0000 -0.0000
25.9117 0.0008 0.0008 0.0007 -0.0000 -0.0000 -0.0000
25.9390 0.0008 0.0008 0.0007 -0.0000 -0.0000 -0.0000
25.9664 0.0008 0.0008 0.0007 -0.0000 -0.0000 -0.0000
25.9937 0.0008 0.0008 0.0007 -0.0000 -0.0000 -0.0000
26.0210 0.0008 0.0008 0.0007 -0.0000 -0.0000 -0.0000
26.0484 0.0008 0.0008 0.0007 -0.0000 -0.0000 -0.0000
26.0757 0.0008 0.0008 0.0007 -0.0000 -0.0000 -0.0000
26.1030 0.0008 0.0008 0.0007 -0.0000 -0.0000 -0.0000
26.1304 0.0008 0.0008 0.0007 -0.0000 -0.0000 -0.0000
26.1577 0.0008 0.0008 0.0007 -0.0000 -0.0000 -0.0000
26.1850 0.0008 0.0008 0.0007 -0.0000 -0.0000 -0.0000
26.2124 0.0008 0.0008 0.0007 -0.0000 -0.0000 -0.0000
26.2397 0.0008 0.0008 0.0007 -0.0000 -0.0000 -0.0000
26.2670 0.0008 0.0008 0.0007 -0.0000 -0.0000 -0.0000
26.2944 0.0008 0.0008 0.0007 -0.0000 -0.0000 -0.0000
26.3217 0.0008 0.0008 0.0007 -0.0000 -0.0000 -0.0000
26.3490 0.0008 0.0008 0.0007 -0.0000 -0.0000 -0.0000
26.3764 0.0008 0.0008 0.0007 -0.0000 -0.0000 -0.0000
26.4037 0.0008 0.0008 0.0007 -0.0000 -0.0000 -0.0000
26.4310 0.0008 0.0008 0.0007 -0.0000 -0.0000 -0.0000
26.4584 0.0008 0.0008 0.0007 -0.0000 -0.0000 -0.0000
26.4857 0.0008 0.0008 0.0007 -0.0000 -0.0000 -0.0000
26.5130 0.0008 0.0008 0.0007 -0.0000 -0.0000 -0.0000
26.5404 0.0008 0.0007 0.0007 -0.0000 -0.0000 -0.0000
26.5677 0.0008 0.0007 0.0007 -0.0000 -0.0000 -0.0000
26.5950 0.0008 0.0007 0.0007 -0.0000 -0.0000 -0.0000
26.6224 0.0008 0.0007 0.0007 -0.0000 -0.0000 -0.0000
26.6497 0.0008 0.0007 0.0007 -0.0000 -0.0000 -0.0000
26.6770 0.0008 0.0007 0.0007 -0.0000 -0.0000 -0.0000
26.7044 0.0008 0.0007 0.0007 -0.0000 -0.0000 -0.0000
26.7317 0.0008 0.0007 0.0007 -0.0000 -0.0000 -0.0000
26.7590 0.0008 0.0007 0.0007 -0.0000 -0.0000 -0.0000
26.7864 0.0007 0.0007 0.0007 -0.0000 -0.0000 -0.0000
26.8137 0.0007 0.0007 0.0007 -0.0000 -0.0000 -0.0000
26.8410 0.0007 0.0007 0.0007 -0.0000 -0.0000 -0.0000
26.8684 0.0007 0.0007 0.0007 -0.0000 -0.0000 -0.0000
26.8957 0.0007 0.0007 0.0007 -0.0000 -0.0000 -0.0000
26.9230 0.0007 0.0007 0.0007 -0.0000 -0.0000 -0.0000
26.9504 0.0007 0.0007 0.0007 -0.0000 -0.0000 -0.0000
26.9777 0.0007 0.0007 0.0006 -0.0000 -0.0000 -0.0000
27.0050 0.0007 0.0007 0.0006 -0.0000 -0.0000 -0.0000
27.0324 0.0007 0.0007 0.0006 -0.0000 -0.0000 -0.0000
27.0597 0.0007 0.0007 0.0006 -0.0000 -0.0000 -0.0000
27.0870 0.0007 0.0007 0.0006 -0.0000 -0.0000 -0.0000
27.1144 0.0007 0.0007 0.0006 -0.0000 -0.0000 -0.0000
27.1417 0.0007 0.0007 0.0006 -0.0000 -0.0000 -0.0000
27.1690 0.0007 0.0007 0.0006 -0.0000 -0.0000 -0.0000
27.1964 0.0007 0.0007 0.0006 -0.0000 -0.0000 -0.0000
27.2237 0.0007 0.0007 0.0006 -0.0000 -0.0000 -0.0000
27.2510 0.0007 0.0007 0.0006 -0.0000 -0.0000 -0.0000
27.2784 0.0007 0.0007 0.0006 -0.0000 -0.0000 -0.0000
27.3057 0.0007 0.0007 0.0006 -0.0000 -0.0000 -0.0000
      
      
      
      
      
dim="1">gridpoints</dimension>      
      
      
      
      
      
      
      
      
0.0000 18.3880 0.0492 -0.0000 -0.0000 0.0000 -0.0000
0.0273 18.3880 0.0492 -0.0000 -0.0000 0.0000 -0.0000
0.0547 8.4680 0.0238 0.0000 0.0000 0.0000 -0.0000
0.0820 6.1590 0.0164 -0.0000 -0.0000 -0.0000 -0.0000
0.1093 4.2161 0.0119 0.0000 0.0000 -0.0000 -0.0000
0.1367 4.0111 0.0102 -0.0000 -0.0000 -0.0000 -0.0000
0.1640 3.3589 0.0085 -0.0000 -0.0000 0.0000 -0.0000
0.1913 1.9449 0.0035 0.0004 0.1111 0.0000 -0.0000
0.2187 1.6949 0.0031 -0.0001 0.0811 -0.0000 -0.0000
0.2460 ********** ********** ********** 99999.0000 99999.0000 **********
0.2733 ********** ********** ********** 99999.0000 99999.0000 **********
0.3007 ********** ********** ********** 99999.0000 99999.0000 **********
0.3280 ********** ********** ********** 99999.0000 99999.0000 **********
0.3553 ********** ********** ********** 99999.0000 99999.0000 **********
0.3827 ********** ********** ********** 99999.0000 99999.0000 **********
0.4100 -0.7418 0.0372 1.0741 0.5879 0.0000 0.0000
0.4373 -0.5641 0.0515 0.9019 0.5157 0.0000 0.0000
0.4647 1.0916 0.0029 -0.0000 -0.0000 0.0000 -0.0000
0.4920 0.9511 0.0026 0.0000 0.0000 0.0000 -0.0000
0.5193 0.9848 0.0026 -0.0000 -0.0000 -0.0000 -0.0000
0.5467 0.8556 0.0024 0.0000 0.0000 -0.0000 -0.0000
0.5740 0.9707 0.0024 -0.0000 -0.0000 -0.0000 -0.0000
0.6013 0.9326 0.0023 -0.0000 -0.0000 0.0000 -0.0000
0.6287 0.6044 0.0011 0.0001 -0.0031 0.0000 -0.0000
0.6560 0.5780 0.0010 -0.0000 -0.0030 -0.0000 -0.0000
0.6833 ********** ********** ********** 99999.0000 99999.0000 **********
0.7107 ********** ********** ********** 99999.0000 99999.0000 **********
0.7380 ********** ********** ********** 99999.0000 99999.0000 **********
0.7653 ********** ********** ********** 99999.0000 99999.0000 **********
0.7927 ********** ********** ********** 99999.0000 99999.0000 **********
0.8200 ********** ********** ********** 99999.0000 99999.0000 **********
0.8473 0.0783 0.0275 0.1362 0.0393 0.0000 -0.0000
0.8747 0.0182 0.0302 0.1233 0.0525 0.0000 0.0000
0.9020 0.5828 0.0015 0.0000 0.0000 0.0000 -0.0000
0.9293 0.5227 0.0014 -0.0000 -0.0000 0.0000 -0.0000
0.9567 0.5558 0.0014 0.0000 0.0000 -0.0000 -0.0000
0.9840 0.4950 0.0013 -0.0000 -0.0000 -0.0000 -0.0000
1.0113 0.5745 0.0014 -0.0000 -0.0000 -0.0000 -0.0000
1.0387 0.5639 0.0013 -0.0000 -0.0000 0.0000 -0.0000
1.0660 0.3742 0.0006 0.0001 -0.0009 0.0000 -0.0000
1.0933 0.3648 0.0006 -0.0000 -0.0009 -0.0000 -0.0000
1.1207 ********** ********** ********** 99999.0000 99999.0000 **********
1.1480 ********** ********** ********** 99999.0000 99999.0000 **********
1.1753 ********** ********** ********** 99999.0000 99999.0000 **********
1.2027 ********** ********** ********** 99999.0000 99999.0000 **********
1.2300 ********** ********** ********** 99999.0000 99999.0000 **********
1.2573 ********** ********** ********** 99999.0000 99999.0000 **********
1.2847 0.0251 0.0145 0.0397 0.0404 0.0000 -0.0000
1.3120 0.0241 0.0137 0.0373 0.0354 0.0000 -0.0000
1.3393 0.4178 0.0010 0.0000 0.0000 0.0000 -0.0000
1.3667 0.3790 0.0010 -0.0000 0.0000 0.0000 -0.0000
1.3940 0.4073 0.0010 0.0000 -0.0000 -0.0000 -0.0000
1.4213 0.3668 0.0009 0.0000 0.0000 -0.0000 -0.0000
1.4487 0.4300 0.0010 0.0000 0.0000 -0.0000 -0.0000
1.4760 0.4261 0.0009 0.0000 -0.0000 0.0000 -0.0000
1.5033 0.2872 0.0005 0.0001 -0.0003 0.0000 -0.0000
1.5306 0.2826 0.0004 -0.0000 -0.0003 -0.0000 -0.0000
1.5580 ********** ********** ********** 99999.0000 99999.0000 **********
1.5853 ********** ********** ********** 99999.0000 99999.0000 **********
1.6126 ********** ********** ********** 99999.0000 99999.0000 **********
1.6400 ********** ********** ********** 99999.0000 99999.0000 **********
1.6673 ********** ********** ********** 99999.0000 99999.0000 **********
1.6946 ********** ********** ********** 99999.0000 99999.0000 **********
1.7220 -0.0131 -0.0029 0.0165 0.0035 -0.0000 0.0000
1.7493 -0.0191 -0.0020 0.0158 0.0114 -0.0000 0.0000
1.7766 0.3460 0.0008 -0.0000 0.0000 0.0000 -0.0000
1.8040 0.3160 0.0007 0.0000 0.0000 0.0000 -0.0000
1.8313 0.3419 0.0007 0.0000 -0.0000 -0.0000 -0.0000
1.8586 0.3102 0.0007 0.0000 0.0000 -0.0000 -0.0000
1.8860 0.3658 0.0007 0.0000 -0.0000 -0.0000 -0.0000
1.9133 0.3648 0.0007 0.0000 -0.0000 0.0000 -0.0000
1.9406 0.2497 0.0004 0.0001 -0.0002 0.0000 -0.0000
1.9680 0.2475 0.0003 -0.0001 -0.0001 -0.0000 -0.0000
1.9953 ********** ********** ********** 99999.0000 99999.0000 **********
2.0226 ********** ********** ********** 99999.0000 99999.0000 **********
2.0500 ********** ********** ********** 99999.0000 99999.0000 **********
2.0773 ********** ********** ********** 99999.0000 99999.0000 **********
2.1046 ********** ********** ********** 99999.0000 99999.0000 **********
2.1320 ********** ********** ********** 99999.0000 99999.0000 **********
2.1593 0.0026 -0.0018 0.0083 -0.0002 0.0000 -0.0000
2.1866 0.0030 -0.0020 0.0081 0.0015 -0.0000 -0.0000
2.2140 0.3169 0.0006 -0.0000 0.0000 0.0000 -0.0000
2.2413 0.2910 0.0006 -0.0000 0.0000 0.0000 -0.0000
2.2686 0.3166 0.0006 -0.0000 0.0000 -0.0000 -0.0000
2.2960 0.2890 0.0006 -0.0000 0.0000 -0.0000 -0.0000
2.3233 0.3425 0.0006 0.0000 -0.0000 -0.0000 -0.0000
2.3506 0.3432 0.0006 0.0000 -0.0000 0.0000 -0.0000
2.3780 0.2390 0.0003 0.0001 -0.0001 0.0000 -0.0000
2.4053 0.2384 0.0003 -0.0000 -0.0001 -0.0000 -0.0000
2.4326 ********** ********** ********** 99999.0000 99999.0000 **********
2.4600 ********** ********** ********** 99999.0000 99999.0000 **********
2.4873 ********** ********** ********** 99999.0000 99999.0000 **********
2.5146 ********** ********** ********** 99999.0000 99999.0000 **********
2.5420 ********** ********** ********** 99999.0000 99999.0000 **********
2.5693 ********** ********** ********** 99999.0000 99999.0000 **********
2.5966 0.0067 0.0020 0.0047 -0.0004 0.0000 -0.0000
2.6240 0.0040 0.0004 0.0047 -0.0003 0.0000 -0.0000
2.6513 0.3165 0.0005 -0.0000 0.0000 0.0000 -0.0000
2.6786 0.2921 0.0005 0.0000 0.0000 0.0000 -0.0000
2.7060 0.3192 0.0005 0.0000 -0.0000 -0.0000 -0.0000
2.7333 0.2932 0.0005 0.0000 -0.0000 -0.0000 -0.0000
2.7606 0.3489 0.0005 -0.0000 0.0000 -0.0000 -0.0000
2.7880 0.3513 0.0005 0.0000 0.0000 0.0000 -0.0000
2.8153 0.2495 0.0002 0.0001 -0.0000 0.0000 -0.0000
2.8426 0.2502 0.0002 -0.0000 -0.0000 -0.0000 -0.0000
2.8700 ********** ********** ********** 99999.0000 99999.0000 **********
2.8973 ********** ********** ********** 99999.0000 99999.0000 **********
2.9246 ********** ********** ********** 99999.0000 99999.0000 **********
2.9520 ********** ********** ********** 99999.0000 99999.0000 **********
2.9793 ********** ********** ********** 99999.0000 99999.0000 **********
3.0066 ********** ********** ********** 99999.0000 99999.0000 **********
3.0340 0.0018 0.0025 0.0028 0.0005 0.0000 -0.0000
3.0613 -0.0011 0.0015 0.0029 -0.0006 0.0000 0.0000
3.0886 0.3424 0.0004 -0.0000 0.0000 0.0000 -0.0000
3.1160 0.3175 0.0004 0.0000 -0.0000 0.0000 -0.0000
3.1433 0.3485 0.0004 0.0000 -0.0000 -0.0000 -0.0000
3.1706 0.3218 0.0004 0.0000 -0.0000 -0.0000 -0.0000
3.1980 0.3845 0.0004 -0.0000 0.0000 -0.0000 -0.0000
3.2253 0.3886 0.0004 0.0000 0.0000 0.0000 -0.0000
3.2526 0.2811 0.0002 0.0001 -0.0000 0.0000 -0.0000
3.2800 0.2832 0.0002 -0.0001 -0.0000 -0.0000 -0.0000
3.3073 ********** ********** ********** 99999.0000 99999.0000 **********
3.3346 ********** ********** ********** 99999.0000 99999.0000 **********
3.3620 ********** ********** ********** 99999.0000 99999.0000 **********
3.3893 ********** ********** ********** 99999.0000 99999.0000 **********
3.4166 ********** ********** ********** 99999.0000 99999.0000 **********
3.4440 ********** ********** ********** 99999.0000 99999.0000 **********
3.4713 0.0083 -0.0010 0.0017 -0.0029 -0.0000 -0.0000
3.4986 0.0055 -0.0002 0.0018 -0.0013 -0.0000 -0.0000
3.5260 0.3964 0.0004 -0.0000 0.0000 0.0000 -0.0000
3.5533 0.3685 0.0004 0.0000 -0.0000 0.0000 -0.0000
3.5806 0.4057 0.0004 0.0000 -0.0000 -0.0000 -0.0000
3.6080 0.3761 0.0004 0.0000 -0.0000 0.0000 -0.0000
3.6353 0.4504 0.0004 -0.0000 0.0000 -0.0000 -0.0000
3.6626 0.4561 0.0004 0.0000 0.0000 0.0000 -0.0000
3.6900 0.3328 0.0002 -0.0000 -0.0000 -0.0000 -0.0000
3.7173 0.3359 0.0002 0.0000 -0.0000 0.0000 -0.0000
3.7446 ********** ********** ********** 99999.0000 99999.0000 **********
3.7720 ********** ********** ********** 99999.0000 99999.0000 **********
3.7993 ********** ********** ********** 99999.0000 99999.0000 **********
3.8266 ********** ********** ********** 99999.0000 99999.0000 **********
3.8540 ********** ********** ********** 99999.0000 99999.0000 **********
3.8813 ********** ********** ********** 99999.0000 99999.0000 **********
3.9086 -0.0025 -0.0002 -0.0001 0.0040 -0.0000 0.0000
3.9360 0.0032 0.0003 0.0012 0.0034 -0.0000 -0.0000
3.9633 0.4690 0.0003 -0.0000 0.0000 -0.0000 -0.0000
3.9906 0.4348 0.0003 0.0000 -0.0000 -0.0000 -0.0000
4.0180 0.4775 0.0003 0.0000 -0.0000 0.0000 -0.0000
4.0453 0.4408 0.0003 0.0000 -0.0000 0.0000 -0.0000
4.0726 0.5260 0.0004 -0.0000 0.0000 0.0000 -0.0000
4.1000 0.5295 0.0003 0.0000 0.0000 -0.0000 -0.0000
4.1273 0.3731 0.0002 -0.0000 -0.0000 0.0000 -0.0000
4.1546 0.3716 0.0002 0.0000 -0.0000 0.0000 -0.0000
4.1820 ********** ********** ********** 99999.0000 99999.0000 **********
4.2093 ********** ********** ********** 99999.0000 99999.0000 **********
4.2366 ********** ********** ********** 99999.0000 99999.0000 **********
4.2640 ********** ********** ********** 99999.0000 99999.0000 **********
4.2913 ********** ********** ********** 99999.0000 99999.0000 **********
4.3186 ********** ********** ********** 99999.0000 99999.0000 **********
4.3460 -0.0108 0.0000 0.0011 0.0021 0.0000 0.0000
4.3733 -0.0117 0.0001 0.0010 0.0004 0.0000 0.0000
4.4006 0.4466 0.0003 0.0000 0.0000 -0.0000 -0.0000
4.4279 0.3983 0.0003 -0.0000 -0.0000 -0.0000 -0.0000
4.4553 0.4214 0.0003 0.0000 -0.0000 0.0000 -0.0000
4.4826 0.3713 0.0003 0.0000 -0.0000 0.0000 -0.0000
4.5099 0.4241 0.0003 -0.0000 0.0000 0.0000 -0.0000
4.5373 0.4046 0.0003 0.0000 0.0000 -0.0000 -0.0000
4.5646 0.1960 0.0002 -0.0000 -0.0000 0.0000 -0.0000
4.5919 0.1719 0.0002 0.0000 -0.0000 0.0000 -0.0000
4.6193 ********** ********** ********** 99999.0000 99999.0000 **********
4.6466 ********** ********** ********** 99999.0000 99999.0000 **********
4.6739 ********** ********** ********** 99999.0000 99999.0000 **********
4.7013 ********** ********** ********** 99999.0000 99999.0000 **********
4.7286 ********** ********** ********** 99999.0000 99999.0000 **********
4.7559 ********** ********** ********** 99999.0000 99999.0000 **********
4.7833 0.0035 0.0014 0.0008 0.0004 -0.0000 -0.0000
4.8106 0.0002 0.0010 0.0008 -0.0015 -0.0000 -0.0000
4.8379 0.1116 0.0003 0.0000 0.0000 -0.0000 -0.0000
4.8653 0.0777 0.0003 -0.0000 -0.0000 0.0000 -0.0000
4.8926 0.0572 0.0003 -0.0000 -0.0000 -0.0000 -0.0000
4.9199 0.0251 0.0003 0.0000 -0.0000 0.0000 -0.0000
4.9473 -0.0023 0.0003 -0.0000 0.0000 0.0000 0.0000
4.9746 -0.0366 0.0003 0.0000 0.0000 -0.0000 0.0000
5.0019 -0.2405 0.0001 -0.0000 -0.0000 0.0000 0.0000
5.0293 -0.2332 0.0001 0.0000 -0.0000 0.0000 0.0000
5.0566 ********** ********** ********** 99999.0000 99999.0000 **********
5.0839 ********** ********** ********** 99999.0000 99999.0000 **********
5.1113 ********** ********** ********** 99999.0000 99999.0000 **********
5.1386 ********** ********** ********** 99999.0000 99999.0000 **********
5.1659 ********** ********** ********** 99999.0000 99999.0000 **********
5.1933 ********** ********** ********** 99999.0000 99999.0000 **********
5.2206 0.0016 -0.0001 0.0006 -0.0002 -0.0000 -0.0000
5.2479 0.0023 0.0001 0.0006 -0.0013 -0.0000 -0.0000
5.2753 -0.2850 0.0003 0.0000 0.0000 -0.0000 0.0000
5.3026 -0.2512 0.0003 -0.0000 -0.0000 0.0000 0.0000
5.3299 -0.2613 0.0003 -0.0000 -0.0000 -0.0000 0.0000
5.3573 -0.2300 0.0003 0.0000 -0.0000 0.0000 0.0000
5.3846 -0.2593 0.0003 -0.0000 0.0000 0.0000 0.0000
5.4119 -0.2473 0.0003 0.0000 0.0000 -0.0000 0.0000
5.4393 -0.1214 0.0001 -0.0000 -0.0000 0.0000 0.0000
5.4666 -0.1174 0.0001 0.0000 -0.0000 0.0000 0.0000
5.4939 ********** ********** ********** 99999.0000 99999.0000 **********
5.5213 ********** ********** ********** 99999.0000 99999.0000 **********
5.5486 ********** ********** ********** 99999.0000 99999.0000 **********
5.5759 ********** ********** ********** 99999.0000 99999.0000 **********
5.6033 ********** ********** ********** 99999.0000 99999.0000 **********
5.6306 ********** ********** ********** 99999.0000 99999.0000 **********
5.6579 0.0006 -0.0017 0.0005 -0.0001 0.0000 -0.0000
5.6853 0.0010 -0.0018 0.0005 0.0003 0.0000 -0.0000
5.7126 -0.1484 0.0002 -0.0000 0.0000 -0.0000 0.0000
5.7399 -0.1316 0.0002 -0.0000 -0.0000 0.0000 0.0000
5.7673 -0.1383 0.0002 0.0000 -0.0000 -0.0000 0.0000
5.7946 -0.1237 0.0002 0.0000 0.0000 0.0000 0.0000
5.8219 -0.1411 0.0003 -0.0000 -0.0000 0.0000 0.0000
5.8493 -0.1363 0.0003 0.0000 0.0000 -0.0000 0.0000
5.8766 -0.0738 0.0001 -0.0000 -0.0000 0.0000 0.0000
5.9039 -0.0722 0.0001 0.0000 -0.0000 0.0000 0.0000
5.9313 ********** ********** ********** 99999.0000 99999.0000 **********
5.9586 ********** ********** ********** 99999.0000 99999.0000 **********
5.9859 ********** ********** ********** 99999.0000 99999.0000 **********
6.0133 ********** ********** ********** 99999.0000 99999.0000 **********
6.0406 ********** ********** ********** 99999.0000 99999.0000 **********
6.0679 ********** ********** ********** 99999.0000 99999.0000 **********
6.0953 -0.0007 0.0006 0.0004 -0.0002 -0.0000 0.0000
6.1226 -0.0008 0.0006 0.0004 -0.0004 -0.0000 0.0000
6.1499 -0.0933 0.0002 -0.0000 -0.0000 -0.0000 0.0000
6.1773 -0.0835 0.0002 -0.0000 -0.0000 0.0000 0.0000
6.2046 -0.0883 0.0002 0.0000 0.0000 -0.0000 0.0000
6.2319 -0.0799 0.0002 0.0000 0.0000 0.0000 0.0000
6.2593 -0.0914 0.0002 0.0000 0.0000 0.0000 0.0000
6.2866 -0.0888 0.0002 -0.0000 -0.0000 -0.0000 0.0000
6.3139 -0.0503 0.0001 0.0000 -0.0000 0.0000 0.0000
6.3413 -0.0496 0.0001 0.0000 -0.0000 0.0000 0.0000
6.3686 ********** ********** ********** 99999.0000 99999.0000 **********
6.3959 ********** ********** ********** 99999.0000 99999.0000 **********
6.4233 ********** ********** ********** 99999.0000 99999.0000 **********
6.4506 99999.0000 99999.0000 99999.0000 ********** ********** 99999.0000
6.4779 99999.0000 99999.0000 99999.0000 ********** ********** 99999.0000
6.5053 99999.0000 99999.0000 99999.0000 ********** ********** 99999.0000
6.5326 0.0010 -0.0009 0.0003 -0.0008 -0.0000 -0.0000
6.5599 0.0012 -0.0009 0.0003 -0.0004 -0.0000 -0.0000
6.5873 -0.0650 0.0002 0.0000 0.0000 -0.0000 0.0000
6.6146 -0.0585 0.0002 0.0000 -0.0000 0.0000 0.0000
6.6419 -0.0620 0.0002 -0.0000 -0.0000 -0.0000 0.0000
6.6693 -0.0565 0.0002 -0.0000 -0.0000 0.0000 0.0000
6.6966 -0.0647 0.0002 0.0000 0.0000 0.0000 0.0000
6.7239 -0.0630 0.0002 -0.0000 -0.0000 0.0000 0.0000
6.7513 -0.0366 0.0001 0.0000 -0.0000 0.0000 0.0000
6.7786 -0.0363 0.0001 0.0000 -0.0000 0.0000 0.0000
6.8059 99999.0000 99999.0000 99999.0000 ********** ********** 99999.0000
6.8333 99999.0000 99999.0000 99999.0000 ********** ********** 99999.0000
6.8606 99999.0000 99999.0000 99999.0000 ********** ********** 99999.0000
6.8879 99999.0000 99999.0000 99999.0000 ********** ********** 99999.0000
6.9153 99999.0000 99999.0000 99999.0000 ********** ********** 99999.0000
6.9426 99999.0000 99999.0000 99999.0000 ********** ********** 99999.0000
6.9699 0.0008 -0.0010 0.0002 -0.0001 0.0000 -0.0000
6.9973 -0.0000 -0.0007 0.0002 0.0003 0.0000 0.0000
7.0246 -0.0481 0.0002 0.0000 0.0000 -0.0000 0.0000
7.0519 -0.0434 0.0002 0.0000 -0.0000 0.0000 0.0000
7.0793 -0.0460 0.0002 -0.0000 -0.0000 -0.0000 0.0000
7.1066 -0.0423 0.0002 -0.0000 0.0000 0.0000 0.0000
7.1339 -0.0483 0.0002 0.0000 0.0000 0.0000 0.0000
7.1613 -0.0470 0.0002 -0.0000 -0.0000 0.0000 0.0000
7.1886 -0.0278 0.0001 0.0000 -0.0000 0.0000 0.0000
7.2159 -0.0277 0.0001 0.0000 -0.0000 0.0000 0.0000
7.2433 99999.0000 99999.0000 99999.0000 ********** ********** 99999.0000
7.2706 99999.0000 99999.0000 99999.0000 ********** ********** 99999.0000
7.2979 99999.0000 99999.0000 99999.0000 ********** ********** 99999.0000
7.3252 99999.0000 99999.0000 99999.0000 ********** ********** 99999.0000
7.3526 99999.0000 99999.0000 99999.0000 ********** ********** 99999.0000
7.3799 99999.0000 99999.0000 99999.0000 ********** ********** 99999.0000
7.4072 0.0015 -0.0005 0.0002 0.0002 0.0000 -0.0000
7.4346 0.0010 -0.0004 0.0002 0.0005 0.0000 -0.0000
7.4619 -0.0371 0.0002 -0.0000 0.0000 -0.0000 0.0000
7.4892 -0.0336 0.0002 0.0000 -0.0000 0.0000 0.0000
7.5166 -0.0355 0.0002 0.0000 -0.0000 -0.0000 0.0000
7.5439 -0.0329 0.0002 -0.0000 0.0000 0.0000 0.0000
7.5712 -0.0373 0.0002 -0.0000 0.0000 0.0000 0.0000
7.5986 -0.0363 0.0002 0.0000 -0.0000 0.0000 0.0000
7.6259 -0.0218 0.0001 0.0000 -0.0000 0.0000 0.0000
7.6532 -0.0218 0.0001 0.0000 -0.0000 0.0000 0.0000
7.6806 99999.0000 99999.0000 99999.0000 ********** ********** 99999.0000
7.7079 99999.0000 99999.0000 99999.0000 ********** ********** 99999.0000
7.7352 99999.0000 99999.0000 99999.0000 ********** ********** 99999.0000
7.7626 99999.0000 99999.0000 99999.0000 ********** ********** 99999.0000
7.7899 99999.0000 99999.0000 99999.0000 ********** ********** 99999.0000
7.8172 99999.0000 99999.0000 99999.0000 ********** ********** 99999.0000
7.8446 0.0003 0.0001 0.0002 0.0005 0.0000 -0.0000
7.8719 0.0013 0.0002 0.0001 0.0005 0.0000 -0.0000
7.8992 -0.0294 0.0002 0.0000 0.0000 -0.0000 0.0000
7.9266 -0.0268 0.0002 0.0000 0.0000 0.0000 0.0000
7.9539 -0.0282 0.0002 -0.0000 0.0000 -0.0000 0.0000
7.9812 -0.0264 0.0002 0.0000 -0.0000 0.0000 0.0000
8.0086 -0.0295 0.0002 0.0000 -0.0000 0.0000 0.0000
8.0359 -0.0287 0.0002 -0.0000 0.0000 0.0000 0.0000
8.0632 -0.0174 0.0001 0.0000 -0.0000 0.0000 0.0000
8.0906 -0.0175 0.0001 0.0000 -0.0000 0.0000 0.0000
8.1179 99999.0000 99999.0000 99999.0000 ********** ********** 99999.0000
8.1452 99999.0000 99999.0000 99999.0000 ********** ********** 99999.0000
8.1726 99999.0000 99999.0000 99999.0000 ********** ********** 99999.0000
8.1999 99999.0000 99999.0000 99999.0000 ********** ********** 99999.0000
8.2272 99999.0000 99999.0000 99999.0000 ********** ********** 99999.0000
8.2546 99999.0000 99999.0000 99999.0000 ********** ********** 99999.0000
8.2819 -0.0010 0.0005 0.0004 0.0002 0.0000 0.0000
8.3092 -0.0014 0.0006 0.0001 0.0003 0.0000 0.0000
8.3366 -0.0239 0.0002 0.0000 -0.0000 -0.0000 0.0000
8.3639 -0.0219 0.0002 -0.0000 0.0000 0.0000 0.0000
8.3912 -0.0228 0.0002 -0.0000 0.0000 -0.0000 0.0000
8.4186 -0.0217 0.0002 0.0000 -0.0000 0.0000 0.0000
8.4459 -0.0237 0.0002 0.0000 -0.0000 0.0000 0.0000
8.4732 -0.0230 0.0002 -0.0000 0.0000 -0.0000 0.0000
8.5006 -0.0142 0.0001 0.0000 -0.0000 -0.0000 0.0000
8.5279 -0.0143 0.0001 0.0000 -0.0000 -0.0000 0.0000
8.5552 99999.0000 99999.0000 99999.0000 ********** ********** 99999.0000
8.5826 99999.0000 99999.0000 99999.0000 ********** ********** 99999.0000
8.6099 99999.0000 99999.0000 99999.0000 ********** ********** 99999.0000
8.6372 99999.0000 99999.0000 99999.0000 ********** ********** 99999.0000
8.6646 99999.0000 99999.0000 99999.0000 ********** ********** 99999.0000
8.6919 99999.0000 99999.0000 99999.0000 ********** ********** 99999.0000
8.7192 0.0008 0.0000 0.0001 0.0010 -0.0000 -0.0000
8.7466 0.0004 0.0002 0.0002 0.0010 -0.0000 -0.0000
8.7739 -0.0197 0.0002 0.0000 -0.0000 0.0000 0.0000
8.8012 -0.0186 0.0002 0.0000 0.0000 -0.0000 0.0000
8.8286 -0.0188 0.0002 -0.0000 0.0000 0.0000 0.0000
8.8559 -0.0186 0.0002 0.0000 -0.0000 -0.0000 0.0000
8.8832 -0.0190 0.0002 0.0000 -0.0000 -0.0000 0.0000
8.9106 -0.0183 0.0002 -0.0000 0.0000 -0.0000 0.0000
8.9379 -0.0115 0.0001 -0.0000 -0.0000 -0.0000 0.0000
8.9652 -0.0117 0.0001 0.0000 -0.0000 -0.0000 0.0000
8.9926 99999.0000 99999.0000 99999.0000 ********** ********** 99999.0000
9.0199 99999.0000 99999.0000 99999.0000 ********** ********** 99999.0000
9.0472 99999.0000 99999.0000 99999.0000 ********** ********** 99999.0000
9.0746 99999.0000 99999.0000 99999.0000 ********** ********** 99999.0000
9.1019 99999.0000 99999.0000 99999.0000 ********** ********** 99999.0000
9.1292 99999.0000 99999.0000 99999.0000 ********** ********** 99999.0000
9.1566 -0.0007 0.0006 0.0001 0.0003 -0.0000 0.0000
9.1839 0.0002 0.0005 0.0001 0.0000 0.0000 -0.0000
9.2112 -0.0167 0.0002 0.0000 -0.0000 0.0000 0.0000
9.2386 -0.0171 0.0002 0.0000 0.0000 -0.0000 0.0000
9.2659 -0.0159 0.0002 -0.0000 0.0000 0.0000 0.0000
9.2932 -0.0174 0.0002 0.0000 -0.0000 -0.0000 0.0000
9.3206 -0.0139 0.0002 0.0000 -0.0000 -0.0000 0.0000
9.3479 -0.0131 0.0002 -0.0000 0.0000 -0.0000 0.0000
9.3752 -0.0093 0.0001 -0.0000 -0.0000 -0.0000 0.0000
9.4026 -0.0095 0.0001 0.0000 -0.0000 -0.0000 0.0000
9.4299 99999.0000 99999.0000 99999.0000 ********** ********** 99999.0000
9.4572 99999.0000 99999.0000 99999.0000 ********** ********** 99999.0000
9.4846 99999.0000 99999.0000 99999.0000 ********** ********** 99999.0000
9.5119 99999.0000 99999.0000 99999.0000 ********** ********** 99999.0000
9.5392 99999.0000 99999.0000 99999.0000 ********** ********** 99999.0000
9.5666 99999.0000 99999.0000 99999.0000 ********** ********** 99999.0000
9.5939 -0.0012 -0.0002 0.0001 -0.0000 -0.0000 0.0000
9.6212 -0.0009 -0.0002 0.0001 0.0001 -0.0000 0.0000
9.6486 -0.0145 0.0002 0.0000 -0.0000 0.0000 0.0000
9.6759 -0.0172 0.0002 0.0000 0.0000 -0.0000 0.0000
9.7032 -0.0138 0.0002 -0.0000 0.0000 -0.0000 0.0000
9.7306 -0.0171 0.0002 0.0000 -0.0000 -0.0000 0.0000
9.7579 -0.0095 0.0002 0.0000 -0.0000 -0.0000 0.0000
9.7852 -0.0090 0.0002 -0.0000 0.0000 -0.0000 0.0000
9.8126 -0.0080 0.0001 -0.0000 -0.0000 -0.0000 0.0000
9.8399 -0.0082 0.0001 0.0000 -0.0000 -0.0000 0.0000
9.8672 99999.0000 99999.0000 99999.0000 ********** ********** 99999.0000
9.8946 99999.0000 99999.0000 99999.0000 ********** ********** 99999.0000
9.9219 99999.0000 99999.0000 99999.0000 ********** ********** 99999.0000
9.9492 99999.0000 99999.0000 99999.0000 ********** ********** 99999.0000
9.9766 99999.0000 99999.0000 99999.0000 ********** ********** 99999.0000
10.0039 99999.0000 99999.0000 99999.0000 ********** ********** 99999.0000
10.0312 -0.0008 0.0004 0.0001 0.0001 0.0000 0.0000
10.0586 -0.0006 0.0004 0.0001 0.0003 0.0000 0.0000
10.0859 -0.0122 0.0002 -0.0000 -0.0000 0.0000 0.0000
10.1132 -0.0122 0.0002 0.0000 0.0000 -0.0000 0.0000
10.1406 -0.0115 0.0002 -0.0000 0.0000 -0.0000 0.0000
10.1679 -0.0119 0.0002 0.0000 -0.0000 -0.0000 0.0000
10.1952 -0.0113 0.0002 -0.0000 -0.0000 -0.0000 0.0000
10.2225 -0.0109 0.0002 -0.0000 0.0000 -0.0000 0.0000
10.2499 -0.0074 0.0001 -0.0000 0.0000 -0.0000 0.0000
10.2772 -0.0076 0.0001 0.0000 -0.0000 -0.0000 0.0000
10.3045 99999.0000 99999.0000 99999.0000 ********** ********** 99999.0000
10.3319 99999.0000 99999.0000 99999.0000 ********** ********** 99999.0000
10.3592 99999.0000 99999.0000 99999.0000 ********** ********** 99999.0000
10.3865 99999.0000 99999.0000 99999.0000 ********** ********** 99999.0000
10.4139 99999.0000 99999.0000 99999.0000 ********** ********** 99999.0000
10.4412 99999.0000 99999.0000 99999.0000 ********** ********** 99999.0000
10.4685 0.0001 0.0003 0.0001 0.0003 0.0000 -0.0000
10.4959 0.0002 0.0003 0.0001 0.0003 0.0000 -0.0000
10.5232 -0.0103 0.0002 -0.0000 -0.0000 -0.0000 0.0000
10.5505 -0.0085 0.0002 0.0000 0.0000 -0.0000 0.0000
10.5779 -0.0097 0.0002 -0.0000 0.0000 -0.0000 0.0000
10.6052 -0.0087 0.0002 -0.0000 -0.0000 -0.0000 0.0000
10.6325 -0.0114 0.0002 -0.0000 -0.0000 -0.0000 0.0000
10.6599 -0.0108 0.0002 -0.0000 0.0000 -0.0000 0.0000
10.6872 -0.0063 0.0001 -0.0000 -0.0000 -0.0000 0.0000
10.7145 -0.0066 0.0001 0.0000 -0.0000 -0.0000 0.0000
10.7419 99999.0000 99999.0000 99999.0000 ********** ********** 99999.0000
10.7692 99999.0000 99999.0000 99999.0000 ********** ********** 99999.0000
10.7965 99999.0000 99999.0000 99999.0000 ********** ********** 99999.0000
10.8239 99999.0000 99999.0000 99999.0000 ********** ********** 99999.0000
10.8512 99999.0000 99999.0000 99999.0000 ********** ********** 99999.0000
10.8785 99999.0000 99999.0000 99999.0000 ********** ********** 99999.0000
10.9059 0.0005 0.0004 0.0001 -0.0000 -0.0000 -0.0000
10.9332 0.0006 0.0004 0.0001 -0.0001 -0.0000 -0.0000
10.9605 -0.0090 0.0002 -0.0000 -0.0000 -0.0000 0.0000
10.9879 -0.0074 0.0001 0.0000 0.0000 -0.0000 0.0000
11.0152 -0.0084 0.0002 -0.0000 0.0000 -0.0000 0.0000
11.0425 -0.0077 0.0001 0.0000 -0.0000 -0.0000 0.0000
11.0699 -0.0099 0.0002 -0.0000 -0.0000 -0.0000 0.0000
11.0972 -0.0092 0.0002 -0.0000 -0.0000 -0.0000 0.0000
11.1245 -0.0055 0.0001 -0.0000 -0.0000 -0.0000 0.0000
11.1519 -0.0058 0.0001 0.0000 -0.0000 -0.0000 0.0000
11.1792 99999.0000 99999.0000 99999.0000 ********** ********** 99999.0000
11.2065 99999.0000 99999.0000 99999.0000 ********** ********** 99999.0000
11.2339 99999.0000 99999.0000 99999.0000 ********** ********** 99999.0000
11.2612 99999.0000 99999.0000 99999.0000 ********** ********** 99999.0000
11.2885 99999.0000 99999.0000 99999.0000 ********** ********** 99999.0000
11.3159 99999.0000 99999.0000 99999.0000 ********** ********** 99999.0000
11.3432 -0.0000 -0.0000 0.0001 -0.0003 -0.0000 0.0000
11.3705 0.0003 0.0000 0.0001 -0.0004 -0.0000 -0.0000
11.3979 -0.0080 0.0002 0.0000 0.0000 -0.0000 0.0000
11.4252 -0.0065 0.0001 -0.0000 -0.0000 -0.0000 0.0000
11.4525 -0.0073 0.0002 0.0000 0.0000 -0.0000 0.0000
11.4799 -0.0068 0.0001 -0.0000 -0.0000 -0.0000 0.0000
11.5072 -0.0086 0.0002 0.0000 -0.0000 -0.0000 0.0000
11.5345 -0.0080 0.0002 0.0000 0.0000 -0.0000 0.0000
11.5619 -0.0048 0.0001 -0.0000 -0.0000 -0.0000 0.0000
11.5892 -0.0051 0.0001 0.0000 -0.0000 -0.0000 0.0000
11.6165 99999.0000 99999.0000 99999.0000 ********** ********** 99999.0000
11.6439 99999.0000 99999.0000 99999.0000 ********** ********** 99999.0000
11.6712 99999.0000 99999.0000 99999.0000 ********** ********** 99999.0000
11.6985 99999.0000 99999.0000 99999.0000 ********** ********** 99999.0000
11.7259 99999.0000 99999.0000 99999.0000 ********** ********** 99999.0000
11.7532 99999.0000 99999.0000 99999.0000 ********** ********** 99999.0000
11.7805 -0.0006 0.0005 0.0001 -0.0000 -0.0000 0.0000
11.8079 -0.0001 0.0005 0.0000 0.0001 -0.0000 0.0000
11.8352 -0.0071 0.0001 -0.0000 -0.0000 0.0000 0.0000
11.8625 -0.0058 0.0001 0.0000 0.0000 -0.0000 0.0000
11.8899 -0.0064 0.0001 -0.0000 0.0000 -0.0000 0.0000
11.9172 -0.0061 0.0001 0.0000 -0.0000 -0.0000 0.0000
11.9445 -0.0076 0.0002 0.0000 -0.0000 -0.0000 0.0000
11.9719 -0.0070 0.0002 0.0000 -0.0000 -0.0000 0.0000
11.9992 -0.0042 0.0001 -0.0000 -0.0000 -0.0000 0.0000
12.0265 -0.0046 0.0001 0.0000 -0.0000 -0.0000 0.0000
12.0539 99999.0000 99999.0000 99999.0000 ********** ********** 99999.0000
12.0812 99999.0000 99999.0000 99999.0000 ********** ********** 99999.0000
12.1085 99999.0000 99999.0000 99999.0000 ********** ********** 99999.0000
12.1359 99999.0000 99999.0000 99999.0000 ********** ********** 99999.0000
12.1632 99999.0000 99999.0000 99999.0000 ********** ********** 99999.0000
12.1905 99999.0000 99999.0000 99999.0000 ********** ********** 99999.0000
12.2179 -0.0006 -0.0004 0.0000 0.0001 0.0000 0.0000
12.2452 -0.0010 -0.0003 0.0001 -0.0002 0.0000 0.0000
12.2725 -0.0064 0.0001 -0.0000 0.0000 0.0000 0.0000
12.2999 -0.0051 0.0001 0.0000 0.0000 -0.0000 0.0000
12.3272 -0.0056 0.0001 -0.0000 0.0000 -0.0000 0.0000
12.3545 -0.0055 0.0001 0.0000 -0.0000 -0.0000 0.0000
12.3819 -0.0068 0.0002 0.0000 -0.0000 -0.0000 0.0000
12.4092 -0.0061 0.0002 0.0000 -0.0000 -0.0000 0.0000
12.4365 -0.0037 0.0001 -0.0000 -0.0000 -0.0000 0.0000
12.4639 -0.0041 0.0001 0.0000 -0.0000 -0.0000 0.0000
12.4912 99999.0000 99999.0000 99999.0000 ********** ********** 99999.0000
12.5185 99999.0000 99999.0000 99999.0000 ********** ********** 99999.0000
12.5459 99999.0000 99999.0000 99999.0000 ********** ********** 99999.0000
12.5732 99999.0000 99999.0000 99999.0000 ********** ********** 99999.0000
12.6005 99999.0000 99999.0000 99999.0000 ********** ********** 99999.0000
12.6279 99999.0000 99999.0000 99999.0000 ********** ********** 99999.0000
12.6552 0.0008 0.0000 0.0000 -0.0000 0.0000 -0.0000
12.6825 0.0005 0.0000 0.0001 -0.0002 -0.0000 -0.0000
12.7099 -0.0058 0.0001 -0.0000 0.0000 0.0000 0.0000
12.7372 -0.0045 0.0001 0.0000 0.0000 0.0000 0.0000
12.7645 -0.0049 0.0001 -0.0000 0.0000 -0.0000 0.0000
12.7919 -0.0049 0.0001 0.0000 0.0000 -0.0000 0.0000
12.8192 -0.0062 0.0002 0.0000 -0.0000 0.0000 0.0000
12.8465 -0.0053 0.0002 0.0000 -0.0000 -0.0000 0.0000
12.8739 -0.0032 0.0001 -0.0000 -0.0000 0.0000 0.0000
12.9012 -0.0037 0.0001 0.0000 -0.0000 -0.0000 0.0000
12.9285 99999.0000 99999.0000 99999.0000 ********** ********** 99999.0000
12.9559 99999.0000 99999.0000 99999.0000 ********** ********** 99999.0000
12.9832 99999.0000 99999.0000 99999.0000 ********** ********** 99999.0000
13.0105 99999.0000 99999.0000 99999.0000 ********** ********** 99999.0000
13.0379 99999.0000 99999.0000 99999.0000 ********** ********** 99999.0000
13.0652 99999.0000 99999.0000 99999.0000 ********** ********** 99999.0000
13.0925 -0.0002 0.0002 0.0000 -0.0001 -0.0000 0.0000
13.1199 0.0002 0.0002 0.0000 0.0001 -0.0000 -0.0000
13.1472 -0.0053 0.0001 0.0000 -0.0000 0.0000 0.0000
13.1745 -0.0039 0.0001 0.0000 0.0000 0.0000 0.0000
13.2018 -0.0043 0.0001 -0.0000 -0.0000 -0.0000 0.0000
13.2292 -0.0045 0.0001 0.0000 -0.0000 -0.0000 0.0000
13.2565 -0.0056 0.0001 -0.0000 0.0000 -0.0000 0.0000
13.2838 -0.0046 0.0001 -0.0000 0.0000 0.0000 0.0000
13.3112 -0.0028 0.0001 -0.0000 -0.0000 0.0000 0.0000
13.3385 -0.0035 0.0001 0.0000 -0.0000 -0.0000 0.0000
13.3658 99999.0000 99999.0000 99999.0000 ********** ********** 99999.0000
13.3932 99999.0000 99999.0000 99999.0000 ********** ********** 99999.0000
13.4205 99999.0000 99999.0000 99999.0000 ********** ********** 99999.0000
13.4478 99999.0000 99999.0000 99999.0000 ********** ********** 99999.0000
13.4752 99999.0000 99999.0000 99999.0000 ********** ********** 99999.0000
13.5025 99999.0000 99999.0000 99999.0000 ********** ********** 99999.0000
13.5298 -0.0001 0.0001 0.0000 0.0002 0.0000 0.0000
13.5572 -0.0002 0.0001 0.0000 0.0002 0.0000 0.0000
13.5845 -0.0049 0.0001 0.0000 -0.0000 0.0000 0.0000
13.6118 -0.0034 0.0001 0.0000 0.0000 0.0000 0.0000
13.6392 -0.0037 0.0001 -0.0000 -0.0000 -0.0000 0.0000
13.6665 -0.0042 0.0001 0.0000 -0.0000 -0.0000 0.0000
13.6938 -0.0053 0.0001 0.0000 0.0000 -0.0000 0.0000
13.7212 -0.0039 0.0001 -0.0000 0.0000 0.0000 0.0000
13.7485 -0.0023 0.0001 0.0000 -0.0000 -0.0000 0.0000
13.7758 -0.0033 0.0001 0.0000 -0.0000 -0.0000 0.0000
13.8032 99999.0000 99999.0000 99999.0000 ********** ********** 99999.0000
13.8305 99999.0000 99999.0000 99999.0000 ********** ********** 99999.0000
13.8578 99999.0000 99999.0000 99999.0000 ********** ********** 99999.0000
13.8852 99999.0000 99999.0000 99999.0000 ********** ********** 99999.0000
13.9125 99999.0000 99999.0000 99999.0000 ********** ********** 99999.0000
13.9398 99999.0000 99999.0000 99999.0000 ********** ********** 99999.0000
13.9672 0.0002 0.0001 0.0000 0.0005 0.0000 -0.0000
13.9945 0.0001 0.0001 0.0000 0.0004 0.0000 -0.0000
14.0218 -0.0048 0.0001 0.0000 -0.0000 -0.0000 0.0000
14.0492 -0.0028 0.0001 0.0000 0.0000 -0.0000 0.0000
14.0765 -0.0029 0.0001 -0.0000 -0.0000 -0.0000 0.0000
14.1038 -0.0041 0.0001 0.0000 -0.0000 -0.0000 0.0000
14.1312 -0.0052 0.0001 0.0000 0.0000 -0.0000 0.0000
14.1585 -0.0031 0.0001 -0.0000 0.0000 -0.0000 0.0000
14.1858 -0.0017 0.0001 0.0000 -0.0000 -0.0000 0.0000
14.2132 -0.0034 0.0001 -0.0000 -0.0000 -0.0000 0.0000
14.2405 99999.0000 99999.0000 99999.0000 ********** ********** 99999.0000
14.2678 99999.0000 99999.0000 99999.0000 ********** ********** 99999.0000
14.2952 99999.0000 99999.0000 99999.0000 ********** ********** 99999.0000
14.3225 99999.0000 99999.0000 99999.0000 ********** ********** 99999.0000
14.3498 99999.0000 99999.0000 99999.0000 ********** ********** 99999.0000
14.3772 99999.0000 99999.0000 99999.0000 ********** ********** 99999.0000
14.4045 -0.0003 -0.0000 0.0000 -0.0002 -0.0000 0.0000
14.4318 -0.0003 -0.0000 0.0000 -0.0002 -0.0000 0.0000
14.4592 -0.0052 0.0001 0.0000 -0.0000 -0.0000 0.0000
14.4865 -0.0020 0.0001 0.0000 0.0000 -0.0000 0.0000
14.5138 -0.0018 0.0001 -0.0000 -0.0000 0.0000 0.0000
14.5412 -0.0043 0.0001 0.0000 -0.0000 -0.0000 0.0000
14.5685 -0.0056 0.0001 0.0000 0.0000 -0.0000 0.0000
14.5958 -0.0018 0.0001 -0.0000 0.0000 -0.0000 0.0000
14.6232 -0.0011 0.0001 0.0000 -0.0000 -0.0000 0.0000
14.6505 -0.0034 0.0001 -0.0000 -0.0000 -0.0000 0.0000
14.6778 99999.0000 99999.0000 99999.0000 ********** ********** 99999.0000
14.7052 99999.0000 99999.0000 99999.0000 ********** ********** 99999.0000
14.7325 99999.0000 99999.0000 99999.0000 ********** ********** 99999.0000
14.7598 99999.0000 99999.0000 99999.0000 ********** ********** 99999.0000
14.7872 99999.0000 99999.0000 99999.0000 ********** ********** 99999.0000
14.8145 99999.0000 99999.0000 99999.0000 ********** ********** 99999.0000
14.8418 -0.0000 0.0001 0.0000 -0.0003 0.0000 0.0000
14.8692 -0.0001 0.0001 0.0000 -0.0002 0.0000 0.0000
14.8965 -0.0047 0.0001 0.0000 -0.0000 -0.0000 0.0000
14.9238 -0.0019 0.0001 0.0000 0.0000 -0.0000 0.0000
14.9512 -0.0020 0.0001 -0.0000 -0.0000 -0.0000 0.0000
14.9785 -0.0035 0.0001 0.0000 -0.0000 -0.0000 0.0000
15.0058 -0.0043 0.0001 0.0000 0.0000 -0.0000 0.0000
15.0332 -0.0026 0.0001 -0.0000 0.0000 -0.0000 0.0000
15.0605 -0.0021 0.0001 0.0000 -0.0000 -0.0000 0.0000
15.0878 -0.0020 0.0001 0.0000 0.0000 -0.0000 0.0000
15.1152 99999.0000 99999.0000 99999.0000 ********** ********** 99999.0000
15.1425 99999.0000 99999.0000 99999.0000 ********** ********** 99999.0000
15.1698 99999.0000 99999.0000 99999.0000 ********** ********** 99999.0000
15.1972 99999.0000 99999.0000 99999.0000 ********** ********** 99999.0000
15.2245 99999.0000 99999.0000 99999.0000 ********** ********** 99999.0000
15.2518 99999.0000 99999.0000 99999.0000 ********** ********** 99999.0000
15.2792 -0.0005 -0.0002 0.0000 0.0000 0.0000 0.0000
15.3065 -0.0004 -0.0002 0.0000 0.0000 0.0000 0.0000
15.3338 -0.0024 0.0001 0.0000 -0.0000 -0.0000 0.0000
15.3612 -0.0030 0.0001 0.0000 0.0000 -0.0000 0.0000
15.3885 -0.0036 0.0001 -0.0000 -0.0000 -0.0000 0.0000
15.4158 -0.0021 0.0001 0.0000 -0.0000 -0.0000 0.0000
15.4432 -0.0023 0.0002 0.0000 0.0000 -0.0000 0.0000
15.4705 -0.0040 0.0002 -0.0000 0.0000 -0.0000 0.0000
15.4978 -0.0025 0.0001 0.0000 -0.0000 -0.0000 0.0000
15.5252 -0.0014 0.0001 0.0000 0.0000 -0.0000 0.0000
15.5525 99999.0000 99999.0000 99999.0000 ********** ********** 99999.0000
15.5798 99999.0000 99999.0000 99999.0000 ********** ********** 99999.0000
15.6072 99999.0000 99999.0000 99999.0000 ********** ********** 99999.0000
15.6345 99999.0000 99999.0000 99999.0000 ********** ********** 99999.0000
15.6618 99999.0000 99999.0000 99999.0000 ********** ********** 99999.0000
15.6892 99999.0000 99999.0000 99999.0000 ********** ********** 99999.0000
15.7165 -0.0005 0.0001 0.0000 -0.0002 -0.0000 0.0000
15.7438 -0.0003 0.0001 0.0000 -0.0001 -0.0000 0.0000
15.7712 -0.0019 0.0001 0.0000 -0.0000 -0.0000 0.0000
15.7985 -0.0029 0.0001 0.0000 0.0000 -0.0000 0.0000
15.8258 -0.0034 0.0001 -0.0000 -0.0000 -0.0000 0.0000
15.8532 -0.0019 0.0001 0.0000 -0.0000 0.0000 0.0000
15.8805 -0.0022 0.0002 0.0000 0.0000 -0.0000 0.0000
15.9078 -0.0035 0.0002 -0.0000 0.0000 -0.0000 0.0000
15.9352 -0.0021 0.0001 0.0000 -0.0000 -0.0000 0.0000
15.9625 -0.0014 0.0001 0.0000 -0.0000 -0.0000 0.0000
15.9898 99999.0000 99999.0000 99999.0000 ********** ********** 99999.0000
16.0172 99999.0000 99999.0000 99999.0000 ********** ********** 99999.0000
16.0445 99999.0000 99999.0000 99999.0000 ********** ********** 99999.0000
16.0718 99999.0000 99999.0000 99999.0000 ********** ********** 99999.0000
16.0991 99999.0000 99999.0000 99999.0000 ********** ********** 99999.0000
16.1265 99999.0000 99999.0000 99999.0000 ********** ********** 99999.0000
16.1538 -0.0003 0.0001 0.0000 -0.0001 -0.0000 0.0000
16.1811 -0.0006 0.0001 0.0000 -0.0002 -0.0000 0.0000
16.2085 -0.0020 0.0001 0.0000 -0.0000 -0.0000 0.0000
16.2358 -0.0025 0.0001 0.0000 0.0000 -0.0000 0.0000
16.2631 -0.0029 0.0001 -0.0000 -0.0000 -0.0000 0.0000
16.2905 -0.0019 0.0001 0.0000 -0.0000 0.0000 0.0000
16.3178 -0.0022 0.0002 0.0000 0.0000 -0.0000 0.0000
16.3451 -0.0030 0.0002 -0.0000 0.0000 -0.0000 0.0000
16.3725 -0.0018 0.0001 0.0000 -0.0000 -0.0000 0.0000
16.3998 -0.0014 0.0001 0.0000 -0.0000 -0.0000 0.0000
16.4271 99999.0000 99999.0000 99999.0000 ********** ********** 99999.0000
16.4545 99999.0000 99999.0000 99999.0000 ********** ********** 99999.0000
16.4818 99999.0000 99999.0000 99999.0000 ********** ********** 99999.0000
16.5091 99999.0000 99999.0000 99999.0000 ********** ********** 99999.0000
16.5365 99999.0000 99999.0000 99999.0000 ********** ********** 99999.0000
16.5638 99999.0000 99999.0000 99999.0000 ********** ********** 99999.0000
16.5911 0.0004 0.0002 -0.0000 -0.0001 0.0000 -0.0000
16.6185 0.0002 0.0002 0.0001 -0.0000 0.0000 -0.0000
16.6458 -0.0020 0.0002 0.0000 -0.0000 -0.0000 0.0000
16.6731 -0.0022 0.0001 0.0000 0.0000 -0.0000 0.0000
16.7005 -0.0026 0.0002 -0.0000 -0.0000 -0.0000 0.0000
16.7278 -0.0018 0.0001 0.0000 -0.0000 0.0000 0.0000
16.7551 -0.0021 0.0002 0.0000 0.0000 -0.0000 0.0000
16.7825 -0.0027 0.0002 -0.0000 0.0000 -0.0000 0.0000
16.8098 -0.0016 0.0001 0.0000 -0.0000 -0.0000 0.0000
16.8371 -0.0013 0.0001 0.0000 -0.0000 -0.0000 0.0000
16.8645 99999.0000 99999.0000 99999.0000 ********** ********** 99999.0000
16.8918 99999.0000 99999.0000 99999.0000 ********** ********** 99999.0000
16.9191 99999.0000 99999.0000 99999.0000 ********** ********** 99999.0000
16.9465 99999.0000 99999.0000 99999.0000 ********** ********** 99999.0000
16.9738 99999.0000 99999.0000 99999.0000 ********** ********** 99999.0000
17.0011 99999.0000 99999.0000 99999.0000 ********** ********** 99999.0000
17.0285 -0.0002 0.0000 0.0000 0.0001 -0.0000 0.0000
17.0558 0.0001 0.0000 0.0000 0.0001 -0.0000 -0.0000
17.0831 -0.0019 0.0002 0.0000 -0.0000 -0.0000 0.0000
17.1105 -0.0020 0.0002 0.0000 0.0000 0.0000 0.0000
17.1378 -0.0024 0.0002 -0.0000 -0.0000 -0.0000 0.0000
17.1651 -0.0017 0.0002 0.0000 -0.0000 0.0000 0.0000
17.1925 -0.0019 0.0002 0.0000 0.0000 -0.0000 0.0000
17.2198 -0.0024 0.0002 -0.0000 0.0000 -0.0000 0.0000
17.2471 -0.0015 0.0001 0.0000 -0.0000 -0.0000 0.0000
17.2745 -0.0012 0.0001 0.0000 -0.0000 -0.0000 0.0000
17.3018 99999.0000 99999.0000 99999.0000 ********** ********** 99999.0000
17.3291 99999.0000 99999.0000 99999.0000 ********** ********** 99999.0000
17.3565 99999.0000 99999.0000 99999.0000 ********** ********** 99999.0000
17.3838 99999.0000 99999.0000 99999.0000 ********** ********** 99999.0000
17.4111 99999.0000 99999.0000 99999.0000 ********** ********** 99999.0000
17.4385 99999.0000 99999.0000 99999.0000 ********** ********** 99999.0000
17.4658 -0.0002 0.0001 0.0000 0.0002 -0.0000 0.0000
17.4931 -0.0003 0.0001 0.0000 0.0002 -0.0000 0.0000
17.5205 -0.0018 0.0002 0.0000 -0.0000 -0.0000 0.0000
17.5478 -0.0019 0.0002 0.0000 0.0000 0.0000 0.0000
17.5751 -0.0022 0.0002 -0.0000 -0.0000 -0.0000 0.0000
17.6025 -0.0016 0.0002 0.0000 -0.0000 0.0000 0.0000
17.6298 -0.0018 0.0002 0.0000 -0.0000 -0.0000 0.0000
17.6571 -0.0022 0.0002 0.0000 -0.0000 -0.0000 0.0000
17.6845 -0.0014 0.0001 0.0000 -0.0000 -0.0000 0.0000
17.7118 -0.0011 0.0001 0.0000 0.0000 -0.0000 0.0000
17.7391 99999.0000 99999.0000 99999.0000 ********** ********** 99999.0000
17.7665 99999.0000 99999.0000 99999.0000 ********** ********** 99999.0000
17.7938 99999.0000 99999.0000 99999.0000 ********** ********** 99999.0000
17.8211 99999.0000 99999.0000 99999.0000 ********** ********** 99999.0000
17.8485 99999.0000 99999.0000 99999.0000 ********** ********** 99999.0000
17.8758 99999.0000 99999.0000 99999.0000 ********** ********** 99999.0000
17.9031 0.0000 0.0002 0.0000 0.0001 -0.0000 -0.0000
17.9305 -0.0000 0.0002 0.0000 0.0000 -0.0000 0.0000
17.9578 -0.0017 0.0002 -0.0000 -0.0000 -0.0000 0.0000
17.9851 -0.0017 0.0002 0.0000 0.0000 0.0000 0.0000
18.0125 -0.0020 0.0002 -0.0000 0.0000 -0.0000 0.0000
18.0398 -0.0015 0.0002 0.0000 0.0000 0.0000 0.0000
18.0671 -0.0017 0.0002 0.0000 0.0000 -0.0000 0.0000
18.0945 -0.0020 0.0002 -0.0000 0.0000 -0.0000 0.0000
18.1218 -0.0013 0.0001 0.0000 -0.0000 -0.0000 0.0000
18.1491 -0.0011 0.0001 0.0000 0.0000 -0.0000 0.0000
18.1765 99999.0000 99999.0000 99999.0000 ********** ********** 99999.0000
18.2038 99999.0000 99999.0000 99999.0000 ********** ********** 99999.0000
18.2311 99999.0000 99999.0000 99999.0000 ********** ********** 99999.0000
18.2585 99999.0000 99999.0000 99999.0000 ********** ********** 99999.0000
18.2858 99999.0000 99999.0000 99999.0000 ********** ********** 99999.0000
18.3131 99999.0000 99999.0000 99999.0000 ********** ********** 99999.0000
18.3405 -0.0001 0.0003 0.0000 0.0001 -0.0000 0.0000
18.3678 -0.0001 0.0002 0.0000 0.0001 -0.0000 0.0000
18.3951 -0.0016 0.0002 0.0000 -0.0000 -0.0000 0.0000
18.4225 -0.0016 0.0002 0.0000 -0.0000 0.0000 0.0000
18.4498 -0.0019 0.0002 -0.0000 -0.0000 -0.0000 0.0000
18.4771 -0.0014 0.0002 0.0000 -0.0000 0.0000 0.0000
18.5045 -0.0015 0.0002 0.0000 0.0000 -0.0000 0.0000
18.5318 -0.0018 0.0002 -0.0000 0.0000 -0.0000 0.0000
18.5591 -0.0012 0.0001 0.0000 -0.0000 -0.0000 0.0000
18.5865 -0.0010 0.0001 0.0000 0.0000 -0.0000 0.0000
18.6138 99999.0000 99999.0000 99999.0000 ********** ********** 99999.0000
18.6411 99999.0000 99999.0000 99999.0000 ********** ********** 99999.0000
18.6685 99999.0000 99999.0000 99999.0000 ********** ********** 99999.0000
18.6958 99999.0000 99999.0000 99999.0000 ********** ********** 99999.0000
18.7231 99999.0000 99999.0000 99999.0000 ********** ********** 99999.0000
18.7505 99999.0000 99999.0000 99999.0000 ********** ********** 99999.0000
18.7778 0.0002 -0.0001 0.0000 0.0000 0.0000 -0.0000
18.8051 0.0002 -0.0002 0.0000 0.0001 0.0000 -0.0000
18.8325 -0.0016 0.0002 0.0000 -0.0000 -0.0000 0.0000
18.8598 -0.0015 0.0002 0.0000 -0.0000 -0.0000 0.0000
18.8871 -0.0018 0.0002 -0.0000 -0.0000 0.0000 0.0000
18.9145 -0.0013 0.0002 0.0000 -0.0000 -0.0000 0.0000
18.9418 -0.0014 0.0002 0.0000 0.0000 -0.0000 0.0000
18.9691 -0.0016 0.0002 -0.0000 0.0000 -0.0000 0.0000
18.9964 -0.0011 0.0001 -0.0000 -0.0000 0.0000 0.0000
19.0238 -0.0009 0.0001 -0.0000 0.0000 0.0000 0.0000
19.0511 99999.0000 99999.0000 99999.0000 ********** ********** 99999.0000
19.0784 99999.0000 99999.0000 99999.0000 ********** ********** 99999.0000
19.1058 99999.0000 99999.0000 99999.0000 ********** ********** 99999.0000
19.1331 99999.0000 99999.0000 99999.0000 ********** ********** 99999.0000
19.1604 99999.0000 99999.0000 99999.0000 ********** ********** 99999.0000
19.1878 99999.0000 99999.0000 99999.0000 ********** ********** 99999.0000
19.2151 -0.0000 -0.0001 0.0000 0.0001 0.0000 0.0000
19.2424 -0.0001 -0.0002 0.0000 0.0001 0.0000 0.0000
19.2698 -0.0016 0.0002 0.0000 -0.0000 0.0000 0.0000
19.2971 -0.0014 0.0002 0.0000 -0.0000 -0.0000 0.0000
19.3244 -0.0018 0.0002 -0.0000 -0.0000 0.0000 0.0000
19.3518 -0.0012 0.0002 0.0000 -0.0000 -0.0000 0.0000
19.3791 -0.0011 0.0002 0.0000 0.0000 -0.0000 0.0000
19.4064 -0.0013 0.0002 -0.0000 0.0000 -0.0000 0.0000
19.4338 -0.0009 0.0001 -0.0000 -0.0000 0.0000 0.0000
19.4611 -0.0008 0.0001 -0.0000 0.0000 0.0000 0.0000
19.4884 99999.0000 99999.0000 99999.0000 ********** ********** 99999.0000
19.5158 99999.0000 99999.0000 99999.0000 ********** ********** 99999.0000
19.5431 99999.0000 99999.0000 99999.0000 ********** ********** 99999.0000
19.5704 99999.0000 99999.0000 99999.0000 ********** ********** 99999.0000
19.5978 99999.0000 99999.0000 99999.0000 ********** ********** 99999.0000
19.6251 99999.0000 99999.0000 99999.0000 ********** ********** 99999.0000
19.6524 -0.0001 -0.0001 0.0000 0.0000 0.0000 0.0000
19.6798 -0.0000 -0.0001 0.0000 0.0000 0.0000 0.0000
19.7071 -0.0019 0.0002 0.0000 -0.0000 0.0000 0.0000
19.7344 -0.0013 0.0002 0.0000 -0.0000 -0.0000 0.0000
19.7618 -0.0022 0.0002 -0.0000 -0.0000 0.0000 0.0000
19.7891 -0.0012 0.0002 0.0000 -0.0000 -0.0000 0.0000
19.8164 -0.0005 0.0002 0.0000 0.0000 -0.0000 0.0000
19.8438 -0.0006 0.0002 -0.0000 0.0000 -0.0000 0.0000
19.8711 -0.0008 0.0001 -0.0000 -0.0000 0.0000 0.0000
19.8984 -0.0007 0.0001 -0.0000 0.0000 0.0000 0.0000
19.9258 99999.0000 99999.0000 99999.0000 ********** ********** 99999.0000
19.9531 99999.0000 99999.0000 99999.0000 ********** ********** 99999.0000
19.9804 99999.0000 99999.0000 99999.0000 ********** ********** 99999.0000
20.0078 99999.0000 99999.0000 99999.0000 ********** ********** 99999.0000
20.0351 99999.0000 99999.0000 99999.0000 ********** ********** 99999.0000
20.0624 99999.0000 99999.0000 99999.0000 ********** ********** 99999.0000
20.0898 -0.0001 0.0000 0.0000 0.0002 -0.0000 0.0000
20.1171 -0.0001 0.0000 0.0000 0.0002 -0.0000 0.0000
20.1444 -0.0022 0.0002 0.0000 -0.0000 0.0000 0.0000
20.1718 -0.0012 0.0002 0.0000 -0.0000 -0.0000 0.0000
20.1991 -0.0022 0.0002 -0.0000 -0.0000 0.0000 0.0000
20.2264 -0.0011 0.0002 0.0000 -0.0000 -0.0000 0.0000
20.2538 -0.0004 0.0002 0.0000 0.0000 -0.0000 0.0000
20.2811 -0.0006 0.0002 -0.0000 0.0000 -0.0000 0.0000
20.3084 -0.0008 0.0001 -0.0000 -0.0000 -0.0000 0.0000
20.3358 -0.0007 0.0001 -0.0000 0.0000 0.0000 0.0000
20.3631 99999.0000 99999.0000 99999.0000 ********** ********** 99999.0000
20.3904 99999.0000 99999.0000 99999.0000 ********** ********** 99999.0000
20.4178 99999.0000 99999.0000 99999.0000 ********** ********** 99999.0000
20.4451 99999.0000 99999.0000 99999.0000 ********** ********** 99999.0000
20.4724 99999.0000 99999.0000 99999.0000 ********** ********** 99999.0000
20.4998 99999.0000 99999.0000 99999.0000 ********** ********** 99999.0000
20.5271 0.0002 -0.0001 -0.0000 -0.0000 0.0000 -0.0000
20.5544 0.0001 -0.0001 -0.0000 0.0000 0.0000 -0.0000
20.5818 -0.0013 0.0002 0.0000 -0.0000 -0.0000 0.0000
20.6091 -0.0011 0.0002 0.0000 -0.0000 -0.0000 0.0000
20.6364 -0.0013 0.0002 -0.0000 -0.0000 0.0000 0.0000
20.6638 -0.0010 0.0002 0.0000 -0.0000 -0.0000 0.0000
20.6911 -0.0012 0.0002 0.0000 0.0000 -0.0000 0.0000
20.7184 -0.0013 0.0002 -0.0000 0.0000 -0.0000 0.0000
20.7458 -0.0008 0.0001 -0.0000 -0.0000 -0.0000 0.0000
20.7731 -0.0007 0.0001 -0.0000 0.0000 0.0000 0.0000
20.8004 99999.0000 99999.0000 99999.0000 ********** ********** 99999.0000
20.8278 99999.0000 99999.0000 99999.0000 ********** ********** 99999.0000
20.8551 99999.0000 99999.0000 99999.0000 ********** ********** 99999.0000
20.8824 99999.0000 99999.0000 99999.0000 ********** ********** 99999.0000
20.9098 99999.0000 99999.0000 99999.0000 ********** ********** 99999.0000
20.9371 99999.0000 99999.0000 99999.0000 ********** ********** 99999.0000
20.9644 -0.0002 0.0000 0.0000 -0.0001 -0.0000 0.0000
20.9918 0.0000 0.0001 0.0000 -0.0001 -0.0000 -0.0000
21.0191 -0.0009 0.0003 0.0000 -0.0000 -0.0000 0.0000
21.0464 -0.0010 0.0002 0.0000 0.0000 -0.0000 0.0000
21.0738 -0.0010 0.0003 -0.0000 -0.0000 -0.0000 0.0000
21.1011 -0.0009 0.0003 0.0000 -0.0000 -0.0000 0.0000
21.1284 -0.0012 0.0003 0.0000 0.0000 -0.0000 0.0000
21.1558 -0.0013 0.0003 -0.0000 0.0000 -0.0000 0.0000
21.1831 -0.0008 0.0001 -0.0000 0.0000 -0.0000 0.0000
21.2104 -0.0007 0.0001 -0.0000 0.0000 0.0000 0.0000
21.2378 99999.0000 99999.0000 99999.0000 ********** ********** 99999.0000
21.2651 99999.0000 99999.0000 99999.0000 ********** ********** 99999.0000
21.2924 99999.0000 99999.0000 99999.0000 ********** ********** 99999.0000
21.3198 99999.0000 99999.0000 99999.0000 ********** ********** 99999.0000
21.3471 99999.0000 99999.0000 99999.0000 ********** ********** 99999.0000
21.3744 99999.0000 99999.0000 99999.0000 ********** ********** 99999.0000
21.4018 -0.0004 -0.0000 0.0000 0.0000 -0.0000 0.0000
21.4291 -0.0004 0.0000 0.0000 0.0000 0.0000 0.0000
21.4564 -0.0009 0.0003 0.0000 -0.0000 -0.0000 0.0000
21.4838 -0.0009 0.0003 0.0000 0.0000 -0.0000 0.0000
21.5111 -0.0010 0.0003 -0.0000 -0.0000 -0.0000 0.0000
21.5384 -0.0009 0.0003 0.0000 -0.0000 -0.0000 0.0000
21.5658 -0.0011 0.0003 0.0000 0.0000 -0.0000 0.0000
21.5931 -0.0012 0.0003 -0.0000 0.0000 -0.0000 0.0000
21.6204 -0.0007 0.0002 -0.0000 0.0000 -0.0000 0.0000
21.6478 -0.0007 0.0002 -0.0000 -0.0000 -0.0000 0.0000
21.6751 99999.0000 99999.0000 99999.0000 ********** ********** 99999.0000
21.7024 99999.0000 99999.0000 99999.0000 ********** ********** 99999.0000
21.7298 99999.0000 99999.0000 99999.0000 ********** ********** 99999.0000
21.7571 99999.0000 99999.0000 99999.0000 ********** ********** 99999.0000
21.7844 99999.0000 99999.0000 99999.0000 ********** ********** 99999.0000
21.8118 99999.0000 99999.0000 99999.0000 ********** ********** 99999.0000
21.8391 0.0002 -0.0000 0.0000 -0.0001 -0.0000 -0.0000
21.8664 0.0000 0.0000 0.0000 -0.0001 -0.0000 -0.0000
21.8938 -0.0008 0.0003 0.0000 -0.0000 -0.0000 0.0000
21.9211 -0.0009 0.0003 0.0000 0.0000 -0.0000 0.0000
21.9484 -0.0009 0.0003 -0.0000 0.0000 -0.0000 0.0000
21.9757 -0.0008 0.0003 0.0000 -0.0000 -0.0000 0.0000
22.0031 -0.0011 0.0004 0.0000 0.0000 -0.0000 0.0000
22.0304 -0.0011 0.0004 -0.0000 0.0000 -0.0000 0.0000
22.0577 -0.0007 0.0002 -0.0000 0.0000 -0.0000 0.0000
22.0851 -0.0006 0.0002 -0.0000 -0.0000 -0.0000 0.0000
22.1124 99999.0000 99999.0000 99999.0000 ********** ********** 99999.0000
22.1397 99999.0000 99999.0000 99999.0000 ********** ********** 99999.0000
22.1671 99999.0000 99999.0000 99999.0000 ********** ********** 99999.0000
22.1944 99999.0000 99999.0000 99999.0000 ********** ********** 99999.0000
22.2217 99999.0000 99999.0000 99999.0000 ********** ********** 99999.0000
22.2491 99999.0000 99999.0000 99999.0000 ********** ********** 99999.0000
22.2764 0.0001 -0.0001 0.0000 -0.0001 -0.0000 -0.0000
22.3037 0.0001 -0.0001 0.0000 -0.0001 -0.0000 -0.0000
22.3311 -0.0008 0.0004 0.0000 -0.0000 -0.0000 0.0000
22.3584 -0.0008 0.0004 0.0000 0.0000 -0.0000 0.0000
22.3857 -0.0009 0.0004 -0.0000 -0.0000 -0.0000 0.0000
22.4131 -0.0008 0.0004 0.0000 -0.0000 -0.0000 0.0000
22.4404 -0.0010 0.0005 0.0000 0.0000 -0.0000 0.0000
22.4677 -0.0011 0.0005 -0.0000 0.0000 -0.0000 0.0000
22.4951 -0.0006 0.0002 -0.0000 0.0000 -0.0000 0.0000
22.5224 -0.0006 0.0002 -0.0000 0.0000 -0.0000 0.0000
22.5497 99999.0000 99999.0000 99999.0000 ********** ********** 99999.0000
22.5771 99999.0000 99999.0000 99999.0000 ********** ********** 99999.0000
22.6044 99999.0000 99999.0000 99999.0000 ********** ********** 99999.0000
22.6317 99999.0000 99999.0000 99999.0000 ********** ********** 99999.0000
22.6591 99999.0000 99999.0000 99999.0000 ********** ********** 99999.0000
22.6864 99999.0000 99999.0000 99999.0000 ********** ********** 99999.0000
22.7137 0.0001 0.0002 0.0000 -0.0000 0.0000 -0.0000
22.7411 0.0001 0.0001 0.0000 -0.0000 0.0000 -0.0000
22.7684 -0.0008 0.0005 0.0000 -0.0000 -0.0000 0.0000
22.7957 -0.0008 0.0005 0.0000 0.0000 -0.0000 0.0000
22.8231 -0.0008 0.0006 -0.0000 0.0000 -0.0000 0.0000
22.8504 -0.0007 0.0006 0.0000 -0.0000 -0.0000 0.0000
22.8777 -0.0009 0.0006 -0.0000 0.0000 -0.0000 0.0000
22.9051 -0.0010 0.0006 0.0000 -0.0000 -0.0000 0.0000
22.9324 -0.0006 0.0003 -0.0000 0.0000 -0.0000 0.0000
22.9597 -0.0005 0.0003 -0.0000 0.0000 0.0000 0.0000
22.9871 99999.0000 99999.0000 99999.0000 ********** ********** 99999.0000
23.0144 99999.0000 99999.0000 99999.0000 ********** ********** 99999.0000
23.0417 99999.0000 99999.0000 99999.0000 ********** ********** 99999.0000
23.0691 99999.0000 99999.0000 99999.0000 ********** ********** 99999.0000
23.0964 99999.0000 99999.0000 99999.0000 ********** ********** 99999.0000
23.1237 99999.0000 99999.0000 99999.0000 ********** ********** 99999.0000
23.1511 0.0001 0.0002 0.0000 0.0000 0.0000 -0.0000
23.1784 0.0001 0.0001 0.0000 0.0000 0.0000 -0.0000
23.2057 -0.0007 0.0007 -0.0000 0.0000 -0.0000 0.0000
23.2331 -0.0007 0.0007 -0.0000 0.0000 -0.0000 0.0000
23.2604 -0.0008 0.0007 0.0000 -0.0000 -0.0000 0.0000
23.2877 -0.0007 0.0007 0.0000 -0.0000 -0.0000 0.0000
23.3151 -0.0009 0.0008 0.0000 -0.0000 -0.0000 0.0000
23.3424 -0.0009 0.0008 -0.0000 0.0000 -0.0000 0.0000
23.3697 -0.0006 0.0004 -0.0000 0.0000 0.0000 0.0000
23.3971 -0.0005 0.0004 -0.0000 0.0000 0.0000 0.0000
23.4244 99999.0000 99999.0000 99999.0000 ********** ********** 99999.0000
23.4517 99999.0000 99999.0000 99999.0000 ********** ********** 99999.0000
23.4791 99999.0000 99999.0000 99999.0000 ********** ********** 99999.0000
23.5064 99999.0000 99999.0000 99999.0000 ********** ********** 99999.0000
23.5337 99999.0000 99999.0000 99999.0000 ********** ********** 99999.0000
23.5611 99999.0000 99999.0000 99999.0000 ********** ********** 99999.0000
23.5884 -0.0002 -0.0001 0.0000 -0.0001 0.0000 0.0000
23.6157 -0.0002 -0.0001 0.0000 -0.0001 0.0000 0.0000
23.6431 -0.0007 0.0011 0.0000 -0.0000 -0.0000 0.0000
23.6704 -0.0007 0.0011 0.0000 -0.0000 -0.0000 0.0000
23.6977 -0.0008 0.0011 -0.0000 -0.0000 -0.0000 0.0000
23.7251 -0.0006 0.0011 0.0000 -0.0000 -0.0000 0.0000
23.7524 -0.0008 0.0012 0.0000 0.0000 -0.0000 0.0000
23.7797 -0.0009 0.0012 -0.0000 0.0000 -0.0000 0.0000
23.8071 -0.0005 0.0006 -0.0000 0.0000 0.0000 0.0000
23.8344 -0.0005 0.0006 -0.0000 0.0000 0.0000 0.0000
23.8617 99999.0000 99999.0000 99999.0000 ********** ********** 99999.0000
23.8891 99999.0000 99999.0000 99999.0000 ********** ********** 99999.0000
23.9164 99999.0000 99999.0000 99999.0000 ********** ********** 99999.0000
23.9437 99999.0000 99999.0000 99999.0000 ********** ********** 99999.0000
23.9711 99999.0000 99999.0000 99999.0000 ********** ********** 99999.0000
23.9984 99999.0000 99999.0000 99999.0000 ********** ********** 99999.0000
24.0257 -0.0002 -0.0001 0.0000 0.0000 -0.0000 0.0000
24.0531 -0.0002 -0.0000 0.0000 0.0000 -0.0000 0.0000
24.0804 -0.0007 0.0015 0.0000 -0.0000 -0.0000 0.0000
24.1077 -0.0007 0.0016 0.0000 -0.0000 -0.0000 0.0000
24.1351 -0.0007 0.0017 -0.0000 -0.0000 -0.0000 0.0000
24.1624 -0.0006 0.0019 0.0000 -0.0000 -0.0000 0.0000
24.1897 -0.0008 0.0021 0.0000 0.0000 -0.0000 0.0000
24.2171 -0.0008 0.0023 -0.0000 0.0000 -0.0000 0.0000
24.2444 -0.0005 0.0013 -0.0000 0.0000 -0.0000 0.0000
24.2717 -0.0005 0.0013 -0.0000 0.0000 -0.0000 0.0000
24.2991 99999.0000 99999.0000 99999.0000 ********** ********** 99999.0000
24.3264 99999.0000 99999.0000 99999.0000 ********** ********** 99999.0000
24.3537 99999.0000 99999.0000 99999.0000 ********** ********** 99999.0000
24.3811 99999.0000 99999.0000 99999.0000 ********** ********** 99999.0000
24.4084 99999.0000 99999.0000 99999.0000 ********** ********** 99999.0000
24.4357 99999.0000 99999.0000 99999.0000 ********** ********** 99999.0000
24.4631 0.0001 -0.0000 0.0000 -0.0001 0.0000 -0.0000
24.4904 -0.0000 0.0000 0.0000 -0.0001 -0.0000 0.0000
24.5177 -0.0006 0.0034 0.0000 -0.0000 -0.0000 0.0000
24.5451 -0.0006 0.0033 0.0000 -0.0000 -0.0000 0.0000
24.5724 -0.0007 0.0035 -0.0000 -0.0000 -0.0000 0.0000
24.5997 -0.0006 0.0031 0.0000 -0.0000 -0.0000 0.0000
24.6271 -0.0007 0.0033 0.0000 0.0000 -0.0000 0.0000
24.6544 -0.0008 0.0028 -0.0000 0.0000 -0.0000 0.0000
24.6817 -0.0005 0.0009 -0.0000 0.0000 -0.0000 0.0000
24.7091 -0.0005 0.0007 -0.0000 0.0000 -0.0000 0.0000
24.7364 99999.0000 99999.0000 99999.0000 ********** ********** 99999.0000
24.7637 99999.0000 99999.0000 99999.0000 ********** ********** 99999.0000
24.7911 99999.0000 99999.0000 99999.0000 ********** ********** 99999.0000
24.8184 99999.0000 99999.0000 99999.0000 ********** ********** 99999.0000
24.8457 99999.0000 99999.0000 99999.0000 ********** ********** 99999.0000
24.8730 99999.0000 99999.0000 99999.0000 ********** ********** 99999.0000
24.9004 0.0001 0.0000 0.0000 -0.0000 0.0000 -0.0000
24.9277 0.0001 0.0000 -0.0000 -0.0000 -0.0000 -0.0000
24.9550 -0.0006 -0.0008 0.0000 -0.0000 0.0000 0.0000
24.9824 -0.0006 -0.0008 0.0000 -0.0000 0.0000 0.0000
25.0097 -0.0006 -0.0009 -0.0000 -0.0000 0.0000 0.0000
25.0370 -0.0006 -0.0009 0.0000 -0.0000 0.0000 0.0000
25.0644 -0.0007 -0.0009 0.0000 0.0000 0.0000 0.0000
25.0917 -0.0007 -0.0009 -0.0000 0.0000 0.0000 0.0000
25.1190 -0.0005 -0.0004 -0.0000 0.0000 0.0000 0.0000
25.1464 -0.0004 -0.0004 -0.0000 0.0000 0.0000 0.0000
25.1737 99999.0000 99999.0000 99999.0000 ********** ********** 99999.0000
25.2010 99999.0000 99999.0000 99999.0000 ********** ********** 99999.0000
25.2284 99999.0000 99999.0000 99999.0000 ********** ********** 99999.0000
25.2557 99999.0000 99999.0000 99999.0000 ********** ********** 99999.0000
25.2830 99999.0000 99999.0000 99999.0000 ********** ********** 99999.0000
25.3104 99999.0000 99999.0000 99999.0000 ********** ********** 99999.0000
25.3377 -0.0002 0.0001 0.0000 0.0000 0.0000 0.0000
25.3650 -0.0001 0.0001 0.0000 0.0000 0.0000 0.0000
25.3924 -0.0006 -0.0006 0.0000 -0.0000 0.0000 0.0000
25.4197 -0.0006 -0.0006 0.0000 -0.0000 0.0000 0.0000
25.4470 -0.0006 -0.0006 -0.0000 -0.0000 0.0000 0.0000
25.4744 -0.0005 -0.0006 0.0000 -0.0000 0.0000 0.0000
25.5017 -0.0007 -0.0006 0.0000 0.0000 0.0000 0.0000
25.5290 -0.0007 -0.0006 -0.0000 0.0000 0.0000 0.0000
25.5564 -0.0004 -0.0003 -0.0000 0.0000 0.0000 0.0000
25.5837 -0.0004 -0.0003 -0.0000 0.0000 0.0000 0.0000
25.6110 99999.0000 99999.0000 99999.0000 ********** ********** 99999.0000
25.6384 99999.0000 99999.0000 99999.0000 ********** ********** 99999.0000
25.6657 99999.0000 99999.0000 99999.0000 ********** ********** 99999.0000
25.6930 99999.0000 99999.0000 99999.0000 ********** ********** 99999.0000
25.7204 99999.0000 99999.0000 99999.0000 ********** ********** 99999.0000
25.7477 99999.0000 99999.0000 99999.0000 ********** ********** 99999.0000
25.7750 -0.0001 -0.0000 0.0000 0.0000 0.0000 0.0000
25.8024 -0.0002 -0.0000 0.0000 0.0000 0.0000 0.0000
25.8297 -0.0005 -0.0004 0.0000 -0.0000 0.0000 0.0000
25.8570 -0.0005 -0.0004 0.0000 -0.0000 0.0000 0.0000
25.8844 -0.0006 -0.0004 -0.0000 -0.0000 0.0000 0.0000
25.9117 -0.0005 -0.0004 0.0000 -0.0000 0.0000 0.0000
25.9390 -0.0006 -0.0004 0.0000 0.0000 0.0000 0.0000
25.9664 -0.0007 -0.0004 -0.0000 0.0000 0.0000 0.0000
25.9937 -0.0004 -0.0002 -0.0000 0.0000 0.0000 0.0000
26.0210 -0.0004 -0.0002 -0.0000 0.0000 0.0000 0.0000
26.0484 99999.0000 99999.0000 99999.0000 ********** ********** 99999.0000
26.0757 99999.0000 99999.0000 99999.0000 ********** ********** 99999.0000
26.1030 99999.0000 99999.0000 99999.0000 ********** ********** 99999.0000
26.1304 99999.0000 99999.0000 99999.0000 ********** ********** 99999.0000
26.1577 99999.0000 99999.0000 99999.0000 ********** ********** 99999.0000
26.1850 99999.0000 99999.0000 99999.0000 ********** ********** 99999.0000
26.2124 0.0001 0.0000 0.0000 0.0000 -0.0000 -0.0000
26.2397 0.0000 -0.0000 0.0000 0.0000 0.0000 -0.0000
26.2670 -0.0005 -0.0003 0.0000 -0.0000 0.0000 0.0000
26.2944 -0.0005 -0.0003 0.0000 -0.0000 0.0000 0.0000
26.3217 -0.0005 -0.0003 -0.0000 -0.0000 0.0000 0.0000
26.3490 -0.0005 -0.0003 0.0000 -0.0000 0.0000 0.0000
26.3764 -0.0006 -0.0003 0.0000 0.0000 0.0000 0.0000
26.4037 -0.0006 -0.0003 -0.0000 0.0000 0.0000 0.0000
26.4310 -0.0004 -0.0001 -0.0000 -0.0000 0.0000 0.0000
26.4584 -0.0003 -0.0001 -0.0000 -0.0000 0.0000 0.0000
26.4857 99999.0000 99999.0000 99999.0000 ********** ********** 99999.0000
26.5130 99999.0000 99999.0000 99999.0000 ********** ********** 99999.0000
26.5404 99999.0000 99999.0000 99999.0000 ********** ********** 99999.0000
26.5677 99999.0000 99999.0000 99999.0000 ********** ********** 99999.0000
26.5950 99999.0000 99999.0000 99999.0000 ********** ********** 99999.0000
26.6224 99999.0000 99999.0000 99999.0000 ********** ********** 99999.0000
26.6497 0.0001 -0.0000 0.0000 -0.0000 -0.0000 -0.0000
26.6770 0.0000 -0.0000 0.0000 -0.0000 -0.0000 -0.0000
26.7044 -0.0005 -0.0003 0.0000 -0.0000 0.0000 0.0000
26.7317 -0.0005 -0.0002 0.0000 -0.0000 0.0000 0.0000
26.7590 -0.0005 -0.0002 -0.0000 -0.0000 0.0000 0.0000
26.7864 -0.0004 -0.0002 0.0000 -0.0000 0.0000 0.0000
26.8137 -0.0006 -0.0002 0.0000 0.0000 0.0000 0.0000
26.8410 -0.0006 -0.0002 -0.0000 0.0000 0.0000 0.0000
26.8684 -0.0004 -0.0001 -0.0000 -0.0000 0.0000 0.0000
26.8957 -0.0003 -0.0001 -0.0000 -0.0000 0.0000 0.0000
26.9230 99999.0000 99999.0000 99999.0000 ********** ********** 99999.0000
26.9504 99999.0000 99999.0000 99999.0000 ********** ********** 99999.0000
26.9777 99999.0000 99999.0000 99999.0000 ********** ********** 99999.0000
27.0050 99999.0000 99999.0000 99999.0000 ********** ********** 99999.0000
27.0324 99999.0000 99999.0000 99999.0000 ********** ********** 99999.0000
27.0597 99999.0000 99999.0000 99999.0000 ********** ********** 99999.0000
27.0870 0.0001 -0.0000 0.0000 -0.0000 -0.0000 -0.0000
27.1144 0.0001 -0.0000 0.0000 -0.0000 0.0000 -0.0000
27.1417 -0.0005 -0.0002 0.0000 -0.0000 0.0000 0.0000
27.1690 -0.0005 -0.0002 0.0000 -0.0000 0.0000 0.0000
27.1964 -0.0005 -0.0002 -0.0000 -0.0000 0.0000 0.0000
27.2237 -0.0004 -0.0002 0.0000 -0.0000 0.0000 0.0000
27.2510 -0.0005 -0.0002 0.0000 0.0000 0.0000 0.0000
27.2784 -0.0006 -0.0002 -0.0000 0.0000 0.0000 0.0000
27.3057 -0.0003 -0.0001 -0.0000 -0.0000 0.0000 0.0000
