0.0000 5.5849 4.9030 2.3645 -0.1534 -0.0000 -0.0000
0.0273 5.5853 4.9034 2.3646 -0.1534 -0.0000 -0.0000
0.0547 5.5867 4.9047 2.3647 -0.1534 -0.0000 -0.0000
0.0820 5.5890 4.9067 2.3649 -0.1534 -0.0000 -0.0000
0.1093 5.5922 4.9096 2.3652 -0.1534 -0.0000 -0.0000
0.1367 5.5964 4.9133 2.3656 -0.1534 -0.0000 -0.0000
0.1640 5.6014 4.9179 2.3661 -0.1535 -0.0000 -0.0000
0.1913 5.6075 4.9233 2.3667 -0.1535 -0.0000 -0.0000
0.2187 5.6144 4.9295 2.3674 -0.1535 -0.0000 -0.0000
0.2460 5.6224 4.9367 2.3681 -0.1536 -0.0000 -0.0000
0.2733 5.6313 4.9447 2.3690 -0.1536 -0.0000 -0.0000
0.3007 5.6413 4.9536 2.3699 -0.1537 -0.0000 -0.0000
0.3280 5.6522 4.9635 2.3710 -0.1537 -0.0000 -0.0000
0.3553 5.6642 4.9743 2.3721 -0.1538 -0.0000 -0.0000
0.3827 5.6772 4.9861 2.3733 -0.1538 -0.0000 -0.0000
0.4100 5.6913 4.9989 2.3747 -0.1539 -0.0000 -0.0000
0.4373 5.7066 5.0127 2.3761 -0.1540 -0.0000 -0.0000
0.4647 5.7230 5.0275 2.3776 -0.1540 -0.0000 -0.0000
0.4920 5.7405 5.0435 2.3792 -0.1540 -0.0000 -0.0000
0.5193 5.7593 5.0605 2.3810 -0.1541 -0.0000 -0.0000
0.5467 5.7793 5.0788 2.3828 -0.1541 -0.0000 -0.0000
0.5740 5.8006 5.0983 2.3847 -0.1541 -0.0000 -0.0000
0.6013 5.8232 5.1190 2.3868 -0.1541 -0.0000 -0.0000
0.6287 5.8472 5.1411 2.3890 -0.1541 -0.0000 -0.0000
0.6560 5.8727 5.1646 2.3912 -0.1541 -0.0000 -0.0000
0.6833 5.8997 5.1895 2.3936 -0.1541 -0.0000 -0.0000
0.7107 5.9282 5.2160 2.3962 -0.1540 -0.0000 -0.0000
0.7380 5.9584 5.2441 2.3988 -0.1539 -0.0000 -0.0000
0.7653 5.9903 5.2739 2.4016 -0.1538 -0.0000 -0.0000
0.7927 6.0240 5.3055 2.4045 -0.1536 -0.0000 -0.0000
0.8200 6.0596 5.3390 2.4075 -0.1534 -0.0000 -0.0000
0.8473 6.0972 5.3746 2.4107 -0.1531 -0.0000 -0.0000
0.8747 6.1369 5.4124 2.4141 -0.1528 -0.0000 -0.0000
0.9020 6.1788 5.4525 2.4176 -0.1524 -0.0000 -0.0000
0.9293 6.2232 5.4951 2.4212 -0.1519 -0.0000 -0.0000
0.9567 6.2700 5.5404 2.4250 -0.1513 -0.0000 -0.0000
0.9840 6.3196 5.5886 2.4291 -0.1506 -0.0000 -0.0000
1.0113 6.3720 5.6400 2.4332 -0.1498 -0.0000 -0.0000
1.0387 6.4275 5.6948 2.4376 -0.1489 -0.0000 -0.0000
1.0660 6.4864 5.7534 2.4420 -0.1478 -0.0000 -0.0000
1.0933 6.5488 5.8160 2.4466 -0.1465 -0.0000 -0.0000
1.1207 6.6152 5.8832 2.4512 -0.1450 -0.0000 -0.0000
1.1480 6.6857 5.9553 2.4559 -0.1432 -0.0000 -0.0000
1.1753 6.7608 6.0330 2.4607 -0.1412 -0.0000 -0.0000
1.2027 6.8409 6.1167 2.4656 -0.1387 -0.0000 -0.0000
1.2300 6.9265 6.2071 2.4707 -0.1359 -0.0000 -0.0000
1.2573 7.0182 6.3050 2.4760 -0.1324 -0.0000 -0.0000
1.2847 7.1164 6.4111 2.4816 -0.1283 -0.0000 -0.0000
1.3120 7.2220 6.5262 2.4875 -0.1232 -0.0000 -0.0000
1.3393 7.3357 6.6513 2.4937 -0.1172 -0.0000 -0.0000
1.3667 7.4586 6.7875 2.5003 -0.1099 -0.0000 -0.0000
1.3940 7.5916 6.9359 2.5072 -0.1014 -0.0000 -0.0000
1.4213 7.7359 7.0976 2.5144 -0.0915 -0.0000 -0.0000
1.4487 7.8928 7.2732 2.5221 -0.0803 -0.0000 -0.0000
1.4760 8.0634 7.4624 2.5302 -0.0683 -0.0000 -0.0000
1.5033 8.2480 7.6621 2.5388 -0.0564 -0.0000 -0.0000
1.5306 8.4462 7.8640 2.5478 -0.0469 -0.0000 -0.0000
1.5580 8.6554 8.0532 2.5574 -0.0431 -0.0000 -0.0000
1.5853 8.8710 8.2086 2.5673 -0.0484 -0.0000 -0.0000
1.6126 9.0856 8.3056 2.5776 -0.0653 -0.0000 -0.0000
1.6400 9.2879 8.3191 2.5882 -0.0956 -0.0000 -0.0000
1.6673 9.4639 8.2289 2.5990 -0.1396 -0.0000 -0.0000
1.6946 9.6028 8.0288 2.6100 -0.1946 -0.0000 -0.0000
1.7220 9.7036 7.7384 2.6210 -0.2562 -0.0000 -0.0000
1.7493 9.7713 7.3994 2.6318 -0.3230 -0.0000 -0.0000
1.7766 9.8032 7.0406 2.6422 -0.3961 -0.0000 -0.0000
1.8040 9.7802 6.6430 2.6518 -0.4735 -0.0000 -0.0000
1.8313 9.6676 6.1584 2.6602 -0.5509 -0.0000 -0.0000
1.8586 9.4233 5.5775 2.6667 -0.6227 -0.0000 -0.0000
1.8860 9.0220 4.9676 2.6717 -0.6835 -0.0000 -0.0000
1.9133 8.4978 4.4181 2.6755 -0.7318 0.0000 -0.0000
1.9406 7.9473 3.9761 2.6794 -0.7708 0.0000 -0.0000
1.9680 7.4547 3.6455 2.6841 -0.8036 0.0000 -0.0000
1.9953 7.0350 3.4147 2.6905 -0.8298 0.0000 -0.0000
2.0226 6.6649 3.2732 2.6989 -0.8459 0.0000 -0.0000
2.0500 6.3280 3.2088 2.7094 -0.8483 0.0000 -0.0000
2.0773 6.0214 3.2009 2.7212 -0.8373 0.0000 -0.0000
2.1046 5.7397 3.2244 2.7334 -0.8161 0.0000 -0.0000
2.1320 5.4730 3.2564 2.7446 -0.7887 0.0000 -0.0000
2.1593 5.2175 3.2828 2.7533 -0.7593 0.0000 -0.0000
2.1866 4.9797 3.3019 2.7585 -0.7321 0.0000 -0.0000
2.2140 4.7682 3.3204 2.7598 -0.7114 0.0000 -0.0000
2.2413 4.5839 3.3452 2.7574 -0.7021 -0.0000 -0.0000
2.2686 4.4241 3.3811 2.7524 -0.7075 0.0000 -0.0000
2.2960 4.2943 3.4326 2.7469 -0.7260 0.0000 -0.0000
2.3233 4.2088 3.5035 2.7430 -0.7499 0.0000 -0.0000
2.3506 4.1719 3.5926 2.7415 -0.7729 0.0000 -0.0000
2.3780 4.1680 3.6919 2.7412 -0.7941 0.0000 -0.0000
2.4053 4.1767 3.7913 2.7407 -0.8140 0.0000 -0.0000
2.4326 4.1850 3.8813 2.7394 -0.8298 0.0000 -0.0000
2.4600 4.1873 3.9501 2.7374 -0.8350 0.0000 -0.0000
2.4873 4.1804 3.9823 2.7352 -0.8207 0.0000 -0.0000
2.5146 4.1601 3.9654 2.7330 -0.7801 0.0000 -0.0000
2.5420 4.1244 3.9039 2.7298 -0.7147 0.0000 -0.0000
2.5693 4.0752 3.8225 2.7242 -0.6357 -0.0000 -0.0000
2.5966 4.0097 3.7420 2.7142 -0.5508 -0.0000 -0.0000
2.6240 3.9160 3.6613 2.6980 -0.4583 -0.0000 -0.0000
2.6513 3.7882 3.5670 2.6757 -0.3532 -0.0000 -0.0000
2.6786 3.6409 3.4485 2.6501 -0.2359 -0.0000 -0.0000
2.7060 3.4991 3.3050 2.6241 -0.1136 -0.0000 -0.0000
2.7333 3.3746 3.1451 2.5986 0.0023 -0.0000 -0.0000
2.7606 3.2624 2.9811 2.5723 0.1026 -0.0000 -0.0000
2.7880 3.1531 2.8255 2.5435 0.1846 -0.0000 -0.0000
2.8153 3.0479 2.6927 2.5121 0.2498 -0.0000 -0.0000
2.8426 2.9541 2.5972 2.4798 0.3018 -0.0000 -0.0000
2.8700 2.8690 2.5450 2.4495 0.3448 -0.0000 -0.0000
2.8973 2.7754 2.5320 2.4235 0.3829 -0.0000 -0.0000
2.9246 2.6491 2.5497 2.4028 0.4193 -0.0000 -0.0000
2.9520 2.4731 2.5898 2.3878 0.4561 -0.0000 -0.0000
2.9793 2.2500 2.6470 2.3790 0.4922 -0.0000 -0.0000
3.0066 2.0099 2.7192 2.3772 0.5213 -0.0000 -0.0000
3.0340 1.8013 2.8051 2.3827 0.5338 -0.0000 -0.0000
3.0613 1.6628 2.8998 2.3944 0.5224 -0.0000 -0.0000
3.0886 1.6020 2.9911 2.4100 0.4852 -0.0000 -0.0000
3.1160 1.6023 3.0619 2.4277 0.4227 -0.0000 -0.0000
3.1433 1.6426 3.1033 2.4466 0.3386 -0.0000 -0.0000
3.1706 1.7051 3.1246 2.4669 0.2427 -0.0000 -0.0000
3.1980 1.7701 3.1381 2.4889 0.1484 -0.0000 -0.0000
3.2253 1.8195 3.1430 2.5124 0.0658 -0.0000 -0.0000
3.2526 1.8488 3.1318 2.5369 0.0015 -0.0000 -0.0000
3.2800 1.8664 3.0988 2.5614 -0.0412 -0.0000 -0.0000
3.3073 1.8809 3.0408 2.5850 -0.0603 -0.0000 -0.0000
3.3346 1.8955 2.9568 2.6067 -0.0570 -0.0000 -0.0000
3.3620 1.9139 2.8512 2.6257 -0.0368 -0.0000 -0.0000
3.3893 1.9443 2.7357 2.6418 -0.0093 -0.0000 -0.0000
3.4166 1.9976 2.6277 2.6557 0.0142 -0.0000 -0.0000
3.4440 2.0820 2.5423 2.6686 0.0249 -0.0000 -0.0000
3.4713 2.1993 2.4853 2.6815 0.0207 -0.0000 -0.0000
3.4986 2.3465 2.4560 2.6939 0.0054 -0.0000 -0.0000
3.5260 2.5191 2.4575 2.7052 -0.0154 -0.0000 -0.0000
3.5533 2.7111 2.4919 2.7148 -0.0362 -0.0000 -0.0000
3.5806 2.9130 2.5522 2.7233 -0.0534 -0.0000 -0.0000
3.6080 3.1074 2.6241 2.7320 -0.0645 -0.0000 -0.0000
3.6353 3.2611 2.6899 2.7424 -0.0662 -0.0000 -0.0000
3.6626 3.3201 2.7317 2.7549 -0.0522 -0.0000 -0.0000
3.6900 3.2204 2.7391 2.7679 -0.0112 -0.0000 -0.0000
3.7173 2.9187 2.7128 2.7790 0.0689 -0.0000 -0.0000
3.7446 2.4417 2.6624 2.7867 0.1861 -0.0000 -0.0000
3.7720 1.9165 2.6010 2.7913 0.3109 -0.0000 -0.0000
3.7993 1.4857 2.5382 2.7939 0.4067 -0.0000 -0.0000
3.8266 1.1955 2.4742 2.7953 0.4606 -0.0000 0.0000
3.8540 1.0083 2.4014 2.7965 0.4829 -0.0000 0.0000
3.8813 0.8699 2.3132 2.7988 0.4907 -0.0000 0.0000
3.9086 0.7453 2.2099 2.8036 0.4946 -0.0000 0.0000
3.9360 0.6238 2.0998 2.8117 0.4955 -0.0000 0.0000
3.9633 0.5122 1.9959 2.8232 0.4896 -0.0000 0.0000
3.9906 0.4236 1.9103 2.8374 0.4763 -0.0000 0.0000
4.0180 0.3658 1.8469 2.8535 0.4576 -0.0000 0.0000
4.0453 0.3359 1.8014 2.8713 0.4349 -0.0000 0.0000
4.0726 0.3236 1.7670 2.8908 0.4092 -0.0000 0.0000
4.1000 0.3165 1.7393 2.9122 0.3833 -0.0000 0.0000
4.1273 0.3064 1.7165 2.9353 0.3610 -0.0000 0.0000
4.1546 0.2908 1.6982 2.9604 0.3448 -0.0000 0.0000
4.1820 0.2722 1.6839 2.9875 0.3332 -0.0000 0.0000
4.2093 0.2565 1.6722 3.0163 0.3217 -0.0000 0.0000
4.2366 0.2490 1.6603 3.0458 0.3078 -0.0000 0.0000
4.2640 0.2536 1.6447 3.0751 0.2934 -0.0000 0.0000
4.2913 0.2717 1.6227 3.1036 0.2805 -0.0000 0.0000
4.3186 0.3002 1.5937 3.1312 0.2694 -0.0000 0.0000
4.3460 0.3345 1.5606 3.1577 0.2585 -0.0000 0.0000
4.3733 0.3710 1.5281 3.1810 0.2460 -0.0000 0.0000
4.4006 0.4075 1.5007 3.1977 0.2307 -0.0000 0.0000
4.4279 0.4410 1.4820 3.2038 0.2124 -0.0000 0.0000
4.4553 0.4673 1.4741 3.1986 0.1913 -0.0000 0.0000
4.4826 0.4810 1.4775 3.1869 0.1688 -0.0000 0.0000
4.5099 0.4760 1.4887 3.1758 0.1473 -0.0000 0.0000
4.5373 0.4494 1.4991 3.1700 0.1276 -0.0000 0.0000
4.5646 0.4000 1.4945 3.1696 0.1079 -0.0000 0.0000
4.5919 0.3226 1.4590 3.1717 0.0881 -0.0000 0.0000
4.6193 0.2085 1.3858 3.1727 0.0721 -0.0000 0.0000
4.6466 0.0513 1.2843 3.1706 0.0611 -0.0000 0.0000
4.6739 -0.1441 1.1744 3.1656 0.0505 -0.0000 0.0000
4.7013 -0.3565 1.0731 3.1588 0.0350 -0.0000 0.0000
4.7286 -0.5582 0.9874 3.1517 0.0128 -0.0000 0.0000
4.7559 -0.7280 0.9189 3.1447 -0.0147 -0.0000 0.0000
4.7833 -0.8565 0.8664 3.1373 -0.0434 -0.0000 0.0000
4.8106 -0.9438 0.8262 3.1289 -0.0675 -0.0000 0.0000
4.8379 -0.9972 0.7929 3.1206 -0.0819 -0.0000 0.0000
4.8653 -1.0283 0.7623 3.1148 -0.0848 -0.0000 0.0000
4.8926 -1.0475 0.7327 3.1148 -0.0772 -0.0000 0.0000
4.9199 -1.0582 0.7045 3.1217 -0.0606 -0.0000 0.0000
4.9473 -1.0586 0.6787 3.1344 -0.0372 -0.0000 0.0000
4.9746 -1.0447 0.6562 3.1499 -0.0096 -0.0000 0.0000
5.0019 -1.0157 0.6352 3.1631 0.0195 -0.0000 0.0000
5.0293 -0.9764 0.6105 3.1688 0.0484 -0.0000 0.0000
5.0566 -0.9323 0.5770 3.1626 0.0762 -0.0000 0.0000
5.0839 -0.8842 0.5333 3.1440 0.1018 -0.0000 0.0000
5.1113 -0.8297 0.4795 3.1172 0.1250 -0.0000 0.0000
5.1386 -0.7671 0.4177 3.0916 0.1466 -0.0000 0.0000
5.1659 -0.6964 0.3549 3.0775 0.1668 -0.0000 0.0000
5.1933 -0.6192 0.3010 3.0804 0.1850 -0.0000 0.0000
5.2206 -0.5387 0.2631 3.0984 0.2007 -0.0000 0.0000
5.2479 -0.4605 0.2416 3.1240 0.2143 -0.0000 0.0000
5.2753 -0.3914 0.2311 3.1487 0.2269 -0.0000 0.0000
5.3026 -0.3367 0.2225 3.1684 0.2390 -0.0000 0.0000
5.3299 -0.2981 0.2043 3.1853 0.2514 -0.0000 0.0000
5.3573 -0.2743 0.1654 3.2032 0.2644 -0.0000 0.0000
5.3846 -0.2635 0.1019 3.2240 0.2765 -0.0000 0.0000
5.4119 -0.2645 0.0239 3.2457 0.2826 -0.0000 0.0000
5.4393 -0.2757 -0.0526 3.2644 0.2768 -0.0000 0.0000
5.4666 -0.2926 -0.1159 3.2754 0.2575 -0.0000 0.0000
5.4939 -0.3077 -0.1609 3.2751 0.2290 -0.0000 0.0000
5.5213 -0.3150 -0.1879 3.2613 0.1978 -0.0000 0.0000
5.5486 -0.3132 -0.2021 3.2344 0.1687 -0.0000 0.0000
5.5759 -0.3050 -0.2126 3.1983 0.1439 -0.0000 0.0000
5.6033 -0.2946 -0.2292 3.1580 0.1236 -0.0000 0.0000
5.6306 -0.2853 -0.2541 3.1178 0.1065 -0.0000 0.0000
5.6579 -0.2786 -0.2762 3.0828 0.0895 -0.0000 0.0000
5.6853 -0.2748 -0.2869 3.0608 0.0696 -0.0000 0.0000
5.7126 -0.2761 -0.2936 3.0581 0.0470 -0.0000 0.0000
5.7399 -0.2898 -0.3099 3.0735 0.0241 -0.0000 0.0000
5.7673 -0.3301 -0.3432 3.1002 0.0039 -0.0000 0.0000
5.7946 -0.4115 -0.3927 3.1310 -0.0125 -0.0000 0.0000
5.8219 -0.5315 -0.4491 3.1636 -0.0261 -0.0000 0.0000
5.8493 -0.6645 -0.4995 3.1990 -0.0404 -0.0000 0.0000
5.8766 -0.7779 -0.5359 3.2373 -0.0582 -0.0000 0.0000
5.9039 -0.8529 -0.5575 3.2753 -0.0791 -0.0000 0.0000
5.9313 -0.8880 -0.5674 3.3085 -0.1007 -0.0000 0.0000
5.9586 -0.8927 -0.5690 3.3326 -0.1210 -0.0000 0.0000
5.9859 -0.8788 -0.5647 3.3438 -0.1393 -0.0000 0.0000
6.0133 -0.8546 -0.5529 3.3386 -0.1546 -0.0000 0.0000
6.0406 -0.8246 -0.5304 3.3156 -0.1654 -0.0000 0.0000
6.0679 -0.7914 -0.4977 3.2758 -0.1705 -0.0000 0.0000
6.0953 -0.7592 -0.4625 3.2218 -0.1692 -0.0000 0.0000
6.1226 -0.7333 -0.4339 3.1565 -0.1614 -0.0000 0.0000
6.1499 -0.7197 -0.4180 3.0827 -0.1465 -0.0000 0.0000
6.1773 -0.7244 -0.4161 3.0042 -0.1240 -0.0000 0.0000
6.2046 -0.7519 -0.4250 2.9256 -0.0949 -0.0000 0.0000
6.2319 -0.7995 -0.4386 2.8522 -0.0618 -0.0000 0.0000
6.2593 -0.8538 -0.4520 2.7876 -0.0278 -0.0000 0.0000
6.2866 -0.8995 -0.4633 2.7322 0.0043 -0.0000 0.0000
6.3139 -0.9307 -0.4733 2.6821 0.0330 -0.0000 0.0000
6.3413 -0.9476 -0.4843 2.6313 0.0574 -0.0000 0.0000
6.3686 -0.9518 -0.4986 2.5747 0.0768 -0.0000 0.0000
6.3959 -0.9449 -0.5171 2.5104 0.0909 -0.0000 0.0000
6.4233 -0.9288 -0.5395 2.4383 0.1004 -0.0000 0.0000
6.4506 -0.9054 -0.5643 2.3580 0.1067 -0.0000 0.0000
6.4779 -0.8766 -0.5896 2.2689 0.1111 -0.0000 0.0000
6.5053 -0.8444 -0.6140 2.1706 0.1142 -0.0000 0.0000
6.5326 -0.8111 -0.6374 2.0614 0.1161 -0.0000 0.0000
6.5599 -0.7787 -0.6592 1.9396 0.1165 -0.0000 0.0000
6.5873 -0.7476 -0.6782 1.8043 0.1151 -0.0000 0.0000
6.6146 -0.7175 -0.6935 1.6555 0.1121 -0.0000 0.0000
6.6419 -0.6884 -0.7061 1.4969 0.1080 -0.0000 0.0000
6.6693 -0.6609 -0.7183 1.3382 0.1035 -0.0000 0.0000
6.6966 -0.6356 -0.7325 1.1931 0.0990 -0.0000 0.0000
6.7239 -0.6119 -0.7492 1.0730 0.0944 -0.0000 0.0000
6.7513 -0.5894 -0.7655 0.9810 0.0896 -0.0000 0.0000
6.7786 -0.5687 -0.7770 0.9107 0.0842 -0.0000 0.0000
6.8059 -0.5515 -0.7814 0.8471 0.0786 0.0000 0.0000
6.8333 -0.5389 -0.7801 0.7752 0.0732 0.0000 0.0000
6.8606 -0.5320 -0.7764 0.6893 0.0686 0.0000 0.0000
6.8879 -0.5323 -0.7742 0.5979 0.0651 0.0000 0.0000
6.9153 -0.5411 -0.7774 0.5134 0.0630 0.0000 0.0000
6.9426 -0.5574 -0.7873 0.4388 0.0622 0.0000 0.0000
6.9699 -0.5776 -0.8000 0.3668 0.0623 0.0000 0.0000
6.9973 -0.5967 -0.8085 0.2903 0.0628 0.0000 0.0000
7.0246 -0.6126 -0.8095 0.2089 0.0636 0.0000 0.0000
7.0519 -0.6257 -0.8039 0.1310 0.0652 0.0000 0.0000
7.0793 -0.6371 -0.7945 0.0691 0.0677 0.0000 0.0000
7.1066 -0.6476 -0.7838 0.0304 0.0710 0.0000 0.0000
7.1339 -0.6571 -0.7730 0.0125 0.0744 0.0000 0.0000
7.1613 -0.6659 -0.7626 0.0078 0.0777 0.0000 0.0000
7.1886 -0.6742 -0.7537 0.0089 0.0806 0.0000 0.0000
7.2159 -0.6818 -0.7467 0.0108 0.0833 0.0000 0.0000
7.2433 -0.6876 -0.7413 0.0131 0.0856 0.0000 0.0000
7.2706 -0.6909 -0.7363 0.0190 0.0875 0.0000 0.0000
7.2979 -0.6914 -0.7313 0.0320 0.0888 0.0000 0.0000
7.3252 -0.6896 -0.7265 0.0518 0.0898 0.0000 0.0000
7.3526 -0.6870 -0.7226 0.0739 0.0906 0.0000 0.0000
7.3799 -0.6851 -0.7197 0.0915 0.0907 0.0000 0.0000
7.4072 -0.6849 -0.7166 0.0982 0.0896 0.0000 0.0000
7.4346 -0.6861 -0.7118 0.0884 0.0865 0.0000 0.0000
7.4619 -0.6880 -0.7049 0.0560 0.0814 0.0000 0.0000
7.4892 -0.6892 -0.6957 -0.0053 0.0752 0.0000 0.0000
7.5166 -0.6881 -0.6847 -0.0989 0.0693 0.0000 0.0000
7.5439 -0.6845 -0.6725 -0.2241 0.0647 0.0000 0.0000
7.5712 -0.6799 -0.6600 -0.3726 0.0617 0.0000 0.0000
7.5986 -0.6766 -0.6483 -0.5277 0.0597 0.0000 0.0000
7.6259 -0.6763 -0.6378 -0.6698 0.0578 0.0000 0.0000
7.6532 -0.6781 -0.6284 -0.7873 0.0554 0.0000 0.0000
7.6806 -0.6792 -0.6192 -0.8779 0.0525 0.0000 0.0000
7.7079 -0.6768 -0.6089 -0.9442 0.0496 0.0000 0.0000
7.7352 -0.6699 -0.5968 -0.9895 0.0468 0.0000 0.0000
7.7626 -0.6595 -0.5832 -1.0171 0.0440 0.0000 0.0000
7.7899 -0.6469 -0.5690 -1.0307 0.0412 0.0000 0.0000
7.8172 -0.6327 -0.5546 -1.0336 0.0388 0.0000 0.0000
7.8446 -0.6168 -0.5398 -1.0276 0.0371 0.0000 0.0000
7.8719 -0.5993 -0.5244 -1.0128 0.0366 0.0000 0.0000
7.8992 -0.5814 -0.5085 -0.9889 0.0374 0.0000 0.0000
7.9266 -0.5646 -0.4926 -0.9559 0.0390 0.0000 0.0000
7.9539 -0.5502 -0.4771 -0.9156 0.0408 0.0000 0.0000
7.9812 -0.5387 -0.4627 -0.8724 0.0423 0.0000 0.0000
8.0086 -0.5306 -0.4500 -0.8333 0.0431 0.0000 0.0000
8.0359 -0.5250 -0.4395 -0.8061 0.0431 0.0000 0.0000
8.0632 -0.5203 -0.4307 -0.7972 0.0418 0.0000 0.0000
8.0906 -0.5139 -0.4225 -0.8086 0.0392 0.0000 0.0000
8.1179 -0.5045 -0.4136 -0.8347 0.0358 0.0000 0.0000
8.1452 -0.4920 -0.4032 -0.8639 0.0326 0.0000 0.0000
8.1726 -0.4772 -0.3915 -0.8876 0.0302 0.0000 0.0000
8.1999 -0.4618 -0.3795 -0.9053 0.0289 0.0000 0.0000
8.2272 -0.4471 -0.3684 -0.9186 0.0285 0.0000 0.0000
8.2546 -0.4331 -0.3584 -0.9277 0.0288 0.0000 0.0000
8.2819 -0.4193 -0.3493 -0.9332 0.0296 0.0000 0.0000
8.3092 -0.4053 -0.3407 -0.9374 0.0311 0.0000 0.0000
8.3366 -0.3911 -0.3324 -0.9456 0.0331 0.0000 0.0000
8.3639 -0.3769 -0.3243 -0.9627 0.0352 0.0000 0.0000
8.3912 -0.3630 -0.3166 -0.9886 0.0369 0.0000 0.0000
8.4186 -0.3501 -0.3095 -1.0179 0.0381 0.0000 0.0000
8.4459 -0.3390 -0.3035 -1.0444 0.0393 0.0000 0.0000
8.4732 -0.3302 -0.2987 -1.0651 0.0404 0.0000 0.0000
8.5006 -0.3237 -0.2954 -1.0790 0.0414 0.0000 0.0000
8.5279 -0.3194 -0.2933 -1.0852 0.0424 0.0000 0.0000
8.5552 -0.3165 -0.2913 -1.0820 0.0434 0.0000 0.0000
8.5826 -0.3142 -0.2882 -1.0683 0.0444 0.0000 0.0000
8.6099 -0.3116 -0.2831 -1.0446 0.0454 0.0000 0.0000
8.6372 -0.3087 -0.2754 -1.0140 0.0464 0.0000 0.0000
8.6646 -0.3050 -0.2655 -0.9801 0.0470 0.0000 0.0000
8.6919 -0.3002 -0.2537 -0.9456 0.0473 0.0000 0.0000
8.7192 -0.2941 -0.2410 -0.9119 0.0473 0.0000 0.0000
8.7466 -0.2872 -0.2283 -0.8795 0.0471 0.0000 0.0000
8.7739 -0.2805 -0.2166 -0.8482 0.0467 0.0000 0.0000
8.8012 -0.2749 -0.2067 -0.8175 0.0461 0.0000 0.0000
8.8286 -0.2711 -0.1985 -0.7873 0.0451 0.0000 0.0000
8.8559 -0.2692 -0.1918 -0.7575 0.0437 0.0000 0.0000
8.8832 -0.2687 -0.1857 -0.7285 0.0419 0.0000 0.0000
8.9106 -0.2690 -0.1797 -0.7010 0.0400 0.0000 0.0000
8.9379 -0.2692 -0.1732 -0.6768 0.0381 0.0000 0.0000
8.9652 -0.2684 -0.1661 -0.6577 0.0363 0.0000 0.0000
8.9926 -0.2661 -0.1582 -0.6440 0.0350 0.0000 0.0000
9.0199 -0.2621 -0.1495 -0.6344 0.0342 0.0000 0.0000
9.0472 -0.2566 -0.1403 -0.6265 0.0337 0.0000 0.0000
9.0746 -0.2498 -0.1312 -0.6183 0.0333 0.0000 0.0000
9.1019 -0.2419 -0.1226 -0.6091 0.0330 0.0000 0.0000
9.1292 -0.2332 -0.1146 -0.5984 0.0326 0.0000 0.0000
9.1566 -0.2239 -0.1067 -0.5861 0.0322 0.0000 0.0000
9.1839 -0.2143 -0.0979 -0.5727 0.0318 0.0000 0.0000
9.2112 -0.2048 -0.0878 -0.5586 0.0316 0.0000 0.0000
9.2386 -0.1955 -0.0770 -0.5425 0.0313 0.0000 0.0000
9.2659 -0.1866 -0.0668 -0.5231 0.0309 0.0000 0.0000
9.2932 -0.1777 -0.0580 -0.4999 0.0302 0.0000 0.0000
9.3206 -0.1688 -0.0508 -0.4744 0.0290 0.0000 0.0000
9.3479 -0.1595 -0.0451 -0.4484 0.0273 0.0000 0.0000
9.3752 -0.1498 -0.0403 -0.4234 0.0253 0.0000 0.0000
9.4026 -0.1397 -0.0359 -0.4005 0.0233 0.0000 0.0000
9.4299 -0.1293 -0.0320 -0.3800 0.0212 0.0000 0.0000
9.4572 -0.1184 -0.0281 -0.3617 0.0195 0.0000 0.0000
9.4846 -0.1071 -0.0240 -0.3446 0.0183 0.0000 0.0000
9.5119 -0.0954 -0.0199 -0.3280 0.0176 0.0000 0.0000
9.5392 -0.0837 -0.0160 -0.3113 0.0176 0.0000 0.0000
9.5666 -0.0722 -0.0127 -0.2944 0.0179 0.0000 0.0000
9.5939 -0.0614 -0.0106 -0.2769 0.0185 0.0000 0.0000
9.6212 -0.0516 -0.0098 -0.2593 0.0195 0.0000 0.0000
9.6486 -0.0430 -0.0099 -0.2419 0.0207 0.0000 0.0000
9.6759 -0.0353 -0.0102 -0.2251 0.0221 0.0000 0.0000
9.7032 -0.0282 -0.0096 -0.2093 0.0236 0.0000 0.0000
9.7306 -0.0213 -0.0078 -0.1950 0.0249 0.0000 0.0000
9.7579 -0.0146 -0.0048 -0.1825 0.0260 0.0000 0.0000
9.7852 -0.0081 -0.0010 -0.1723 0.0271 0.0000 0.0000
9.8126 -0.0017 0.0032 -0.1640 0.0282 0.0000 0.0000
9.8399 0.0044 0.0076 -0.1565 0.0294 0.0000 0.0000
9.8672 0.0103 0.0122 -0.1488 0.0305 0.0000 0.0000
9.8946 0.0161 0.0169 -0.1401 0.0313 0.0000 0.0000
9.9219 0.0221 0.0219 -0.1302 0.0315 0.0000 0.0000
9.9492 0.0281 0.0273 -0.1192 0.0313 0.0000 0.0000
9.9766 0.0341 0.0330 -0.1075 0.0307 0.0000 0.0000
10.0039 0.0400 0.0390 -0.0953 0.0298 0.0000 0.0000
10.0312 0.0457 0.0451 -0.0832 0.0288 0.0000 0.0000
10.0586 0.0513 0.0512 -0.0715 0.0277 0.0000 0.0000
10.0859 0.0569 0.0573 -0.0605 0.0266 0.0000 0.0000
10.1132 0.0629 0.0635 -0.0499 0.0257 0.0000 0.0000
10.1406 0.0689 0.0695 -0.0396 0.0252 0.0000 0.0000
10.1679 0.0747 0.0751 -0.0299 0.0250 0.0000 0.0000
10.1952 0.0801 0.0803 -0.0214 0.0249 0.0000 0.0000
10.2225 0.0853 0.0851 -0.0140 0.0247 0.0000 0.0000
10.2499 0.0906 0.0899 -0.0068 0.0243 0.0000 0.0000
10.2772 0.0964 0.0951 0.0013 0.0234 0.0000 0.0000
10.3045 0.1025 0.1008 0.0105 0.0224 0.0000 0.0000
10.3319 0.1087 0.1072 0.0203 0.0215 0.0000 0.0000
10.3592 0.1149 0.1143 0.0303 0.0209 0.0000 0.0000
10.3865 0.1210 0.1217 0.0404 0.0206 0.0000 0.0000
10.4139 0.1269 0.1292 0.0506 0.0203 0.0000 0.0000
10.4412 0.1326 0.1365 0.0608 0.0200 0.0000 0.0000
10.4685 0.1384 0.1434 0.0712 0.0196 0.0000 0.0000
10.4959 0.1444 0.1499 0.0817 0.0191 0.0000 0.0000
10.5232 0.1506 0.1558 0.0918 0.0187 0.0000 0.0000
10.5505 0.1568 0.1609 0.1013 0.0187 0.0000 0.0000
10.5779 0.1629 0.1652 0.1098 0.0191 0.0000 0.0000
10.6052 0.1686 0.1689 0.1173 0.0200 0.0000 0.0000
10.6325 0.1739 0.1723 0.1239 0.0213 0.0000 0.0000
10.6599 0.1790 0.1757 0.1300 0.0227 0.0000 0.0000
10.6872 0.1837 0.1795 0.1359 0.0240 0.0000 0.0000
10.7145 0.1884 0.1834 0.1413 0.0251 0.0000 0.0000
10.7419 0.1931 0.1871 0.1463 0.0255 0.0000 0.0000
10.7692 0.1980 0.1906 0.1509 0.0254 0.0000 0.0000
10.7965 0.2033 0.1937 0.1556 0.0246 0.0000 0.0000
10.8239 0.2092 0.1965 0.1608 0.0233 0.0000 0.0000
10.8512 0.2156 0.1988 0.1667 0.0216 0.0000 0.0000
10.8785 0.2222 0.2010 0.1732 0.0196 0.0000 0.0000
10.9059 0.2288 0.2031 0.1799 0.0175 0.0000 0.0000
10.9332 0.2353 0.2051 0.1864 0.0153 0.0000 0.0000
10.9605 0.2414 0.2073 0.1926 0.0132 0.0000 0.0000
10.9879 0.2472 0.2103 0.1985 0.0114 0.0000 0.0000
11.0152 0.2525 0.2145 0.2041 0.0100 0.0000 0.0000
11.0425 0.2574 0.2198 0.2093 0.0091 0.0000 0.0000
11.0699 0.2618 0.2258 0.2144 0.0085 0.0000 0.0000
11.0972 0.2657 0.2321 0.2196 0.0083 0.0000 0.0000
11.1245 0.2692 0.2379 0.2251 0.0083 0.0000 0.0000
11.1519 0.2724 0.2432 0.2308 0.0086 0.0000 0.0000
11.1792 0.2755 0.2481 0.2365 0.0092 0.0000 0.0000
11.2065 0.2782 0.2527 0.2421 0.0101 0.0000 0.0000
11.2339 0.2807 0.2575 0.2477 0.0112 0.0000 0.0000
11.2612 0.2831 0.2627 0.2534 0.0124 0.0000 0.0000
11.2885 0.2857 0.2684 0.2592 0.0133 0.0000 0.0000
11.3159 0.2886 0.2746 0.2650 0.0140 0.0000 0.0000
11.3432 0.2919 0.2810 0.2709 0.0144 0.0000 0.0000
11.3705 0.2956 0.2876 0.2770 0.0145 0.0000 0.0000
11.3979 0.2995 0.2940 0.2833 0.0146 0.0000 0.0000
11.4252 0.3037 0.3005 0.2899 0.0147 0.0000 0.0000
11.4525 0.3083 0.3070 0.2965 0.0148 0.0000 0.0000
11.4799 0.3132 0.3135 0.3031 0.0148 0.0000 0.0000
11.5072 0.3184 0.3202 0.3095 0.0148 0.0000 0.0000
11.5345 0.3238 0.3268 0.3158 0.0148 0.0000 0.0000
11.5619 0.3293 0.3334 0.3219 0.0147 0.0000 0.0000
11.5892 0.3347 0.3397 0.3278 0.0147 0.0000 0.0000
11.6165 0.3399 0.3457 0.3337 0.0146 0.0000 0.0000
11.6439 0.3449 0.3513 0.3396 0.0146 0.0000 0.0000
11.6712 0.3496 0.3564 0.3454 0.0146 0.0000 0.0000
11.6985 0.3540 0.3612 0.3508 0.0147 0.0000 0.0000
11.7259 0.3581 0.3656 0.3559 0.0148 0.0000 0.0000
11.7532 0.3621 0.3699 0.3606 0.0151 0.0000 0.0000
11.7805 0.3660 0.3743 0.3653 0.0154 0.0000 0.0000
11.8079 0.3700 0.3788 0.3699 0.0157 0.0000 0.0000
11.8352 0.3740 0.3835 0.3746 0.0160 0.0000 0.0000
11.8625 0.3782 0.3884 0.3795 0.0163 0.0000 0.0000
11.8899 0.3823 0.3933 0.3843 0.0165 0.0000 0.0000
11.9172 0.3865 0.3983 0.3891 0.0166 0.0000 0.0000
11.9445 0.3906 0.4031 0.3938 0.0167 0.0000 0.0000
11.9719 0.3947 0.4078 0.3984 0.0167 0.0000 0.0000
11.9992 0.3987 0.4123 0.4030 0.0166 0.0000 0.0000
12.0265 0.4026 0.4165 0.4076 0.0165 0.0000 0.0000
12.0539 0.4065 0.4204 0.4122 0.0163 0.0000 0.0000
12.0812 0.4103 0.4239 0.4167 0.0162 0.0000 0.0000
12.1085 0.4140 0.4271 0.4209 0.0161 0.0000 0.0000
12.1359 0.4177 0.4300 0.4250 0.0160 0.0000 0.0000
12.1632 0.4212 0.4327 0.4287 0.0159 0.0000 0.0000
12.1905 0.4247 0.4352 0.4322 0.0156 0.0000 0.0000
12.2179 0.4282 0.4377 0.4356 0.0153 0.0000 0.0000
12.2452 0.4319 0.4403 0.4389 0.0150 0.0000 0.0000
12.2725 0.4355 0.4430 0.4421 0.0147 0.0000 0.0000
12.2999 0.4392 0.4459 0.4453 0.0144 0.0000 0.0000
12.3272 0.4429 0.4488 0.4485 0.0142 0.0000 0.0000
12.3545 0.4465 0.4517 0.4516 0.0139 0.0000 0.0000
12.3819 0.4500 0.4545 0.4548 0.0135 0.0000 0.0000
12.4092 0.4534 0.4572 0.4580 0.0130 0.0000 0.0000
12.4365 0.4568 0.4598 0.4613 0.0125 0.0000 0.0000
12.4639 0.4601 0.4625 0.4647 0.0120 0.0000 0.0000
12.4912 0.4634 0.4652 0.4681 0.0115 0.0000 0.0000
12.5185 0.4667 0.4680 0.4716 0.0110 0.0000 0.0000
12.5459 0.4699 0.4709 0.4750 0.0106 0.0000 0.0000
12.5732 0.4731 0.4739 0.4785 0.0102 0.0000 0.0000
12.6005 0.4763 0.4770 0.4819 0.0099 0.0000 0.0000
12.6279 0.4794 0.4802 0.4854 0.0097 0.0000 0.0000
12.6552 0.4825 0.4836 0.4889 0.0095 0.0000 0.0000
12.6825 0.4856 0.4871 0.4924 0.0095 0.0000 0.0000
12.7099 0.4887 0.4906 0.4958 0.0095 0.0000 0.0000
12.7372 0.4918 0.4941 0.4992 0.0095 0.0000 0.0000
12.7645 0.4950 0.4975 0.5025 0.0095 0.0000 0.0000
12.7919 0.4981 0.5008 0.5056 0.0096 0.0000 0.0000
12.8192 0.5011 0.5039 0.5086 0.0097 0.0000 0.0000
12.8465 0.5041 0.5067 0.5115 0.0098 0.0000 0.0000
12.8739 0.5070 0.5094 0.5143 0.0099 0.0000 0.0000
12.9012 0.5097 0.5119 0.5171 0.0100 0.0000 0.0000
12.9285 0.5124 0.5143 0.5200 0.0101 0.0000 0.0000
12.9559 0.5151 0.5167 0.5229 0.0102 0.0000 0.0000
12.9832 0.5177 0.5191 0.5260 0.0103 0.0000 0.0000
13.0105 0.5203 0.5217 0.5293 0.0104 0.0000 0.0000
13.0379 0.5229 0.5243 0.5326 0.0104 0.0000 0.0000
13.0652 0.5254 0.5269 0.5360 0.0105 0.0000 0.0000
13.0925 0.5278 0.5296 0.5393 0.0105 0.0000 0.0000
13.1199 0.5303 0.5322 0.5425 0.0105 0.0000 0.0000
13.1472 0.5328 0.5349 0.5457 0.0107 0.0000 0.0000
13.1745 0.5354 0.5377 0.5488 0.0108 0.0000 0.0000
13.2018 0.5380 0.5405 0.5519 0.0110 0.0000 0.0000
13.2292 0.5407 0.5433 0.5550 0.0112 0.0000 0.0000
13.2565 0.5433 0.5460 0.5580 0.0114 0.0000 0.0000
13.2838 0.5459 0.5484 0.5610 0.0116 0.0000 0.0000
13.3112 0.5485 0.5505 0.5640 0.0119 0.0000 0.0000
13.3385 0.5510 0.5523 0.5670 0.0121 0.0000 0.0000
13.3658 0.5534 0.5541 0.5699 0.0125 0.0000 0.0000
13.3932 0.5558 0.5560 0.5727 0.0127 0.0000 0.0000
13.4205 0.5581 0.5582 0.5755 0.0130 0.0000 0.0000
13.4478 0.5603 0.5604 0.5783 0.0132 0.0000 0.0000
13.4752 0.5626 0.5628 0.5810 0.0133 0.0000 0.0000
13.5025 0.5648 0.5652 0.5837 0.0134 0.0000 0.0000
13.5298 0.5670 0.5677 0.5864 0.0135 0.0000 0.0000
13.5572 0.5692 0.5702 0.5891 0.0135 0.0000 0.0000
13.5845 0.5713 0.5728 0.5918 0.0135 0.0000 0.0000
13.6118 0.5735 0.5753 0.5944 0.0136 0.0000 0.0000
13.6392 0.5756 0.5778 0.5970 0.0136 0.0000 0.0000
13.6665 0.5777 0.5803 0.5995 0.0136 0.0000 0.0000
13.6938 0.5798 0.5828 0.6020 0.0136 0.0000 0.0000
13.7212 0.5819 0.5853 0.6045 0.0135 0.0000 0.0000
13.7485 0.5841 0.5879 0.6069 0.0135 0.0000 0.0000
13.7758 0.5863 0.5904 0.6092 0.0134 0.0000 0.0000
13.8032 0.5886 0.5930 0.6116 0.0133 0.0000 0.0000
13.8305 0.5908 0.5955 0.6138 0.0132 0.0000 0.0000
13.8578 0.5931 0.5981 0.6159 0.0131 0.0000 0.0000
13.8852 0.5953 0.6005 0.6179 0.0130 0.0000 0.0000
13.9125 0.5974 0.6029 0.6197 0.0129 0.0000 0.0000
13.9398 0.5995 0.6053 0.6213 0.0128 0.0000 0.0000
13.9672 0.6015 0.6076 0.6230 0.0126 0.0000 0.0000
13.9945 0.6033 0.6098 0.6247 0.0124 0.0000 0.0000
14.0218 0.6051 0.6120 0.6265 0.0122 0.0000 0.0000
14.0492 0.6068 0.6141 0.6283 0.0119 0.0000 0.0000
14.0765 0.6084 0.6161 0.6300 0.0116 0.0000 0.0000
14.1038 0.6100 0.6181 0.6318 0.0113 0.0000 0.0000
14.1312 0.6117 0.6199 0.6335 0.0111 0.0000 0.0000
14.1585 0.6133 0.6217 0.6352 0.0108 0.0000 0.0000
14.1858 0.6150 0.6234 0.6371 0.0105 0.0000 0.0000
14.2132 0.6167 0.6250 0.6390 0.0102 0.0000 0.0000
14.2405 0.6184 0.6267 0.6410 0.0100 0.0000 0.0000
14.2678 0.6201 0.6284 0.6430 0.0097 0.0000 0.0000
14.2952 0.6219 0.6302 0.6450 0.0095 0.0000 0.0000
14.3225 0.6236 0.6319 0.6470 0.0093 0.0000 0.0000
14.3498 0.6254 0.6337 0.6491 0.0091 0.0000 0.0000
14.3772 0.6272 0.6355 0.6511 0.0089 0.0000 0.0000
14.4045 0.6291 0.6373 0.6532 0.0088 0.0000 0.0000
14.4318 0.6310 0.6391 0.6552 0.0087 0.0000 0.0000
14.4592 0.6329 0.6409 0.6571 0.0086 0.0000 0.0000
14.4865 0.6348 0.6426 0.6590 0.0085 0.0000 0.0000
14.5138 0.6366 0.6442 0.6609 0.0085 0.0000 0.0000
14.5412 0.6384 0.6457 0.6627 0.0085 0.0000 0.0000
14.5685 0.6401 0.6471 0.6644 0.0085 0.0000 0.0000
14.5958 0.6416 0.6484 0.6661 0.0085 0.0000 0.0000
14.6232 0.6431 0.6496 0.6678 0.0086 0.0000 0.0000
14.6505 0.6445 0.6508 0.6695 0.0087 0.0000 0.0000
14.6778 0.6458 0.6520 0.6711 0.0088 0.0000 0.0000
14.7052 0.6471 0.6532 0.6726 0.0089 0.0000 0.0000
14.7325 0.6485 0.6545 0.6740 0.0089 0.0000 0.0000
14.7598 0.6499 0.6558 0.6755 0.0088 0.0000 0.0000
14.7872 0.6515 0.6572 0.6770 0.0087 0.0000 0.0000
14.8145 0.6532 0.6586 0.6786 0.0086 0.0000 0.0000
14.8418 0.6549 0.6601 0.6802 0.0086 0.0000 0.0000
14.8692 0.6567 0.6616 0.6818 0.0085 0.0000 0.0000
14.8965 0.6585 0.6631 0.6834 0.0084 0.0000 0.0000
14.9238 0.6603 0.6645 0.6849 0.0084 0.0000 0.0000
14.9512 0.6620 0.6658 0.6864 0.0083 0.0000 0.0000
14.9785 0.6636 0.6671 0.6879 0.0083 0.0000 0.0000
15.0058 0.6652 0.6683 0.6895 0.0082 0.0000 0.0000
15.0332 0.6668 0.6696 0.6912 0.0082 0.0000 0.0000
15.0605 0.6683 0.6708 0.6927 0.0081 0.0000 0.0000
15.0878 0.6698 0.6721 0.6942 0.0081 0.0000 0.0000
15.1152 0.6712 0.6733 0.6956 0.0082 0.0000 0.0000
15.1425 0.6725 0.6746 0.6968 0.0082 0.0000 0.0000
15.1698 0.6738 0.6758 0.6980 0.0083 0.0000 0.0000
15.1972 0.6750 0.6771 0.6991 0.0084 0.0000 0.0000
15.2245 0.6761 0.6784 0.7002 0.0085 0.0000 0.0000
15.2518 0.6771 0.6797 0.7014 0.0086 0.0000 0.0000
15.2792 0.6781 0.6810 0.7025 0.0086 0.0000 0.0000
15.3065 0.6791 0.6822 0.7037 0.0087 0.0000 0.0000
15.3338 0.6800 0.6835 0.7050 0.0087 0.0000 0.0000
15.3612 0.6810 0.6847 0.7063 0.0086 0.0000 0.0000
15.3885 0.6821 0.6860 0.7077 0.0085 0.0000 0.0000
15.4158 0.6832 0.6872 0.7091 0.0084 0.0000 0.0000
15.4432 0.6845 0.6885 0.7106 0.0083 0.0000 0.0000
15.4705 0.6858 0.6898 0.7121 0.0082 0.0000 0.0000
15.4978 0.6871 0.6910 0.7136 0.0082 0.0000 0.0000
15.5252 0.6885 0.6923 0.7151 0.0081 0.0000 0.0000
15.5525 0.6899 0.6935 0.7166 0.0081 0.0000 0.0000
15.5798 0.6911 0.6948 0.7181 0.0080 0.0000 0.0000
15.6072 0.6924 0.6962 0.7196 0.0080 0.0000 0.0000
15.6345 0.6935 0.6975 0.7210 0.0080 0.0000 0.0000
15.6618 0.6946 0.6988 0.7225 0.0079 0.0000 0.0000
15.6892 0.6956 0.7001 0.7240 0.0079 0.0000 0.0000
15.7165 0.6967 0.7014 0.7255 0.0079 0.0000 0.0000
15.7438 0.6978 0.7026 0.7270 0.0078 0.0000 0.0000
15.7712 0.6990 0.7039 0.7285 0.0078 0.0000 0.0000
15.7985 0.7001 0.7052 0.7299 0.0077 0.0000 0.0000
15.8258 0.7013 0.7065 0.7313 0.0076 0.0000 0.0000
15.8532 0.7025 0.7078 0.7325 0.0076 0.0000 0.0000
15.8805 0.7038 0.7091 0.7338 0.0075 0.0000 0.0000
15.9078 0.7051 0.7105 0.7349 0.0074 0.0000 0.0000
15.9352 0.7064 0.7119 0.7361 0.0073 0.0000 0.0000
15.9625 0.7078 0.7133 0.7373 0.0073 0.0000 0.0000
15.9898 0.7092 0.7147 0.7385 0.0072 0.0000 0.0000
16.0172 0.7106 0.7161 0.7397 0.0072 0.0000 0.0000
16.0445 0.7119 0.7174 0.7409 0.0071 0.0000 0.0000
16.0718 0.7132 0.7186 0.7421 0.0071 0.0000 0.0000
16.0991 0.7145 0.7198 0.7433 0.0070 0.0000 0.0000
16.1265 0.7158 0.7210 0.7446 0.0070 0.0000 0.0000
16.1538 0.7170 0.7222 0.7458 0.0070 0.0000 0.0000
16.1811 0.7183 0.7234 0.7471 0.0070 0.0000 0.0000
16.2085 0.7196 0.7246 0.7484 0.0070 0.0000 0.0000
16.2358 0.7209 0.7259 0.7498 0.0070 0.0000 0.0000
16.2631 0.7223 0.7272 0.7511 0.0070 0.0000 0.0000
16.2905 0.7236 0.7285 0.7524 0.0070 0.0000 0.0000
16.3178 0.7249 0.7297 0.7537 0.0070 0.0000 0.0000
16.3451 0.7262 0.7310 0.7547 0.0071 0.0000 0.0000
16.3725 0.7274 0.7322 0.7555 0.0071 0.0000 0.0000
16.3998 0.7287 0.7333 0.7559 0.0071 0.0000 0.0000
16.4271 0.7299 0.7345 0.7560 0.0071 0.0000 0.0000
16.4545 0.7311 0.7357 0.7561 0.0071 0.0000 0.0000
16.4818 0.7324 0.7368 0.7563 0.0070 0.0000 0.0000
16.5091 0.7336 0.7378 0.7567 0.0069 0.0000 0.0000
16.5365 0.7348 0.7388 0.7572 0.0067 0.0000 0.0000
16.5638 0.7359 0.7396 0.7578 0.0065 0.0000 0.0000
16.5911 0.7371 0.7403 0.7585 0.0063 0.0000 0.0000
16.6185 0.7381 0.7410 0.7592 0.0061 0.0000 0.0000
16.6458 0.7392 0.7417 0.7601 0.0059 0.0000 0.0000
16.6731 0.7403 0.7425 0.7610 0.0057 0.0000 0.0000
16.7005 0.7414 0.7432 0.7620 0.0055 0.0000 0.0000
16.7278 0.7424 0.7440 0.7631 0.0054 0.0000 0.0000
16.7551 0.7435 0.7448 0.7642 0.0052 0.0000 0.0000
16.7825 0.7445 0.7456 0.7653 0.0051 0.0000 0.0000
16.8098 0.7456 0.7463 0.7664 0.0050 0.0000 0.0000
16.8371 0.7466 0.7472 0.7675 0.0049 0.0000 0.0000
16.8645 0.7475 0.7480 0.7686 0.0049 0.0000 0.0000
16.8918 0.7482 0.7487 0.7697 0.0050 0.0000 0.0000
16.9191 0.7486 0.7494 0.7706 0.0053 0.0000 0.0000
16.9465 0.7487 0.7500 0.7715 0.0057 0.0000 0.0000
16.9738 0.7487 0.7505 0.7723 0.0061 0.0000 0.0000
17.0011 0.7486 0.7511 0.7731 0.0065 0.0000 0.0000
17.0285 0.7487 0.7518 0.7739 0.0068 0.0000 0.0000
17.0558 0.7489 0.7525 0.7747 0.0071 0.0000 0.0000
17.0831 0.7493 0.7533 0.7756 0.0072 0.0000 0.0000
17.1105 0.7498 0.7541 0.7766 0.0073 0.0000 0.0000
17.1378 0.7503 0.7550 0.7775 0.0073 0.0000 0.0000
17.1651 0.7509 0.7559 0.7784 0.0073 0.0000 0.0000
17.1925 0.7513 0.7568 0.7793 0.0072 0.0000 0.0000
17.2198 0.7517 0.7576 0.7801 0.0072 0.0000 0.0000
17.2471 0.7520 0.7585 0.7808 0.0071 0.0000 0.0000
17.2745 0.7523 0.7593 0.7816 0.0071 0.0000 0.0000
17.3018 0.7526 0.7602 0.7823 0.0070 0.0000 0.0000
17.3291 0.7532 0.7611 0.7829 0.0070 0.0000 0.0000
17.3565 0.7538 0.7620 0.7837 0.0070 0.0000 0.0000
17.3838 0.7546 0.7630 0.7845 0.0069 0.0000 0.0000
17.4111 0.7555 0.7639 0.7854 0.0068 0.0000 0.0000
17.4385 0.7564 0.7648 0.7863 0.0068 0.0000 0.0000
17.4658 0.7573 0.7657 0.7872 0.0067 0.0000 0.0000
17.4931 0.7581 0.7664 0.7881 0.0066 0.0000 0.0000
17.5205 0.7590 0.7672 0.7890 0.0065 0.0000 0.0000
17.5478 0.7598 0.7680 0.7900 0.0064 0.0000 0.0000
17.5751 0.7607 0.7688 0.7910 0.0064 0.0000 0.0000
17.6025 0.7616 0.7696 0.7919 0.0063 0.0000 0.0000
17.6298 0.7625 0.7703 0.7927 0.0063 0.0000 0.0000
17.6571 0.7634 0.7711 0.7933 0.0062 0.0000 0.0000
17.6845 0.7643 0.7719 0.7939 0.0062 0.0000 0.0000
17.7118 0.7652 0.7727 0.7944 0.0061 0.0000 0.0000
17.7391 0.7661 0.7735 0.7949 0.0061 0.0000 0.0000
17.7665 0.7670 0.7743 0.7954 0.0060 0.0000 0.0000
17.7938 0.7678 0.7751 0.7958 0.0060 0.0000 0.0000
17.8211 0.7687 0.7759 0.7963 0.0060 0.0000 0.0000
17.8485 0.7696 0.7766 0.7966 0.0060 0.0000 0.0000
17.8758 0.7704 0.7774 0.7968 0.0059 0.0000 0.0000
17.9031 0.7713 0.7781 0.7969 0.0059 0.0000 0.0000
17.9305 0.7721 0.7789 0.7967 0.0059 0.0000 0.0000
17.9578 0.7730 0.7796 0.7963 0.0058 0.0000 0.0000
17.9851 0.7738 0.7804 0.7955 0.0057 0.0000 0.0000
18.0125 0.7745 0.7811 0.7943 0.0057 0.0000 0.0000
18.0398 0.7753 0.7819 0.7930 0.0056 0.0000 0.0000
18.0671 0.7760 0.7826 0.7918 0.0056 0.0000 0.0000
18.0945 0.7767 0.7834 0.7908 0.0056 0.0000 0.0000
18.1218 0.7774 0.7841 0.7903 0.0056 0.0000 0.0000
18.1491 0.7781 0.7849 0.7902 0.0056 0.0000 0.0000
18.1765 0.7789 0.7856 0.7906 0.0055 0.0000 0.0000
18.2038 0.7797 0.7864 0.7912 0.0055 0.0000 0.0000
18.2311 0.7805 0.7871 0.7921 0.0055 0.0000 0.0000
18.2585 0.7813 0.7879 0.7933 0.0055 0.0000 0.0000
18.2858 0.7820 0.7887 0.7945 0.0055 0.0000 0.0000
18.3131 0.7828 0.7895 0.7957 0.0055 0.0000 0.0000
18.3405 0.7836 0.7902 0.7970 0.0055 0.0000 0.0000
18.3678 0.7843 0.7910 0.7982 0.0054 0.0000 0.0000
18.3951 0.7851 0.7918 0.7993 0.0054 0.0000 0.0000
18.4225 0.7858 0.7926 0.8005 0.0054 0.0000 0.0000
18.4498 0.7866 0.7934 0.8015 0.0054 0.0000 0.0000
18.4771 0.7873 0.7942 0.8025 0.0054 0.0000 0.0000
18.5045 0.7880 0.7949 0.8035 0.0054 0.0000 0.0000
18.5318 0.7887 0.7957 0.8045 0.0054 0.0000 0.0000
18.5591 0.7894 0.7965 0.8054 0.0054 0.0000 0.0000
18.5865 0.7901 0.7972 0.8063 0.0054 0.0000 0.0000
18.6138 0.7908 0.7980 0.8072 0.0054 0.0000 0.0000
18.6411 0.7914 0.7987 0.8081 0.0053 0.0000 0.0000
18.6685 0.7921 0.7994 0.8090 0.0053 0.0000 0.0000
18.6958 0.7928 0.8001 0.8099 0.0053 0.0000 0.0000
18.7231 0.7934 0.8007 0.8108 0.0053 0.0000 0.0000
18.7505 0.7941 0.8014 0.8116 0.0054 0.0000 0.0000
18.7778 0.7947 0.8020 0.8125 0.0054 0.0000 0.0000
18.8051 0.7954 0.8026 0.8133 0.0054 0.0000 0.0000
18.8325 0.7960 0.8033 0.8142 0.0054 0.0000 0.0000
18.8598 0.7967 0.8039 0.8150 0.0054 0.0000 0.0000
18.8871 0.7973 0.8045 0.8158 0.0054 0.0000 0.0000
18.9145 0.7980 0.8051 0.8166 0.0054 0.0000 0.0000
18.9418 0.7986 0.8057 0.8174 0.0054 0.0000 0.0000
18.9691 0.7991 0.8062 0.8181 0.0053 0.0000 0.0000
18.9964 0.7997 0.8068 0.8188 0.0053 0.0000 0.0000
19.0238 0.8003 0.8073 0.8195 0.0054 0.0000 0.0000
19.0511 0.8008 0.8078 0.8202 0.0054 0.0000 0.0000
19.0784 0.8014 0.8083 0.8209 0.0054 0.0000 0.0000
19.1058 0.8020 0.8088 0.8216 0.0054 0.0000 0.0000
19.1331 0.8027 0.8093 0.8222 0.0054 0.0000 0.0000
19.1604 0.8033 0.8098 0.8229 0.0054 0.0000 0.0000
19.1878 0.8040 0.8103 0.8235 0.0055 0.0000 0.0000
19.2151 0.8046 0.8109 0.8242 0.0055 0.0000 0.0000
19.2424 0.8053 0.8114 0.8249 0.0055 0.0000 0.0000
19.2698 0.8060 0.8120 0.8255 0.0055 0.0000 0.0000
19.2971 0.8066 0.8125 0.8262 0.0056 0.0000 0.0000
19.3244 0.8073 0.8129 0.8268 0.0056 0.0000 0.0000
19.3518 0.8079 0.8133 0.8275 0.0056 0.0000 0.0000
19.3791 0.8086 0.8137 0.8281 0.0057 0.0000 0.0000
19.4064 0.8092 0.8141 0.8288 0.0057 0.0000 0.0000
19.4338 0.8099 0.8145 0.8294 0.0057 0.0000 0.0000
19.4611 0.8105 0.8148 0.8300 0.0057 0.0000 0.0000
19.4884 0.8112 0.8153 0.8307 0.0058 0.0000 0.0000
19.5158 0.8118 0.8158 0.8313 0.0058 0.0000 0.0000
19.5431 0.8124 0.8163 0.8319 0.0058 0.0000 0.0000
19.5704 0.8130 0.8169 0.8326 0.0057 0.0000 0.0000
19.5978 0.8136 0.8175 0.8332 0.0057 0.0000 0.0000
19.6251 0.8142 0.8181 0.8338 0.0057 0.0000 0.0000
19.6524 0.8148 0.8187 0.8344 0.0057 0.0000 0.0000
19.6798 0.8153 0.8193 0.8350 0.0056 0.0000 0.0000
19.7071 0.8158 0.8199 0.8356 0.0056 0.0000 0.0000
19.7344 0.8163 0.8206 0.8362 0.0056 0.0000 0.0000
19.7618 0.8168 0.8212 0.8368 0.0056 0.0000 0.0000
19.7891 0.8172 0.8218 0.8374 0.0056 0.0000 0.0000
19.8164 0.8177 0.8224 0.8379 0.0056 0.0000 0.0000
19.8438 0.8181 0.8230 0.8384 0.0056 0.0000 0.0000
19.8711 0.8185 0.8235 0.8388 0.0056 0.0000 0.0000
19.8984 0.8189 0.8240 0.8391 0.0057 0.0000 0.0000
19.9258 0.8194 0.8244 0.8395 0.0057 0.0000 0.0000
19.9531 0.8199 0.8249 0.8399 0.0057 0.0000 0.0000
19.9804 0.8204 0.8254 0.8404 0.0057 0.0000 0.0000
20.0078 0.8210 0.8259 0.8409 0.0057 0.0000 0.0000
20.0351 0.8216 0.8264 0.8413 0.0057 0.0000 0.0000
20.0624 0.8222 0.8269 0.8418 0.0057 0.0000 0.0000
20.0898 0.8228 0.8274 0.8423 0.0056 0.0000 0.0000
20.1171 0.8234 0.8279 0.8427 0.0056 0.0000 0.0000
20.1444 0.8240 0.8284 0.8432 0.0056 0.0000 0.0000
20.1718 0.8246 0.8289 0.8437 0.0055 0.0000 0.0000
20.1991 0.8251 0.8295 0.8442 0.0055 0.0000 0.0000
20.2264 0.8257 0.8300 0.8447 0.0055 0.0000 0.0000
20.2538 0.8262 0.8306 0.8452 0.0054 0.0000 0.0000
20.2811 0.8268 0.8311 0.8457 0.0054 0.0000 0.0000
20.3084 0.8272 0.8316 0.8462 0.0053 0.0000 0.0000
20.3358 0.8277 0.8320 0.8467 0.0052 0.0000 0.0000
20.3631 0.8281 0.8325 0.8472 0.0051 0.0000 0.0000
20.3904 0.8286 0.8328 0.8477 0.0049 0.0000 0.0000
20.4178 0.8290 0.8332 0.8482 0.0048 0.0000 0.0000
20.4451 0.8294 0.8336 0.8487 0.0046 0.0000 0.0000
20.4724 0.8299 0.8340 0.8491 0.0045 0.0000 0.0000
20.4998 0.8304 0.8345 0.8496 0.0044 0.0000 0.0000
20.5271 0.8310 0.8349 0.8501 0.0044 0.0000 0.0000
20.5544 0.8315 0.8355 0.8506 0.0044 0.0000 0.0000
20.5818 0.8321 0.8360 0.8511 0.0044 0.0000 0.0000
20.6091 0.8327 0.8365 0.8516 0.0044 0.0000 0.0000
20.6364 0.8332 0.8370 0.8521 0.0044 0.0000 0.0000
20.6638 0.8337 0.8375 0.8526 0.0044 0.0000 0.0000
20.6911 0.8343 0.8380 0.8531 0.0044 0.0000 0.0000
20.7184 0.8348 0.8386 0.8536 0.0044 0.0000 0.0000
20.7458 0.8352 0.8391 0.8541 0.0043 0.0000 0.0000
20.7731 0.8357 0.8396 0.8545 0.0043 0.0000 0.0000
20.8004 0.8362 0.8401 0.8550 0.0043 0.0000 0.0000
20.8278 0.8366 0.8406 0.8555 0.0044 0.0000 0.0000
20.8551 0.8370 0.8411 0.8559 0.0044 0.0000 0.0000
20.8824 0.8374 0.8416 0.8564 0.0044 0.0000 0.0000
20.9098 0.8377 0.8420 0.8568 0.0044 0.0000 0.0000
20.9371 0.8380 0.8425 0.8572 0.0044 0.0000 0.0000
20.9644 0.8383 0.8430 0.8577 0.0045 0.0000 0.0000
20.9918 0.8386 0.8434 0.8581 0.0045 0.0000 0.0000
21.0191 0.8389 0.8439 0.8585 0.0046 0.0000 0.0000
21.0464 0.8391 0.8443 0.8589 0.0046 0.0000 0.0000
21.0738 0.8394 0.8448 0.8593 0.0046 0.0000 0.0000
21.1011 0.8397 0.8452 0.8597 0.0047 0.0000 0.0000
21.1284 0.8400 0.8456 0.8601 0.0047 0.0000 0.0000
21.1558 0.8404 0.8461 0.8606 0.0047 0.0000 0.0000
21.1831 0.8408 0.8465 0.8610 0.0048 0.0000 0.0000
21.2104 0.8413 0.8470 0.8615 0.0048 0.0000 0.0000
21.2378 0.8418 0.8474 0.8619 0.0048 0.0000 0.0000
21.2651 0.8423 0.8479 0.8623 0.0048 0.0000 0.0000
21.2924 0.8427 0.8483 0.8627 0.0047 0.0000 0.0000
21.3198 0.8432 0.8487 0.8632 0.0047 0.0000 0.0000
21.3471 0.8437 0.8492 0.8636 0.0047 0.0000 0.0000
21.3744 0.8442 0.8497 0.8640 0.0047 0.0000 0.0000
21.4018 0.8447 0.8501 0.8644 0.0047 0.0000 0.0000
21.4291 0.8452 0.8506 0.8648 0.0046 0.0000 0.0000
21.4564 0.8456 0.8510 0.8652 0.0046 0.0000 0.0000
21.4838 0.8461 0.8515 0.8656 0.0046 0.0000 0.0000
21.5111 0.8466 0.8519 0.8660 0.0046 0.0000 0.0000
21.5384 0.8471 0.8523 0.8664 0.0045 0.0000 0.0000
21.5658 0.8475 0.8528 0.8668 0.0045 0.0000 0.0000
21.5931 0.8480 0.8532 0.8672 0.0045 0.0000 0.0000
21.6204 0.8484 0.8536 0.8675 0.0045 0.0000 0.0000
21.6478 0.8489 0.8540 0.8679 0.0045 0.0000 0.0000
21.6751 0.8493 0.8545 0.8683 0.0045 0.0000 0.0000
21.7024 0.8498 0.8549 0.8687 0.0044 0.0000 0.0000
21.7298 0.8502 0.8553 0.8691 0.0044 0.0000 0.0000
21.7571 0.8506 0.8557 0.8695 0.0044 0.0000 0.0000
21.7844 0.8511 0.8561 0.8699 0.0044 0.0000 0.0000
21.8118 0.8515 0.8565 0.8702 0.0044 0.0000 0.0000
21.8391 0.8519 0.8570 0.8706 0.0044 0.0000 0.0000
21.8664 0.8524 0.8574 0.8710 0.0043 0.0000 0.0000
21.8938 0.8528 0.8578 0.8714 0.0043 0.0000 0.0000
21.9211 0.8532 0.8582 0.8718 0.0043 0.0000 0.0000
21.9484 0.8536 0.8586 0.8721 0.0043 0.0000 0.0000
21.9757 0.8540 0.8590 0.8725 0.0043 0.0000 0.0000
22.0031 0.8545 0.8594 0.8729 0.0043 0.0000 0.0000
22.0304 0.8549 0.8598 0.8733 0.0042 0.0000 0.0000
22.0577 0.8553 0.8602 0.8736 0.0042 0.0000 0.0000
22.0851 0.8557 0.8605 0.8740 0.0042 0.0000 0.0000
22.1124 0.8561 0.8609 0.8743 0.0042 0.0000 0.0000
22.1397 0.8565 0.8613 0.8747 0.0042 0.0000 0.0000
22.1671 0.8569 0.8617 0.8751 0.0042 0.0000 0.0000
22.1944 0.8572 0.8621 0.8754 0.0041 0.0000 0.0000
22.2217 0.8576 0.8625 0.8758 0.0041 0.0000 0.0000
22.2491 0.8580 0.8628 0.8761 0.0041 0.0000 0.0000
22.2764 0.8584 0.8632 0.8765 0.0041 0.0000 0.0000
22.3037 0.8588 0.8636 0.8768 0.0041 0.0000 0.0000
22.3311 0.8592 0.8640 0.8772 0.0041 0.0000 0.0000
22.3584 0.8595 0.8643 0.8775 0.0041 0.0000 0.0000
22.3857 0.8599 0.8647 0.8779 0.0041 0.0000 0.0000
22.4131 0.8603 0.8651 0.8782 0.0040 0.0000 0.0000
22.4404 0.8607 0.8655 0.8786 0.0040 0.0000 0.0000
22.4677 0.8610 0.8658 0.8789 0.0040 0.0000 0.0000
22.4951 0.8614 0.8662 0.8792 0.0040 0.0000 0.0000
22.5224 0.8618 0.8665 0.8796 0.0040 0.0000 0.0000
22.5497 0.8622 0.8669 0.8799 0.0040 0.0000 0.0000
22.5771 0.8625 0.8673 0.8802 0.0040 0.0000 0.0000
22.6044 0.8629 0.8676 0.8806 0.0040 0.0000 0.0000
22.6317 0.8633 0.8680 0.8809 0.0040 0.0000 0.0000
22.6591 0.8636 0.8683 0.8812 0.0039 0.0000 0.0000
22.6864 0.8640 0.8687 0.8816 0.0039 0.0000 0.0000
22.7137 0.8644 0.8690 0.8819 0.0039 0.0000 0.0000
22.7411 0.8647 0.8694 0.8822 0.0039 0.0000 0.0000
22.7684 0.8651 0.8697 0.8826 0.0039 0.0000 0.0000
22.7957 0.8654 0.8701 0.8829 0.0039 0.0000 0.0000
22.8231 0.8658 0.8704 0.8832 0.0039 0.0000 0.0000
22.8504 0.8661 0.8708 0.8835 0.0039 0.0000 0.0000
22.8777 0.8665 0.8711 0.8838 0.0039 0.0000 0.0000
22.9051 0.8668 0.8714 0.8842 0.0038 0.0000 0.0000
22.9324 0.8672 0.8718 0.8845 0.0038 0.0000 0.0000
22.9597 0.8675 0.8721 0.8848 0.0038 0.0000 0.0000
22.9871 0.8679 0.8725 0.8851 0.0038 0.0000 0.0000
23.0144 0.8682 0.8728 0.8854 0.0038 0.0000 0.0000
23.0417 0.8686 0.8731 0.8857 0.0038 0.0000 0.0000
23.0691 0.8689 0.8734 0.8860 0.0038 0.0000 0.0000
23.0964 0.8693 0.8738 0.8863 0.0038 0.0000 0.0000
23.1237 0.8696 0.8741 0.8866 0.0038 0.0000 0.0000
23.1511 0.8699 0.8744 0.8869 0.0038 0.0000 0.0000
23.1784 0.8703 0.8748 0.8872 0.0037 0.0000 0.0000
23.2057 0.8706 0.8751 0.8875 0.0037 0.0000 0.0000
23.2331 0.8709 0.8754 0.8878 0.0037 0.0000 0.0000
23.2604 0.8713 0.8757 0.8881 0.0037 0.0000 0.0000
23.2877 0.8716 0.8760 0.8884 0.0037 0.0000 0.0000
23.3151 0.8719 0.8764 0.8887 0.0037 0.0000 0.0000
23.3424 0.8722 0.8767 0.8890 0.0037 0.0000 0.0000
23.3697 0.8726 0.8770 0.8893 0.0037 0.0000 0.0000
23.3971 0.8729 0.8773 0.8896 0.0037 0.0000 0.0000
23.4244 0.8732 0.8776 0.8899 0.0037 0.0000 0.0000
23.4517 0.8735 0.8779 0.8902 0.0037 0.0000 0.0000
23.4791 0.8739 0.8782 0.8905 0.0036 0.0000 0.0000
23.5064 0.8742 0.8786 0.8908 0.0036 0.0000 0.0000
23.5337 0.8745 0.8789 0.8911 0.0036 0.0000 0.0000
23.5611 0.8748 0.8792 0.8913 0.0036 0.0000 0.0000
23.5884 0.8751 0.8795 0.8916 0.0036 0.0000 0.0000
23.6157 0.8754 0.8798 0.8919 0.0036 0.0000 0.0000
23.6431 0.8757 0.8801 0.8922 0.0036 0.0000 0.0000
23.6704 0.8761 0.8804 0.8925 0.0036 0.0000 0.0000
23.6977 0.8764 0.8807 0.8927 0.0036 0.0000 0.0000
23.7251 0.8767 0.8810 0.8930 0.0036 0.0000 0.0000
23.7524 0.8770 0.8813 0.8933 0.0036 0.0000 0.0000
23.7797 0.8773 0.8816 0.8936 0.0035 0.0000 0.0000
23.8071 0.8776 0.8819 0.8939 0.0035 0.0000 0.0000
23.8344 0.8779 0.8822 0.8941 0.0035 0.0000 0.0000
23.8617 0.8782 0.8825 0.8944 0.0035 0.0000 0.0000
23.8891 0.8785 0.8828 0.8947 0.0035 0.0000 0.0000
23.9164 0.8788 0.8830 0.8949 0.0035 0.0000 0.0000
23.9437 0.8791 0.8833 0.8952 0.0035 0.0000 0.0000
23.9711 0.8794 0.8836 0.8955 0.0035 0.0000 0.0000
23.9984 0.8797 0.8839 0.8957 0.0035 0.0000 0.0000
24.0257 0.8800 0.8842 0.8960 0.0035 0.0000 0.0000
24.0531 0.8803 0.8845 0.8963 0.0035 0.0000 0.0000
24.0804 0.8806 0.8848 0.8965 0.0034 0.0000 0.0000
24.1077 0.8809 0.8851 0.8968 0.0034 0.0000 0.0000
24.1351 0.8811 0.8853 0.8971 0.0034 0.0000 0.0000
24.1624 0.8814 0.8856 0.8973 0.0034 0.0000 0.0000
24.1897 0.8817 0.8859 0.8976 0.0034 0.0000 0.0000
24.2171 0.8820 0.8862 0.8978 0.0034 0.0000 0.0000
24.2444 0.8823 0.8865 0.8981 0.0034 0.0000 0.0000
24.2717 0.8826 0.8867 0.8983 0.0034 0.0000 0.0000
24.2991 0.8829 0.8870 0.8986 0.0034 0.0000 0.0000
24.3264 0.8831 0.8873 0.8989 0.0034 0.0000 0.0000
24.3537 0.8834 0.8876 0.8991 0.0034 0.0000 0.0000
24.3811 0.8837 0.8878 0.8994 0.0034 0.0000 0.0000
24.4084 0.8840 0.8881 0.8996 0.0033 0.0000 0.0000
24.4357 0.8843 0.8884 0.8999 0.0033 0.0000 0.0000
24.4631 0.8845 0.8886 0.9001 0.0033 0.0000 0.0000
24.4904 0.8848 0.8889 0.9004 0.0033 0.0000 0.0000
24.5177 0.8851 0.8892 0.9006 0.0033 0.0000 0.0000
24.5451 0.8854 0.8894 0.9009 0.0033 0.0000 0.0000
24.5724 0.8856 0.8897 0.9011 0.0033 0.0000 0.0000
24.5997 0.8859 0.8900 0.9013 0.0033 0.0000 0.0000
24.6271 0.8862 0.8902 0.9016 0.0033 0.0000 0.0000
24.6544 0.8864 0.8905 0.9018 0.0033 0.0000 0.0000
24.6817 0.8867 0.8908 0.9021 0.0033 0.0000 0.0000
24.7091 0.8870 0.8910 0.9023 0.0033 0.0000 0.0000
24.7364 0.8873 0.8913 0.9026 0.0033 0.0000 0.0000
24.7637 0.8875 0.8915 0.9028 0.0032 0.0000 0.0000
24.7911 0.8878 0.8918 0.9030 0.0032 0.0000 0.0000
24.8184 0.8880 0.8920 0.9033 0.0032 0.0000 0.0000
24.8457 0.8883 0.8923 0.9035 0.0032 0.0000 0.0000
24.8730 0.8886 0.8926 0.9037 0.0032 0.0000 0.0000
24.9004 0.8888 0.8928 0.9040 0.0032 0.0000 0.0000
24.9277 0.8891 0.8931 0.9042 0.0032 0.0000 0.0000
24.9550 0.8894 0.8933 0.9044 0.0032 0.0000 0.0000
24.9824 0.8896 0.8936 0.9047 0.0032 0.0000 0.0000
25.0097 0.8899 0.8938 0.9049 0.0032 0.0000 0.0000
25.0370 0.8901 0.8941 0.9051 0.0032 0.0000 0.0000
25.0644 0.8904 0.8943 0.9054 0.0032 0.0000 0.0000
25.0917 0.8906 0.8946 0.9056 0.0032 0.0000 0.0000
25.1190 0.8909 0.8948 0.9058 0.0032 0.0000 0.0000
25.1464 0.8911 0.8950 0.9060 0.0031 0.0000 0.0000
25.1737 0.8914 0.8953 0.9063 0.0031 0.0000 0.0000
25.2010 0.8916 0.8955 0.9065 0.0031 0.0000 0.0000
25.2284 0.8919 0.8958 0.9067 0.0031 0.0000 0.0000
25.2557 0.8921 0.8960 0.9069 0.0031 0.0000 0.0000
25.2830 0.8924 0.8963 0.9072 0.0031 0.0000 0.0000
25.3104 0.8926 0.8965 0.9074 0.0031 0.0000 0.0000
25.3377 0.8929 0.8967 0.9076 0.0031 0.0000 0.0000
25.3650 0.8931 0.8970 0.9078 0.0031 0.0000 0.0000
25.3924 0.8934 0.8972 0.9080 0.0031 0.0000 0.0000
25.4197 0.8936 0.8975 0.9082 0.0031 0.0000 0.0000
25.4470 0.8939 0.8977 0.9085 0.0031 0.0000 0.0000
25.4744 0.8941 0.8979 0.9087 0.0031 0.0000 0.0000
25.5017 0.8943 0.8982 0.9089 0.0031 0.0000 0.0000
25.5290 0.8946 0.8984 0.9091 0.0030 0.0000 0.0000
25.5564 0.8948 0.8986 0.9093 0.0030 0.0000 0.0000
25.5837 0.8951 0.8989 0.9095 0.0030 0.0000 0.0000
25.6110 0.8953 0.8991 0.9097 0.0030 0.0000 0.0000
25.6384 0.8955 0.8993 0.9100 0.0030 0.0000 0.0000
25.6657 0.8958 0.8995 0.9102 0.0030 0.0000 0.0000
25.6930 0.8960 0.8998 0.9104 0.0030 0.0000 0.0000
25.7204 0.8962 0.9000 0.9106 0.0030 0.0000 0.0000
25.7477 0.8965 0.9002 0.9108 0.0030 0.0000 0.0000
25.7750 0.8967 0.9004 0.9110 0.0030 0.0000 0.0000
25.8024 0.8969 0.9007 0.9112 0.0030 0.0000 0.0000
25.8297 0.8972 0.9009 0.9114 0.0030 0.0000 0.0000
25.8570 0.8974 0.9011 0.9116 0.0030 0.0000 0.0000
25.8844 0.8976 0.9013 0.9118 0.0030 0.0000 0.0000
25.9117 0.8979 0.9016 0.9120 0.0030 0.0000 0.0000
25.9390 0.8981 0.9018 0.9122 0.0029 0.0000 0.0000
25.9664 0.8983 0.9020 0.9124 0.0029 0.0000 0.0000
25.9937 0.8985 0.9022 0.9126 0.0029 0.0000 0.0000
26.0210 0.8988 0.9024 0.9128 0.0029 0.0000 0.0000
26.0484 0.8990 0.9027 0.9130 0.0029 0.0000 0.0000
26.0757 0.8992 0.9029 0.9132 0.0029 0.0000 0.0000
26.1030 0.8994 0.9031 0.9134 0.0029 0.0000 0.0000
26.1304 0.8997 0.9033 0.9136 0.0029 0.0000 0.0000
26.1577 0.8999 0.9035 0.9138 0.0029 0.0000 0.0000
26.1850 0.9001 0.9037 0.9140 0.0029 0.0000 0.0000
26.2124 0.9003 0.9040 0.9142 0.0029 0.0000 0.0000
26.2397 0.9005 0.9042 0.9144 0.0029 0.0000 0.0000
26.2670 0.9008 0.9044 0.9146 0.0029 0.0000 0.0000
26.2944 0.9010 0.9046 0.9148 0.0029 0.0000 0.0000
26.3217 0.9012 0.9048 0.9150 0.0029 0.0000 0.0000
26.3490 0.9014 0.9050 0.9152 0.0029 0.0000 0.0000
26.3764 0.9016 0.9052 0.9154 0.0028 0.0000 0.0000
26.4037 0.9018 0.9054 0.9156 0.0028 0.0000 0.0000
26.4310 0.9020 0.9056 0.9158 0.0028 0.0000 0.0000
26.4584 0.9023 0.9058 0.9160 0.0028 0.0000 0.0000
26.4857 0.9025 0.9061 0.9161 0.0028 0.0000 0.0000
26.5130 0.9027 0.9063 0.9163 0.0028 0.0000 0.0000
26.5404 0.9029 0.9065 0.9165 0.0028 0.0000 0.0000
26.5677 0.9031 0.9067 0.9167 0.0028 0.0000 0.0000
26.5950 0.9033 0.9069 0.9169 0.0028 0.0000 0.0000
26.6224 0.9035 0.9071 0.9171 0.0028 0.0000 0.0000
26.6497 0.9037 0.9073 0.9173 0.0028 0.0000 0.0000
26.6770 0.9039 0.9075 0.9175 0.0028 0.0000 0.0000
26.7044 0.9042 0.9077 0.9176 0.0028 0.0000 0.0000
26.7317 0.9044 0.9079 0.9178 0.0028 0.0000 0.0000
26.7590 0.9046 0.9081 0.9180 0.0028 0.0000 0.0000
26.7864 0.9048 0.9083 0.9182 0.0028 0.0000 0.0000
26.8137 0.9050 0.9085 0.9184 0.0027 0.0000 0.0000
26.8410 0.9052 0.9087 0.9185 0.0027 0.0000 0.0000
26.8684 0.9054 0.9089 0.9187 0.0027 0.0000 0.0000
26.8957 0.9056 0.9091 0.9189 0.0027 0.0000 0.0000
26.9230 0.9058 0.9093 0.9191 0.0027 0.0000 0.0000
26.9504 0.9060 0.9095 0.9193 0.0027 0.0000 0.0000
26.9777 0.9062 0.9097 0.9194 0.0027 0.0000 0.0000
27.0050 0.9064 0.9098 0.9196 0.0027 0.0000 0.0000
27.0324 0.9066 0.9100 0.9198 0.0027 0.0000 0.0000
27.0597 0.9068 0.9102 0.9200 0.0027 0.0000 0.0000
27.0870 0.9070 0.9104 0.9201 0.0027 0.0000 0.0000
27.1144 0.9072 0.9106 0.9203 0.0027 0.0000 0.0000
27.1417 0.9074 0.9108 0.9205 0.0027 0.0000 0.0000
27.1690 0.9076 0.9110 0.9207 0.0027 0.0000 0.0000
27.1964 0.9078 0.9112 0.9208 0.0027 0.0000 0.0000
27.2237 0.9080 0.9114 0.9210 0.0027 0.0000 0.0000
27.2510 0.9082 0.9116 0.9212 0.0027 0.0000 0.0000
27.2784 0.9083 0.9117 0.9214 0.0027 0.0000 0.0000
27.3057 0.9085 0.9119 0.9215 0.0026 0.0000 0.0000
      
      
      
      
      
dim="1">gridpoints</dimension>      
      
      
      
      
      
      
      
      
0.0000 1591.1843 69.9347 -386.5576 -228.3337 0.0000 -0.0017
0.0273 1591.1843 69.9347 -386.5576 -228.3337 0.0000 -0.0017
0.0547 372.1193 17.8385 -95.8894 -57.0834 0.0000 -0.0004
0.0820 180.5805 8.6594 -42.0620 -25.3704 0.0000 -0.0002
0.1093 92.7149 5.2097 -23.2224 -14.2709 0.0000 -0.0001
0.1367 72.2696 3.8239 -14.5023 -9.1333 0.0000 -0.0001
0.1640 51.2134 2.9610 -9.7655 -6.3426 0.0000 -0.0001
0.1913 26.2293 1.9394 -6.9008 -4.6713 0.0000 -0.0000
0.2187 20.0708 1.7195 -5.0492 -3.5951 0.0000 -0.0000
0.2460 ********** ********** ********** 99999.0000 99999.0000 **********
0.2733 ********** ********** ********** 99999.0000 99999.0000 **********
0.3007 ********** ********** ********** 99999.0000 99999.0000 **********
0.3280 ********** ********** ********** 99999.0000 99999.0000 **********
0.3553 ********** ********** ********** 99999.0000 99999.0000 **********
0.3827 ********** ********** ********** 99999.0000 99999.0000 **********
0.4100 2.1083 1.2065 -0.2164 -0.7705 -0.0000 -0.0000
0.4373 2.2945 1.1466 -0.1190 -0.7100 -0.0000 -0.0000
0.4647 6.5473 1.2386 -0.3410 -0.7901 0.0000 -0.0000
0.4920 5.6228 1.2079 -0.1962 -0.7047 0.0000 -0.0000
0.5193 5.5217 1.1910 -0.0736 -0.6325 0.0000 -0.0000
0.5467 4.7089 1.1684 0.0311 -0.5708 0.0000 -0.0000
0.5740 5.0878 1.1601 0.1212 -0.5178 0.0000 -0.0000
0.6013 4.7818 1.1459 0.1993 -0.4718 0.0000 -0.0000
0.6287 3.3684 1.0870 0.2682 -0.4367 0.0000 -0.0000
0.6560 3.1499 1.0800 0.3279 -0.4006 0.0000 -0.0000
0.6833 ********** ********** ********** 99999.0000 99999.0000 **********
0.7107 ********** ********** ********** 99999.0000 99999.0000 **********
0.7380 ********** ********** ********** 99999.0000 99999.0000 **********
0.7653 ********** ********** ********** 99999.0000 99999.0000 **********
0.7927 ********** ********** ********** 99999.0000 99999.0000 **********
0.8200 ********** ********** ********** 99999.0000 99999.0000 **********
0.8473 1.2227 1.0480 0.6241 -0.2908 -0.0000 -0.0000
0.8747 1.1780 1.0377 0.6476 -0.2875 -0.0000 -0.0000
0.9020 2.5071 1.0634 0.6441 -0.2097 0.0000 -0.0000
0.9293 2.3271 1.0583 0.6647 -0.1975 0.0000 -0.0000
0.9567 2.3663 1.0563 0.6836 -0.1864 0.0000 -0.0000
0.9840 2.1750 1.0520 0.7010 -0.1762 0.0000 -0.0000
1.0113 2.3525 1.0516 0.7169 -0.1668 0.0000 -0.0000
1.0387 2.3027 1.0489 0.7316 -0.1581 0.0000 -0.0000
1.0660 1.8473 1.0303 0.7455 -0.1506 0.0000 -0.0000
1.0933 1.7971 1.0288 0.7580 -0.1431 0.0000 -0.0000
1.1207 ********** ********** ********** 99999.0000 99999.0000 **********
1.1480 ********** ********** ********** 99999.0000 99999.0000 **********
1.1753 ********** ********** ********** 99999.0000 99999.0000 **********
1.2027 ********** ********** ********** 99999.0000 99999.0000 **********
1.2300 ********** ********** ********** 99999.0000 99999.0000 **********
1.2573 ********** ********** ********** 99999.0000 99999.0000 **********
1.2847 1.1374 1.0172 0.8292 -0.1202 0.0000 -0.0000
1.3120 1.1102 1.0111 0.8369 -0.1361 0.0000 -0.0000
1.3393 1.7107 1.0288 0.8386 -0.0951 0.0000 -0.0000
1.3667 1.6382 1.0270 0.8450 -0.0913 0.0000 -0.0000
1.3940 1.6700 1.0266 0.8510 -0.0878 0.0000 -0.0000
1.4213 1.5870 1.0250 0.8567 -0.0844 0.0000 -0.0000
1.4487 1.6873 1.0252 0.8620 -0.0813 0.0000 -0.0000
1.4760 1.6730 1.0243 0.8671 -0.0783 0.0000 -0.0000
1.5033 1.4447 1.0152 0.8720 -0.0756 0.0000 -0.0000
1.5306 1.4251 1.0147 0.8765 -0.0729 0.0000 -0.0000
1.5580 ********** ********** ********** 99999.0000 99999.0000 **********
1.5853 ********** ********** ********** 99999.0000 99999.0000 **********
1.6126 ********** ********** ********** 99999.0000 99999.0000 **********
1.6400 ********** ********** ********** 99999.0000 99999.0000 **********
1.6673 ********** ********** ********** 99999.0000 99999.0000 **********
1.6946 ********** ********** ********** 99999.0000 99999.0000 **********
1.7220 1.0612 1.0111 0.9035 -0.0346 0.0000 -0.0000
1.7493 1.0589 1.0127 0.9069 -0.0439 0.0000 -0.0000
1.7766 1.4261 1.0164 0.9083 -0.0540 0.0000 -0.0000
1.8040 1.3863 1.0155 0.9110 -0.0524 0.0000 -0.0000
1.8313 1.4099 1.0154 0.9137 -0.0509 0.0000 -0.0000
1.8586 1.3628 1.0146 0.9162 -0.0494 0.0000 -0.0000
1.8860 1.4287 1.0149 0.9186 -0.0480 0.0000 -0.0000
1.9133 1.4234 1.0145 0.9209 -0.0466 0.0000 -0.0000
1.9406 1.2818 1.0092 0.9232 -0.0453 0.0000 -0.0000
1.9680 1.2718 1.0089 0.9253 -0.0441 0.0000 -0.0000
1.9953 ********** ********** ********** 99999.0000 99999.0000 **********
2.0226 ********** ********** ********** 99999.0000 99999.0000 **********
2.0500 ********** ********** ********** 99999.0000 99999.0000 **********
2.0773 ********** ********** ********** 99999.0000 99999.0000 **********
2.1046 ********** ********** ********** 99999.0000 99999.0000 **********
2.1320 ********** ********** ********** 99999.0000 99999.0000 **********
2.1593 1.0487 1.0052 0.9382 -0.0263 -0.0000 -0.0000
2.1866 1.0479 1.0066 0.9401 -0.0297 -0.0000 -0.0000
2.2140 1.2922 1.0106 0.9409 -0.0348 0.0000 -0.0000
2.2413 1.2662 1.0101 0.9424 -0.0340 0.0000 -0.0000
2.2686 1.2842 1.0101 0.9437 -0.0331 0.0000 -0.0000
2.2960 1.2531 1.0096 0.9451 -0.0324 0.0000 -0.0000
2.3233 1.3005 1.0098 0.9464 -0.0316 0.0000 -0.0000
2.3506 1.2982 1.0096 0.9476 -0.0309 0.0000 -0.0000
2.3780 1.1983 1.0061 0.9489 -0.0302 0.0000 -0.0000
2.4053 1.1922 1.0060 0.9500 -0.0295 0.0000 -0.0000
2.4326 ********** ********** ********** 99999.0000 99999.0000 **********
2.4600 ********** ********** ********** 99999.0000 99999.0000 **********
2.4873 ********** ********** ********** 99999.0000 99999.0000 **********
2.5146 ********** ********** ********** 99999.0000 99999.0000 **********
2.5420 ********** ********** ********** 99999.0000 99999.0000 **********
2.5693 ********** ********** ********** 99999.0000 99999.0000 **********
2.5966 1.0214 1.0011 0.9570 -0.0214 0.0000 -0.0000
2.6240 1.0213 1.0008 0.9582 -0.0210 0.0000 -0.0000
2.6513 1.2148 1.0074 0.9588 -0.0243 0.0000 -0.0000
2.6786 1.1959 1.0071 0.9596 -0.0238 0.0000 -0.0000
2.7060 1.2096 1.0071 0.9605 -0.0233 0.0000 -0.0000
2.7333 1.1869 1.0068 0.9612 -0.0228 0.0000 -0.0000
2.7606 1.2222 1.0070 0.9620 -0.0224 0.0000 -0.0000
2.7880 1.2206 1.0068 0.9627 -0.0219 0.0000 -0.0000
2.8153 1.1438 1.0044 0.9635 -0.0215 0.0000 -0.0000
2.8426 1.1391 1.0043 0.9642 -0.0211 0.0000 -0.0000
2.8700 ********** ********** ********** 99999.0000 99999.0000 **********
2.8973 ********** ********** ********** 99999.0000 99999.0000 **********
2.9246 ********** ********** ********** 99999.0000 99999.0000 **********
2.9520 ********** ********** ********** 99999.0000 99999.0000 **********
2.9793 ********** ********** ********** 99999.0000 99999.0000 **********
3.0066 ********** ********** ********** 99999.0000 99999.0000 **********
3.0340 1.0160 0.9995 0.9683 -0.0187 0.0000 -0.0000
3.0613 1.0168 0.9994 0.9692 -0.0186 0.0000 -0.0000
3.0886 1.1548 1.0055 0.9696 -0.0179 0.0000 -0.0000
3.1160 1.1402 1.0052 0.9702 -0.0176 0.0000 -0.0000
3.1433 1.1491 1.0053 0.9707 -0.0173 0.0000 -0.0000
3.1706 1.1316 1.0051 0.9712 -0.0170 0.0000 -0.0000
3.1980 1.1557 1.0052 0.9717 -0.0167 0.0000 -0.0000
3.2253 1.1530 1.0051 0.9722 -0.0164 0.0000 -0.0000
3.2526 1.0912 1.0033 0.9726 -0.0161 0.0000 -0.0000
3.2800 1.0861 1.0032 0.9732 -0.0159 0.0000 -0.0000
3.3073 ********** ********** ********** 99999.0000 99999.0000 **********
3.3346 ********** ********** ********** 99999.0000 99999.0000 **********
3.3620 ********** ********** ********** 99999.0000 99999.0000 **********
3.3893 ********** ********** ********** 99999.0000 99999.0000 **********
3.4166 ********** ********** ********** 99999.0000 99999.0000 **********
3.4440 ********** ********** ********** 99999.0000 99999.0000 **********
3.4713 1.0145 1.0034 0.9759 -0.0107 0.0000 -0.0000
3.4986 1.0102 1.0038 0.9763 -0.0093 0.0000 -0.0000
3.5260 1.0809 1.0042 0.9767 -0.0137 0.0000 -0.0000
3.5533 1.0697 1.0040 0.9771 -0.0135 0.0000 -0.0000
3.5806 1.0702 1.0041 0.9774 -0.0133 0.0000 -0.0000
3.6080 1.0567 1.0039 0.9778 -0.0131 0.0000 -0.0000
3.6353 1.0638 1.0040 0.9781 -0.0129 0.0000 -0.0000
3.6626 1.0575 1.0040 0.9784 -0.0127 0.0000 -0.0000
3.6900 1.0089 1.0026 0.9787 -0.0125 0.0000 -0.0000
3.7173 1.0007 1.0025 0.9791 -0.0123 0.0000 -0.0000
3.7446 ********** ********** ********** 99999.0000 99999.0000 **********
3.7720 ********** ********** ********** 99999.0000 99999.0000 **********
3.7993 ********** ********** ********** 99999.0000 99999.0000 **********
3.8266 ********** ********** ********** 99999.0000 99999.0000 **********
3.8540 ********** ********** ********** 99999.0000 99999.0000 **********
3.8813 ********** ********** ********** 99999.0000 99999.0000 **********
3.9086 1.0205 1.0028 0.9803 -0.0130 0.0000 -0.0000
3.9360 1.0190 1.0026 0.9815 -0.0148 0.0000 -0.0000
3.9633 0.9419 1.0033 0.9816 -0.0109 0.0000 0.0000
3.9906 0.9351 1.0032 0.9818 -0.0107 0.0000 0.0000
4.0180 0.9167 1.0032 0.9821 -0.0106 0.0000 0.0000
4.0453 0.9087 1.0031 0.9823 -0.0104 0.0000 0.0000
4.0726 0.8800 1.0032 0.9825 -0.0103 0.0000 0.0000
4.1000 0.8641 1.0032 0.9828 -0.0101 0.0000 0.0000
4.1273 0.8360 1.0020 0.9830 -0.0100 0.0000 0.0000
4.1546 0.8192 1.0020 0.9833 -0.0099 0.0000 0.0000
4.1820 ********** ********** ********** 99999.0000 99999.0000 **********
4.2093 ********** ********** ********** 99999.0000 99999.0000 **********
4.2366 ********** ********** ********** 99999.0000 99999.0000 **********
4.2640 ********** ********** ********** 99999.0000 99999.0000 **********
4.2913 99999.0000 99999.0000 99999.0000 ********** ********** 99999.0000
4.3186 99999.0000 99999.0000 99999.0000 ********** ********** 99999.0000
4.3460 1.0040 1.0013 0.9851 -0.0117 0.0000 -0.0000
4.3733 1.0094 1.0014 0.9851 -0.0128 0.0000 -0.0000
4.4006 0.6538 1.0027 0.9850 -0.0088 0.0000 0.0000
4.4279 0.6637 1.0026 0.9852 -0.0087 0.0000 0.0000
4.4553 0.6143 1.0027 0.9854 -0.0086 0.0000 0.0000
4.4826 0.6267 1.0026 0.9856 -0.0085 0.0000 0.0000
4.5099 0.5398 1.0027 0.9858 -0.0084 0.0000 0.0000
4.5373 0.5213 1.0026 0.9859 -0.0083 0.0000 0.0000
4.5646 0.5664 1.0017 0.9861 -0.0082 0.0000 0.0000
4.5919 0.5536 1.0017 0.9863 -0.0081 0.0000 0.0000
4.6193 99999.0000 99999.0000 99999.0000 ********** ********** 99999.0000
4.6466 99999.0000 99999.0000 99999.0000 ********** ********** 99999.0000
4.6739 99999.0000 99999.0000 99999.0000 ********** ********** 99999.0000
4.7013 99999.0000 99999.0000 99999.0000 ********** ********** 99999.0000
4.7286 99999.0000 99999.0000 99999.0000 ********** ********** 99999.0000
4.7559 99999.0000 99999.0000 99999.0000 ********** ********** 99999.0000
4.7833 1.0042 0.9993 0.9876 -0.0101 -0.0000 -0.0000
4.8106 1.0021 0.9993 0.9876 -0.0099 0.0000 -0.0000
4.8379 0.4439 1.0023 0.9876 -0.0073 0.0000 0.0000
4.8653 0.4867 1.0022 0.9878 -0.0072 0.0000 0.0000
4.8926 0.4387 1.0022 0.9879 -0.0071 0.0000 0.0000
4.9199 0.4825 1.0021 0.9880 -0.0070 0.0000 0.0000
4.9473 0.3889 1.0022 0.9882 -0.0070 0.0000 0.0000
4.9746 0.3914 1.0022 0.9883 -0.0069 0.0000 0.0000
5.0019 0.7598 1.0014 0.9884 -0.0068 0.0000 0.0000
5.0293 0.7886 1.0014 0.9886 -0.0067 0.0000 0.0000
5.0566 99999.0000 99999.0000 99999.0000 ********** ********** 99999.0000
5.0839 99999.0000 99999.0000 99999.0000 ********** ********** 99999.0000
5.1113 99999.0000 99999.0000 99999.0000 ********** ********** 99999.0000
5.1386 99999.0000 99999.0000 99999.0000 ********** ********** 99999.0000
5.1659 99999.0000 99999.0000 99999.0000 ********** ********** 99999.0000
5.1933 99999.0000 99999.0000 99999.0000 ********** ********** 99999.0000
5.2206 1.0082 1.0010 0.9895 -0.0083 -0.0000 -0.0000
5.2479 1.0066 1.0007 0.9895 -0.0074 -0.0000 -0.0000
5.2753 0.7526 1.0019 0.9896 -0.0061 0.0000 0.0000
5.3026 0.7975 1.0018 0.9897 -0.0061 0.0000 0.0000
5.3299 0.8019 1.0019 0.9898 -0.0060 0.0000 0.0000
5.3573 0.8342 1.0018 0.9899 -0.0059 0.0000 0.0000
5.3846 0.8226 1.0019 0.9900 -0.0059 0.0000 0.0000
5.4119 0.8379 1.0019 0.9901 -0.0058 0.0000 0.0000
5.4393 0.9385 1.0012 0.9902 -0.0058 0.0000 0.0000
5.4666 0.9415 1.0012 0.9903 -0.0057 0.0000 0.0000
5.4939 99999.0000 99999.0000 99999.0000 ********** ********** 99999.0000
5.5213 99999.0000 99999.0000 99999.0000 ********** ********** 99999.0000
5.5486 99999.0000 99999.0000 99999.0000 ********** ********** 99999.0000
5.5759 ********** ********** ********** 99999.0000 99999.0000 **********
5.6033 ********** ********** ********** 99999.0000 99999.0000 **********
5.6306 ********** ********** ********** 99999.0000 99999.0000 **********
5.6579 1.0061 1.0007 0.9911 -0.0049 0.0000 -0.0000
5.6853 1.0054 1.0012 0.9911 -0.0048 0.0000 -0.0000
5.7126 0.9245 1.0016 0.9911 -0.0052 0.0000 0.0000
5.7399 0.9344 1.0016 0.9912 -0.0052 0.0000 0.0000
5.7673 0.9323 1.0016 0.9913 -0.0051 0.0000 0.0000
5.7946 0.9400 1.0016 0.9914 -0.0051 0.0000 0.0000
5.8219 0.9340 1.0016 0.9915 -0.0050 0.0000 0.0000
5.8493 0.9377 1.0016 0.9915 -0.0050 0.0000 0.0000
5.8766 0.9714 1.0010 0.9916 -0.0049 0.0000 0.0000
5.9039 0.9721 1.0010 0.9917 -0.0049 0.0000 0.0000
5.9313 ********** ********** ********** 99999.0000 99999.0000 **********
5.9586 ********** ********** ********** 99999.0000 99999.0000 **********
5.9859 ********** ********** ********** 99999.0000 99999.0000 **********
6.0133 ********** ********** ********** 99999.0000 99999.0000 **********
6.0406 ********** ********** ********** 99999.0000 99999.0000 **********
6.0679 ********** ********** ********** 99999.0000 99999.0000 **********
6.0953 1.0064 1.0002 0.9923 -0.0062 0.0000 -0.0000
6.1226 1.0062 1.0000 0.9923 -0.0063 0.0000 -0.0000
6.1499 0.9617 1.0014 0.9923 -0.0045 0.0000 0.0000
6.1773 0.9662 1.0014 0.9924 -0.0045 0.0000 0.0000
6.2046 0.9649 1.0014 0.9925 -0.0044 0.0000 0.0000
6.2319 0.9681 1.0014 0.9925 -0.0044 0.0000 0.0000
6.2593 0.9654 1.0014 0.9926 -0.0044 0.0000 0.0000
6.2866 0.9672 1.0014 0.9927 -0.0043 0.0000 0.0000
6.3139 0.9843 1.0009 0.9927 -0.0043 0.0000 0.0000
6.3413 0.9845 1.0009 0.9928 -0.0042 0.0000 0.0000
6.3686 99999.0000 99999.0000 99999.0000 ********** ********** 99999.0000
6.3959 99999.0000 99999.0000 99999.0000 ********** ********** 99999.0000
6.4233 99999.0000 99999.0000 99999.0000 ********** ********** 99999.0000
6.4506 99999.0000 99999.0000 99999.0000 ********** ********** 99999.0000
6.4779 99999.0000 99999.0000 99999.0000 ********** ********** 99999.0000
6.5053 99999.0000 99999.0000 99999.0000 ********** ********** 99999.0000
6.5326 1.0054 0.9999 0.9933 -0.0031 -0.0000 -0.0000
6.5599 1.0052 1.0001 0.9933 -0.0029 -0.0000 -0.0000
6.5873 0.9773 1.0012 0.9933 -0.0039 0.0000 0.0000
6.6146 0.9798 1.0012 0.9934 -0.0039 0.0000 0.0000
6.6419 0.9791 1.0012 0.9934 -0.0039 0.0000 0.0000
6.6693 0.9806 1.0012 0.9935 -0.0038 0.0000 0.0000
6.6966 0.9795 1.0012 0.9935 -0.0038 0.0000 0.0000
6.7239 0.9807 1.0012 0.9936 -0.0038 0.0000 0.0000
6.7513 0.9907 1.0008 0.9937 -0.0037 0.0000 0.0000
6.7786 0.9907 1.0008 0.9937 -0.0037 0.0000 0.0000
6.8059 99999.0000 99999.0000 99999.0000 ********** ********** 99999.0000
6.8333 99999.0000 99999.0000 99999.0000 ********** ********** 99999.0000
6.8606 99999.0000 99999.0000 99999.0000 ********** ********** 99999.0000
6.8879 99999.0000 99999.0000 99999.0000 ********** ********** 99999.0000
6.9153 99999.0000 99999.0000 99999.0000 ********** ********** 99999.0000
6.9426 99999.0000 99999.0000 99999.0000 ********** ********** 99999.0000
6.9699 1.0023 1.0014 0.9941 -0.0028 0.0000 -0.0000
6.9973 1.0019 1.0014 0.9941 -0.0029 -0.0000 -0.0000
7.0246 0.9854 1.0011 0.9941 -0.0035 0.0000 0.0000
7.0519 0.9869 1.0011 0.9942 -0.0034 0.0000 0.0000
7.0793 0.9866 1.0011 0.9942 -0.0034 0.0000 0.0000
7.1066 0.9872 1.0011 0.9943 -0.0034 0.0000 0.0000
7.1339 0.9872 1.0011 0.9943 -0.0034 0.0000 0.0000
7.1613 0.9880 1.0011 0.9944 -0.0033 0.0000 0.0000
7.1886 0.9943 1.0007 0.9944 -0.0033 0.0000 0.0000
7.2159 0.9942 1.0007 0.9945 -0.0033 0.0000 0.0000
7.2433 99999.0000 99999.0000 99999.0000 ********** ********** 99999.0000
7.2706 99999.0000 99999.0000 99999.0000 ********** ********** 99999.0000
7.2979 99999.0000 99999.0000 99999.0000 ********** ********** 99999.0000
7.3252 99999.0000 99999.0000 99999.0000 ********** ********** 99999.0000
7.3526 99999.0000 99999.0000 99999.0000 ********** ********** 99999.0000
7.3799 99999.0000 99999.0000 99999.0000 ********** ********** 99999.0000
7.4072 1.0026 1.0011 0.9948 -0.0024 0.0000 -0.0000
7.4346 1.0017 1.0010 0.9947 -0.0028 0.0000 -0.0000
7.4619 0.9902 1.0010 0.9948 -0.0031 0.0000 0.0000
7.4892 0.9910 1.0010 0.9948 -0.0030 0.0000 0.0000
7.5166 0.9911 1.0010 0.9949 -0.0030 0.0000 0.0000
7.5439 0.9911 1.0009 0.9949 -0.0030 0.0000 0.0000
7.5712 0.9918 1.0010 0.9949 -0.0030 0.0000 0.0000
7.5986 0.9924 1.0010 0.9950 -0.0030 0.0000 0.0000
7.6259 0.9966 1.0006 0.9950 -0.0029 0.0000 0.0000
7.6532 0.9964 1.0006 0.9951 -0.0029 0.0000 0.0000
7.6806 99999.0000 99999.0000 99999.0000 ********** ********** 99999.0000
7.7079 99999.0000 99999.0000 99999.0000 ********** ********** 99999.0000
7.7352 99999.0000 99999.0000 99999.0000 ********** ********** 99999.0000
7.7626 99999.0000 99999.0000 99999.0000 ********** ********** 99999.0000
7.7899 99999.0000 99999.0000 99999.0000 ********** ********** 99999.0000
7.8172 99999.0000 99999.0000 99999.0000 ********** ********** 99999.0000
7.8446 1.0042 1.0015 0.9955 -0.0023 0.0000 -0.0000
7.8719 1.0040 1.0014 0.9954 -0.0027 0.0000 -0.0000
7.8992 0.9932 1.0009 0.9954 -0.0027 0.0000 0.0000
7.9266 0.9935 1.0009 0.9954 -0.0027 0.0000 0.0000
7.9539 0.9939 1.0009 0.9954 -0.0027 0.0000 0.0000
7.9812 0.9935 1.0009 0.9955 -0.0027 0.0000 0.0000
8.0086 0.9948 1.0009 0.9955 -0.0027 0.0000 0.0000
8.0359 0.9953 1.0009 0.9955 -0.0026 0.0000 0.0000
8.0632 0.9980 1.0006 0.9955 -0.0026 -0.0000 0.0000
8.0906 0.9978 1.0006 0.9956 -0.0026 -0.0000 0.0000
8.1179 99999.0000 99999.0000 99999.0000 ********** ********** 99999.0000
8.1452 99999.0000 99999.0000 99999.0000 ********** ********** 99999.0000
8.1726 99999.0000 99999.0000 99999.0000 ********** ********** 99999.0000
8.1999 99999.0000 99999.0000 99999.0000 ********** ********** 99999.0000
8.2272 99999.0000 99999.0000 99999.0000 ********** ********** 99999.0000
8.2546 99999.0000 99999.0000 99999.0000 ********** ********** 99999.0000
8.2819 1.0014 1.0012 0.9956 -0.0012 -0.0000 -0.0000
8.3092 1.0023 1.0011 0.9958 -0.0012 -0.0000 -0.0000
8.3366 0.9951 1.0008 0.9958 -0.0025 0.0000 0.0000
8.3639 0.9951 1.0008 0.9959 -0.0024 0.0000 0.0000
8.3912 0.9957 1.0008 0.9959 -0.0024 0.0000 0.0000
8.4186 0.9949 1.0008 0.9959 -0.0024 0.0000 0.0000
8.4459 0.9969 1.0008 0.9959 -0.0024 0.0000 0.0000
8.4732 0.9974 1.0008 0.9960 -0.0024 0.0000 0.0000
8.5006 0.9989 1.0005 0.9960 -0.0024 -0.0000 0.0000
8.5279 0.9987 1.0005 0.9960 -0.0023 -0.0000 0.0000
8.5552 99999.0000 99999.0000 99999.0000 ********** ********** 99999.0000
8.5826 99999.0000 99999.0000 99999.0000 ********** ********** 99999.0000
8.6099 ********** ********** ********** 99999.0000 99999.0000 **********
8.6372 ********** ********** ********** 99999.0000 99999.0000 **********
8.6646 ********** ********** ********** 99999.0000 99999.0000 **********
8.6919 ********** ********** ********** 99999.0000 99999.0000 **********
8.7192 1.0026 1.0009 0.9962 -0.0018 -0.0000 -0.0000
8.7466 1.0019 1.0010 0.9962 -0.0019 -0.0000 -0.0000
8.7739 0.9964 1.0007 0.9962 -0.0022 0.0000 0.0000
8.8012 0.9959 1.0007 0.9963 -0.0022 0.0000 0.0000
8.8286 0.9969 1.0007 0.9963 -0.0022 0.0000 0.0000
8.8559 0.9957 1.0007 0.9963 -0.0022 0.0000 0.0000
8.8832 0.9987 1.0007 0.9963 -0.0022 0.0000 0.0000
8.9106 0.9991 1.0007 0.9964 -0.0021 0.0000 0.0000
8.9379 0.9996 1.0005 0.9964 -0.0021 0.0000 -0.0000
8.9652 0.9994 1.0005 0.9964 -0.0021 0.0000 0.0000
8.9926 ********** ********** ********** 99999.0000 99999.0000 **********
9.0199 ********** ********** ********** 99999.0000 99999.0000 **********
9.0472 ********** ********** ********** 99999.0000 99999.0000 **********
9.0746 ********** ********** ********** 99999.0000 99999.0000 **********
9.1019 ********** ********** ********** 99999.0000 99999.0000 **********
9.1292 ********** ********** ********** 99999.0000 99999.0000 **********
9.1566 1.0039 0.9998 0.9965 -0.0031 0.0000 -0.0000
9.1839 1.0038 0.9998 0.9966 -0.0029 0.0000 -0.0000
9.2112 0.9973 1.0007 0.9966 -0.0020 0.0000 0.0000
9.2386 0.9963 1.0007 0.9966 -0.0020 0.0000 0.0000
9.2659 0.9977 1.0007 0.9966 -0.0020 0.0000 0.0000
9.2932 0.9962 1.0006 0.9966 -0.0020 0.0000 0.0000
9.3206 0.9999 1.0007 0.9967 -0.0020 0.0000 -0.0000
9.3479 1.0003 1.0007 0.9967 -0.0020 0.0000 -0.0000
9.3752 0.9998 1.0004 0.9967 -0.0019 0.0000 -0.0000
9.4026 0.9996 1.0004 0.9967 -0.0019 0.0000 -0.0000
9.4299 ********** ********** ********** 99999.0000 99999.0000 **********
9.4572 ********** ********** ********** 99999.0000 99999.0000 **********
9.4846 ********** ********** ********** 99999.0000 99999.0000 **********
9.5119 ********** ********** ********** 99999.0000 99999.0000 **********
9.5392 ********** ********** ********** 99999.0000 99999.0000 **********
9.5666 ********** ********** ********** 99999.0000 99999.0000 **********
9.5939 1.0023 1.0002 0.9969 -0.0018 -0.0000 -0.0000
9.6212 1.0028 1.0003 0.9969 -0.0017 0.0000 -0.0000
9.6486 0.9982 1.0006 0.9969 -0.0018 0.0000 0.0000
9.6759 0.9997 1.0006 0.9969 -0.0018 0.0000 -0.0000
9.7032 0.9987 1.0006 0.9969 -0.0018 0.0000 0.0000
9.7306 1.0002 1.0006 0.9969 -0.0018 0.0000 -0.0000
9.7579 0.9966 1.0006 0.9970 -0.0018 0.0000 0.0000
9.7852 0.9966 1.0006 0.9970 -0.0018 0.0000 0.0000
9.8126 0.9994 1.0004 0.9970 -0.0018 0.0000 0.0000
9.8399 0.9992 1.0004 0.9970 -0.0018 0.0000 0.0000
9.8672 ********** ********** ********** 99999.0000 99999.0000 **********
9.8946 ********** ********** ********** 99999.0000 99999.0000 **********
9.9219 ********** ********** ********** 99999.0000 99999.0000 **********
9.9492 ********** ********** ********** 99999.0000 99999.0000 **********
9.9766 ********** ********** ********** 99999.0000 99999.0000 **********
10.0039 ********** ********** ********** 99999.0000 99999.0000 **********
10.0312 1.0018 1.0001 0.9971 -0.0014 -0.0000 -0.0000
10.0586 1.0021 1.0001 0.9971 -0.0015 -0.0000 -0.0000
10.0859 0.9991 1.0006 0.9972 -0.0017 0.0000 0.0000
10.1132 1.0028 1.0006 0.9972 -0.0017 0.0000 -0.0000
10.1406 0.9995 1.0006 0.9972 -0.0017 0.0000 0.0000
10.1679 1.0026 1.0006 0.9972 -0.0017 0.0000 -0.0000
10.1952 0.9952 1.0006 0.9972 -0.0016 0.0000 0.0000
10.2225 0.9956 1.0006 0.9972 -0.0016 0.0000 0.0000
10.2499 0.9998 1.0004 0.9972 -0.0016 0.0000 -0.0000
10.2772 0.9996 1.0004 0.9973 -0.0016 0.0000 -0.0000
10.3045 ********** ********** ********** 99999.0000 99999.0000 **********
10.3319 ********** ********** ********** 99999.0000 99999.0000 **********
10.3592 ********** ********** ********** 99999.0000 99999.0000 **********
10.3865 ********** ********** ********** 99999.0000 99999.0000 **********
10.4139 ********** ********** ********** 99999.0000 99999.0000 **********
10.4412 ********** ********** ********** 99999.0000 99999.0000 **********
10.4685 1.0023 1.0001 0.9974 -0.0016 0.0000 -0.0000
10.4959 1.0022 1.0001 0.9974 -0.0018 0.0000 -0.0000
10.5232 0.9993 1.0005 0.9974 -0.0015 0.0000 0.0000
10.5505 1.0015 1.0005 0.9974 -0.0015 0.0000 -0.0000
10.5779 0.9996 1.0005 0.9974 -0.0015 0.0000 -0.0000
10.6052 1.0011 1.0005 0.9974 -0.0015 0.0000 -0.0000
10.6325 0.9976 1.0005 0.9974 -0.0015 0.0000 0.0000
10.6599 0.9980 1.0005 0.9975 -0.0015 0.0000 0.0000
10.6872 1.0002 1.0003 0.9975 -0.0015 0.0000 -0.0000
10.7145 1.0000 1.0003 0.9975 -0.0015 0.0000 -0.0000
10.7419 99999.0000 99999.0000 99999.0000 ********** ********** 99999.0000
10.7692 99999.0000 99999.0000 99999.0000 ********** ********** 99999.0000
10.7965 99999.0000 99999.0000 99999.0000 ********** ********** 99999.0000
10.8239 99999.0000 99999.0000 99999.0000 ********** ********** 99999.0000
10.8512 99999.0000 99999.0000 99999.0000 ********** ********** 99999.0000
10.8785 99999.0000 99999.0000 99999.0000 ********** ********** 99999.0000
10.9059 1.0018 1.0002 0.9976 -0.0016 0.0000 -0.0000
10.9332 1.0017 1.0000 0.9976 -0.0015 0.0000 -0.0000
10.9605 0.9994 1.0005 0.9976 -0.0014 0.0000 0.0000
10.9879 1.0008 1.0005 0.9976 -0.0014 0.0000 -0.0000
11.0152 0.9998 1.0005 0.9976 -0.0014 0.0000 -0.0000
11.0425 1.0006 1.0005 0.9976 -0.0014 0.0000 -0.0000
11.0699 0.9986 1.0005 0.9976 -0.0014 0.0000 0.0000
11.0972 0.9990 1.0005 0.9976 -0.0014 0.0000 0.0000
11.1245 1.0004 1.0003 0.9977 -0.0014 0.0000 -0.0000
11.1519 1.0001 1.0003 0.9977 -0.0014 0.0000 -0.0000
11.1792 99999.0000 99999.0000 99999.0000 ********** ********** 99999.0000
11.2065 99999.0000 99999.0000 99999.0000 ********** ********** 99999.0000
11.2339 99999.0000 99999.0000 99999.0000 ********** ********** 99999.0000
11.2612 99999.0000 99999.0000 99999.0000 ********** ********** 99999.0000
11.2885 99999.0000 99999.0000 99999.0000 ********** ********** 99999.0000
11.3159 99999.0000 99999.0000 99999.0000 ********** ********** 99999.0000
11.3432 1.0020 1.0003 0.9978 -0.0015 -0.0000 -0.0000
11.3705 1.0018 1.0004 0.9978 -0.0014 -0.0000 -0.0000
11.3979 0.9996 1.0005 0.9978 -0.0013 0.0000 0.0000
11.4252 1.0007 1.0005 0.9978 -0.0013 0.0000 -0.0000
11.4525 0.9999 1.0005 0.9978 -0.0013 0.0000 -0.0000
11.4799 1.0004 1.0005 0.9978 -0.0013 0.0000 -0.0000
11.5072 0.9991 1.0005 0.9978 -0.0013 0.0000 0.0000
11.5345 0.9995 1.0005 0.9978 -0.0013 0.0000 0.0000
11.5619 1.0005 1.0003 0.9978 -0.0013 0.0000 -0.0000
11.5892 1.0002 1.0003 0.9979 -0.0013 0.0000 -0.0000
11.6165 99999.0000 99999.0000 99999.0000 ********** ********** 99999.0000
11.6439 99999.0000 99999.0000 99999.0000 ********** ********** 99999.0000
11.6712 99999.0000 99999.0000 99999.0000 ********** ********** 99999.0000
11.6985 99999.0000 99999.0000 99999.0000 ********** ********** 99999.0000
11.7259 99999.0000 99999.0000 99999.0000 ********** ********** 99999.0000
11.7532 99999.0000 99999.0000 99999.0000 ********** ********** 99999.0000
11.7805 1.0020 1.0000 0.9979 -0.0008 0.0000 -0.0000
11.8079 1.0022 1.0000 0.9979 -0.0008 0.0000 -0.0000
11.8352 0.9997 1.0004 0.9979 -0.0012 0.0000 -0.0000
11.8625 1.0006 1.0004 0.9979 -0.0012 0.0000 -0.0000
11.8899 1.0001 1.0004 0.9980 -0.0012 0.0000 -0.0000
11.9172 1.0004 1.0004 0.9980 -0.0012 0.0000 -0.0000
11.9445 0.9994 1.0004 0.9980 -0.0012 0.0000 0.0000
11.9719 0.9998 1.0004 0.9980 -0.0012 0.0000 -0.0000
11.9992 1.0005 1.0003 0.9980 -0.0012 0.0000 -0.0000
12.0265 1.0003 1.0003 0.9980 -0.0012 0.0000 -0.0000
12.0539 99999.0000 99999.0000 99999.0000 ********** ********** 99999.0000
12.0812 99999.0000 99999.0000 99999.0000 ********** ********** 99999.0000
12.1085 99999.0000 99999.0000 99999.0000 ********** ********** 99999.0000
12.1359 99999.0000 99999.0000 99999.0000 ********** ********** 99999.0000
12.1632 99999.0000 99999.0000 99999.0000 ********** ********** 99999.0000
12.1905 99999.0000 99999.0000 99999.0000 ********** ********** 99999.0000
12.2179 1.0001 1.0001 0.9980 -0.0016 0.0000 -0.0000
12.2452 1.0006 1.0002 0.9981 -0.0016 0.0000 -0.0000
12.2725 0.9998 1.0004 0.9981 -0.0011 0.0000 -0.0000
12.2999 1.0006 1.0004 0.9981 -0.0011 0.0000 -0.0000
12.3272 1.0002 1.0004 0.9981 -0.0011 0.0000 -0.0000
12.3545 1.0003 1.0004 0.9981 -0.0011 0.0000 -0.0000
12.3819 0.9996 1.0004 0.9981 -0.0011 0.0000 0.0000
12.4092 1.0000 1.0004 0.9981 -0.0011 0.0000 -0.0000
12.4365 1.0006 1.0003 0.9981 -0.0011 0.0000 -0.0000
12.4639 1.0003 1.0003 0.9981 -0.0011 0.0000 -0.0000
12.4912 99999.0000 99999.0000 99999.0000 ********** ********** 99999.0000
12.5185 99999.0000 99999.0000 99999.0000 ********** ********** 99999.0000
12.5459 99999.0000 99999.0000 99999.0000 ********** ********** 99999.0000
12.5732 99999.0000 99999.0000 99999.0000 ********** ********** 99999.0000
12.6005 99999.0000 99999.0000 99999.0000 ********** ********** 99999.0000
12.6279 99999.0000 99999.0000 99999.0000 ********** ********** 99999.0000
12.6552 1.0008 1.0003 0.9982 -0.0014 -0.0000 -0.0000
12.6825 1.0002 1.0002 0.9982 -0.0013 -0.0000 -0.0000
12.7099 0.9999 1.0004 0.9982 -0.0011 0.0000 -0.0000
12.7372 1.0006 1.0004 0.9982 -0.0011 0.0000 -0.0000
12.7645 1.0003 1.0004 0.9982 -0.0010 0.0000 -0.0000
12.7919 1.0003 1.0004 0.9982 -0.0010 0.0000 -0.0000
12.8192 0.9998 1.0004 0.9982 -0.0010 0.0000 -0.0000
12.8465 1.0002 1.0004 0.9982 -0.0010 0.0000 -0.0000
12.8739 1.0006 1.0002 0.9983 -0.0010 0.0000 -0.0000
12.9012 1.0004 1.0002 0.9983 -0.0010 0.0000 -0.0000
12.9285 99999.0000 99999.0000 99999.0000 ********** ********** 99999.0000
12.9559 99999.0000 99999.0000 99999.0000 ********** ********** 99999.0000
12.9832 99999.0000 99999.0000 99999.0000 ********** ********** 99999.0000
13.0105 99999.0000 99999.0000 99999.0000 ********** ********** 99999.0000
13.0379 99999.0000 99999.0000 99999.0000 ********** ********** 99999.0000
13.0652 99999.0000 99999.0000 99999.0000 ********** ********** 99999.0000
13.0925 1.0017 1.0001 0.9983 -0.0007 0.0000 -0.0000
13.1199 1.0017 1.0001 0.9983 -0.0007 0.0000 -0.0000
13.1472 0.9999 1.0004 0.9983 -0.0010 0.0000 -0.0000
13.1745 1.0006 1.0004 0.9983 -0.0010 0.0000 -0.0000
13.2018 1.0004 1.0004 0.9983 -0.0010 0.0000 -0.0000
13.2292 1.0003 1.0004 0.9983 -0.0010 0.0000 -0.0000
13.2565 0.9999 1.0004 0.9984 -0.0010 0.0000 -0.0000
13.2838 1.0003 1.0004 0.9984 -0.0010 0.0000 -0.0000
13.3112 1.0007 1.0002 0.9984 -0.0010 0.0000 -0.0000
13.3385 1.0004 1.0002 0.9984 -0.0010 0.0000 -0.0000
13.3658 99999.0000 99999.0000 99999.0000 ********** ********** 99999.0000
13.3932 99999.0000 99999.0000 99999.0000 ********** ********** 99999.0000
13.4205 99999.0000 99999.0000 99999.0000 ********** ********** 99999.0000
13.4478 99999.0000 99999.0000 99999.0000 ********** ********** 99999.0000
13.4752 99999.0000 99999.0000 99999.0000 ********** ********** 99999.0000
13.5025 99999.0000 99999.0000 99999.0000 ********** ********** 99999.0000
13.5298 1.0008 0.9999 0.9984 -0.0007 0.0000 -0.0000
13.5572 1.0010 0.9998 0.9984 -0.0007 -0.0000 -0.0000
13.5845 0.9999 1.0004 0.9984 -0.0009 0.0000 -0.0000
13.6118 1.0007 1.0003 0.9984 -0.0009 0.0000 -0.0000
13.6392 1.0004 1.0004 0.9984 -0.0009 0.0000 -0.0000
13.6665 1.0003 1.0003 0.9984 -0.0009 0.0000 -0.0000
13.6938 0.9999 1.0004 0.9985 -0.0009 0.0000 -0.0000
13.7212 1.0004 1.0004 0.9985 -0.0009 0.0000 -0.0000
13.7485 1.0007 1.0002 0.9985 -0.0009 0.0000 -0.0000
13.7758 1.0004 1.0002 0.9985 -0.0009 0.0000 -0.0000
13.8032 99999.0000 99999.0000 99999.0000 ********** ********** 99999.0000
13.8305 99999.0000 99999.0000 99999.0000 ********** ********** 99999.0000
13.8578 99999.0000 99999.0000 99999.0000 ********** ********** 99999.0000
13.8852 99999.0000 99999.0000 99999.0000 ********** ********** 99999.0000
13.9125 99999.0000 99999.0000 99999.0000 ********** ********** 99999.0000
13.9398 99999.0000 99999.0000 99999.0000 ********** ********** 99999.0000
13.9672 1.0008 1.0002 0.9985 -0.0011 0.0000 -0.0000
13.9945 1.0008 1.0001 0.9985 -0.0011 0.0000 -0.0000
14.0218 0.9999 1.0003 0.9985 -0.0009 0.0000 -0.0000
14.0492 1.0007 1.0003 0.9985 -0.0009 0.0000 -0.0000
14.0765 1.0005 1.0003 0.9985 -0.0009 0.0000 -0.0000
14.1038 1.0003 1.0003 0.9985 -0.0009 0.0000 -0.0000
14.1312 1.0000 1.0004 0.9986 -0.0009 0.0000 -0.0000
14.1585 1.0005 1.0003 0.9986 -0.0009 0.0000 -0.0000
14.1858 1.0006 1.0002 0.9986 -0.0008 0.0000 -0.0000
14.2132 1.0005 1.0002 0.9986 -0.0008 0.0000 -0.0000
14.2405 99999.0000 99999.0000 99999.0000 ********** ********** 99999.0000
14.2678 99999.0000 99999.0000 99999.0000 ********** ********** 99999.0000
14.2952 99999.0000 99999.0000 99999.0000 ********** ********** 99999.0000
14.3225 99999.0000 99999.0000 99999.0000 ********** ********** 99999.0000
14.3498 99999.0000 99999.0000 99999.0000 ********** ********** 99999.0000
14.3772 99999.0000 99999.0000 99999.0000 ********** ********** 99999.0000
14.4045 1.0009 1.0001 0.9986 -0.0014 -0.0000 -0.0000
14.4318 1.0010 1.0001 0.9986 -0.0013 0.0000 -0.0000
14.4592 1.0002 1.0003 0.9986 -0.0008 0.0000 -0.0000
14.4865 1.0004 1.0003 0.9986 -0.0008 0.0000 -0.0000
14.5138 1.0001 1.0003 0.9986 -0.0008 0.0000 -0.0000
14.5412 1.0006 1.0003 0.9986 -0.0008 0.0000 -0.0000
14.5685 1.0006 1.0003 0.9986 -0.0008 0.0000 -0.0000
14.5958 0.9999 1.0003 0.9986 -0.0008 0.0000 -0.0000
14.6232 0.9998 1.0002 0.9987 -0.0008 0.0000 -0.0000
14.6505 1.0013 1.0002 0.9987 -0.0008 0.0000 -0.0000
14.6778 99999.0000 99999.0000 99999.0000 ********** ********** 99999.0000
14.7052 99999.0000 99999.0000 99999.0000 ********** ********** 99999.0000
14.7325 99999.0000 99999.0000 99999.0000 ********** ********** 99999.0000
14.7598 99999.0000 99999.0000 99999.0000 ********** ********** 99999.0000
14.7872 99999.0000 99999.0000 99999.0000 ********** ********** 99999.0000
14.8145 99999.0000 99999.0000 99999.0000 ********** ********** 99999.0000
14.8418 1.0007 1.0001 0.9987 -0.0006 -0.0000 -0.0000
14.8692 1.0007 1.0000 0.9987 -0.0006 -0.0000 -0.0000
14.8965 1.0022 1.0003 0.9987 -0.0008 0.0000 -0.0000
14.9238 0.9991 1.0003 0.9987 -0.0008 0.0000 0.0000
14.9512 0.9981 1.0003 0.9987 -0.0008 0.0000 0.0000
14.9785 1.0020 1.0003 0.9987 -0.0008 0.0000 -0.0000
15.0058 1.0026 1.0003 0.9987 -0.0008 0.0000 -0.0000
15.0332 0.9981 1.0003 0.9987 -0.0008 0.0000 0.0000
15.0605 0.9990 1.0002 0.9987 -0.0008 0.0000 0.0000
15.0878 1.0020 1.0002 0.9987 -0.0007 0.0000 -0.0000
15.1152 99999.0000 99999.0000 99999.0000 ********** ********** 99999.0000
15.1425 99999.0000 99999.0000 99999.0000 ********** ********** 99999.0000
15.1698 99999.0000 99999.0000 99999.0000 ********** ********** 99999.0000
15.1972 99999.0000 99999.0000 99999.0000 ********** ********** 99999.0000
15.2245 99999.0000 99999.0000 99999.0000 ********** ********** 99999.0000
15.2518 99999.0000 99999.0000 99999.0000 ********** ********** 99999.0000
15.2792 1.0009 1.0000 0.9988 -0.0007 -0.0000 -0.0000
15.3065 1.0010 1.0000 0.9988 -0.0007 -0.0000 -0.0000
15.3338 1.0021 1.0003 0.9988 -0.0007 0.0000 -0.0000
15.3612 0.9992 1.0003 0.9988 -0.0007 0.0000 0.0000
15.3885 0.9985 1.0003 0.9988 -0.0007 0.0000 0.0000
15.4158 1.0016 1.0003 0.9988 -0.0007 0.0000 -0.0000
15.4432 1.0019 1.0003 0.9988 -0.0007 0.0000 -0.0000
15.4705 0.9989 1.0003 0.9988 -0.0007 0.0000 0.0000
15.4978 1.0001 1.0002 0.9988 -0.0007 0.0000 -0.0000
15.5252 1.0009 1.0002 0.9988 -0.0007 0.0000 -0.0000
15.5525 99999.0000 99999.0000 99999.0000 ********** ********** 99999.0000
15.5798 99999.0000 99999.0000 99999.0000 ********** ********** 99999.0000
15.6072 99999.0000 99999.0000 99999.0000 ********** ********** 99999.0000
15.6345 99999.0000 99999.0000 99999.0000 ********** ********** 99999.0000
15.6618 99999.0000 99999.0000 99999.0000 ********** ********** 99999.0000
15.6892 99999.0000 99999.0000 99999.0000 ********** ********** 99999.0000
15.7165 1.0009 1.0003 0.9988 -0.0005 0.0000 -0.0000
15.7438 1.0010 1.0002 0.9988 -0.0004 -0.0000 -0.0000
15.7712 1.0008 1.0003 0.9988 -0.0007 0.0000 -0.0000
15.7985 1.0001 1.0003 0.9988 -0.0007 0.0000 -0.0000
15.8258 0.9998 1.0003 0.9988 -0.0007 0.0000 0.0000
15.8532 1.0008 1.0003 0.9988 -0.0007 0.0000 -0.0000
15.8805 1.0008 1.0003 0.9989 -0.0007 0.0000 -0.0000
15.9078 1.0000 1.0003 0.9989 -0.0007 0.0000 -0.0000
15.9352 1.0003 1.0002 0.9989 -0.0007 0.0000 -0.0000
15.9625 1.0007 1.0002 0.9989 -0.0007 0.0000 -0.0000
15.9898 99999.0000 99999.0000 99999.0000 ********** ********** 99999.0000
16.0172 99999.0000 99999.0000 99999.0000 ********** ********** 99999.0000
16.0445 99999.0000 99999.0000 99999.0000 ********** ********** 99999.0000
16.0718 99999.0000 99999.0000 99999.0000 ********** ********** 99999.0000
16.0991 99999.0000 99999.0000 99999.0000 ********** ********** 99999.0000
16.1265 99999.0000 99999.0000 99999.0000 ********** ********** 99999.0000
16.1538 1.0002 1.0002 0.9989 -0.0007 0.0000 -0.0000
16.1811 1.0005 1.0002 0.9989 -0.0006 0.0000 -0.0000
16.2085 1.0005 1.0003 0.9989 -0.0006 0.0000 -0.0000
16.2358 1.0003 1.0003 0.9989 -0.0006 0.0000 -0.0000
16.2631 1.0000 1.0003 0.9989 -0.0006 0.0000 -0.0000
16.2905 1.0006 1.0003 0.9989 -0.0006 0.0000 -0.0000
16.3178 1.0006 1.0003 0.9989 -0.0006 0.0000 -0.0000
16.3451 1.0002 1.0003 0.9989 -0.0006 0.0000 -0.0000
16.3725 1.0004 1.0002 0.9989 -0.0006 0.0000 -0.0000
16.3998 1.0006 1.0002 0.9989 -0.0006 0.0000 -0.0000
16.4271 99999.0000 99999.0000 99999.0000 ********** ********** 99999.0000
16.4545 99999.0000 99999.0000 99999.0000 ********** ********** 99999.0000
16.4818 99999.0000 99999.0000 99999.0000 ********** ********** 99999.0000
16.5091 99999.0000 99999.0000 99999.0000 ********** ********** 99999.0000
16.5365 99999.0000 99999.0000 99999.0000 ********** ********** 99999.0000
16.5638 99999.0000 99999.0000 99999.0000 ********** ********** 99999.0000
16.5911 1.0004 1.0003 0.9990 -0.0005 0.0000 -0.0000
16.6185 1.0001 1.0002 0.9990 -0.0005 0.0000 -0.0000
16.6458 1.0004 1.0003 0.9990 -0.0006 0.0000 -0.0000
16.6731 1.0003 1.0003 0.9990 -0.0006 0.0000 -0.0000
16.7005 1.0001 1.0003 0.9990 -0.0006 0.0000 -0.0000
16.7278 1.0005 1.0003 0.9990 -0.0006 0.0000 -0.0000
16.7551 1.0006 1.0003 0.9990 -0.0006 0.0000 -0.0000
16.7825 1.0003 1.0003 0.9990 -0.0006 0.0000 -0.0000
16.8098 1.0004 1.0002 0.9990 -0.0006 0.0000 -0.0000
16.8371 1.0006 1.0002 0.9990 -0.0006 0.0000 -0.0000
16.8645 99999.0000 99999.0000 99999.0000 ********** ********** 99999.0000
16.8918 99999.0000 99999.0000 99999.0000 ********** ********** 99999.0000
16.9191 99999.0000 99999.0000 99999.0000 ********** ********** 99999.0000
16.9465 99999.0000 99999.0000 99999.0000 ********** ********** 99999.0000
16.9738 99999.0000 99999.0000 99999.0000 ********** ********** 99999.0000
17.0011 99999.0000 99999.0000 99999.0000 ********** ********** 99999.0000
17.0285 1.0011 1.0001 0.9990 -0.0005 0.0000 -0.0000
17.0558 1.0010 1.0001 0.9990 -0.0005 0.0000 -0.0000
17.0831 1.0003 1.0003 0.9990 -0.0006 0.0000 -0.0000
17.1105 1.0003 1.0003 0.9990 -0.0006 0.0000 -0.0000
17.1378 1.0001 1.0003 0.9990 -0.0006 0.0000 -0.0000
17.1651 1.0005 1.0003 0.9990 -0.0006 0.0000 -0.0000
17.1925 1.0005 1.0003 0.9990 -0.0006 0.0000 -0.0000
17.2198 1.0003 1.0003 0.9990 -0.0006 0.0000 -0.0000
17.2471 1.0004 1.0002 0.9990 -0.0006 0.0000 -0.0000
17.2745 1.0005 1.0002 0.9990 -0.0006 0.0000 -0.0000
17.3018 99999.0000 99999.0000 99999.0000 ********** ********** 99999.0000
17.3291 99999.0000 99999.0000 99999.0000 ********** ********** 99999.0000
17.3565 99999.0000 99999.0000 99999.0000 ********** ********** 99999.0000
17.3838 99999.0000 99999.0000 99999.0000 ********** ********** 99999.0000
17.4111 99999.0000 99999.0000 99999.0000 ********** ********** 99999.0000
17.4385 99999.0000 99999.0000 99999.0000 ********** ********** 99999.0000
17.4658 1.0006 1.0001 0.9990 -0.0005 0.0000 -0.0000
17.4931 1.0007 1.0001 0.9991 -0.0006 0.0000 -0.0000
17.5205 1.0003 1.0003 0.9991 -0.0006 0.0000 -0.0000
17.5478 1.0003 1.0003 0.9991 -0.0006 0.0000 -0.0000
17.5751 1.0001 1.0003 0.9991 -0.0006 0.0000 -0.0000
17.6025 1.0005 1.0003 0.9991 -0.0006 0.0000 -0.0000
17.6298 1.0005 1.0003 0.9991 -0.0005 0.0000 -0.0000
17.6571 1.0004 1.0003 0.9991 -0.0005 0.0000 -0.0000
17.6845 1.0004 1.0002 0.9991 -0.0005 0.0000 -0.0000
17.7118 1.0005 1.0002 0.9991 -0.0005 0.0000 -0.0000
17.7391 99999.0000 99999.0000 99999.0000 ********** ********** 99999.0000
17.7665 99999.0000 99999.0000 99999.0000 ********** ********** 99999.0000
17.7938 99999.0000 99999.0000 99999.0000 ********** ********** 99999.0000
17.8211 99999.0000 99999.0000 99999.0000 ********** ********** 99999.0000
17.8485 99999.0000 99999.0000 99999.0000 ********** ********** 99999.0000
17.8758 99999.0000 99999.0000 99999.0000 ********** ********** 99999.0000
17.9031 1.0007 1.0001 0.9991 -0.0007 0.0000 -0.0000
17.9305 1.0006 1.0001 0.9991 -0.0007 0.0000 -0.0000
17.9578 1.0003 1.0003 0.9991 -0.0005 0.0000 -0.0000
17.9851 1.0003 1.0003 0.9991 -0.0005 0.0000 -0.0000
18.0125 1.0001 1.0003 0.9991 -0.0005 0.0000 -0.0000
18.0398 1.0004 1.0003 0.9991 -0.0005 0.0000 -0.0000
18.0671 1.0005 1.0003 0.9991 -0.0005 0.0000 -0.0000
18.0945 1.0004 1.0003 0.9991 -0.0005 0.0000 -0.0000
18.1218 1.0004 1.0002 0.9991 -0.0005 0.0000 -0.0000
18.1491 1.0005 1.0002 0.9991 -0.0005 0.0000 -0.0000
18.1765 99999.0000 99999.0000 99999.0000 ********** ********** 99999.0000
18.2038 99999.0000 99999.0000 99999.0000 ********** ********** 99999.0000
18.2311 99999.0000 99999.0000 99999.0000 ********** ********** 99999.0000
18.2585 99999.0000 99999.0000 99999.0000 ********** ********** 99999.0000
18.2858 99999.0000 99999.0000 99999.0000 ********** ********** 99999.0000
18.3131 99999.0000 99999.0000 99999.0000 ********** ********** 99999.0000
18.3405 1.0007 0.9999 0.9991 -0.0005 -0.0000 -0.0000
18.3678 1.0007 0.9998 0.9991 -0.0005 -0.0000 -0.0000
18.3951 1.0002 1.0003 0.9991 -0.0005 0.0000 -0.0000
18.4225 1.0003 1.0003 0.9991 -0.0005 0.0000 -0.0000
18.4498 1.0001 1.0003 0.9991 -0.0005 0.0000 -0.0000
18.4771 1.0004 1.0003 0.9992 -0.0005 0.0000 -0.0000
18.5045 1.0006 1.0003 0.9992 -0.0005 0.0000 -0.0000
18.5318 1.0005 1.0003 0.9992 -0.0005 0.0000 -0.0000
18.5591 1.0004 1.0002 0.9992 -0.0005 0.0000 -0.0000
18.5865 1.0005 1.0002 0.9992 -0.0005 0.0000 -0.0000
18.6138 99999.0000 99999.0000 99999.0000 ********** ********** 99999.0000
18.6411 99999.0000 99999.0000 99999.0000 ********** ********** 99999.0000
18.6685 99999.0000 99999.0000 99999.0000 ********** ********** 99999.0000
18.6958 99999.0000 99999.0000 99999.0000 ********** ********** 99999.0000
18.7231 99999.0000 99999.0000 99999.0000 ********** ********** 99999.0000
18.7505 99999.0000 99999.0000 99999.0000 ********** ********** 99999.0000
18.7778 1.0006 0.9998 0.9992 -0.0004 0.0000 -0.0000
18.8051 1.0006 0.9998 0.9992 -0.0004 0.0000 -0.0000
18.8325 1.0001 1.0003 0.9992 -0.0005 0.0000 -0.0000
18.8598 1.0003 1.0003 0.9992 -0.0005 0.0000 -0.0000
18.8871 1.0000 1.0003 0.9992 -0.0005 0.0000 -0.0000
18.9145 1.0004 1.0003 0.9992 -0.0005 0.0000 -0.0000
18.9418 1.0006 1.0003 0.9992 -0.0005 0.0000 -0.0000
18.9691 1.0005 1.0003 0.9992 -0.0005 0.0000 -0.0000
18.9964 1.0004 1.0002 0.9992 -0.0005 0.0000 -0.0000
19.0238 1.0005 1.0002 0.9992 -0.0005 0.0000 -0.0000
19.0511 99999.0000 99999.0000 99999.0000 ********** ********** 99999.0000
19.0784 99999.0000 99999.0000 99999.0000 ********** ********** 99999.0000
19.1058 99999.0000 99999.0000 99999.0000 ********** ********** 99999.0000
19.1331 99999.0000 99999.0000 99999.0000 ********** ********** 99999.0000
19.1604 99999.0000 99999.0000 99999.0000 ********** ********** 99999.0000
19.1878 99999.0000 99999.0000 99999.0000 ********** ********** 99999.0000
19.2151 1.0003 0.9999 0.9992 -0.0005 0.0000 -0.0000
19.2424 1.0004 1.0000 0.9992 -0.0005 0.0000 -0.0000
19.2698 1.0000 1.0003 0.9992 -0.0005 0.0000 -0.0000
19.2971 1.0003 1.0003 0.9992 -0.0005 0.0000 -0.0000
19.3244 0.9999 1.0003 0.9992 -0.0005 0.0000 -0.0000
19.3518 1.0004 1.0003 0.9992 -0.0005 0.0000 -0.0000
19.3791 1.0007 1.0003 0.9992 -0.0005 0.0000 -0.0000
19.4064 1.0007 1.0003 0.9992 -0.0005 0.0000 -0.0000
19.4338 1.0004 1.0002 0.9992 -0.0005 0.0000 -0.0000
19.4611 1.0004 1.0002 0.9992 -0.0004 0.0000 -0.0000
19.4884 99999.0000 99999.0000 99999.0000 ********** ********** 99999.0000
19.5158 99999.0000 99999.0000 99999.0000 ********** ********** 99999.0000
19.5431 99999.0000 99999.0000 99999.0000 ********** ********** 99999.0000
19.5704 99999.0000 99999.0000 99999.0000 ********** ********** 99999.0000
19.5978 99999.0000 99999.0000 99999.0000 ********** ********** 99999.0000
19.6251 99999.0000 99999.0000 99999.0000 ********** ********** 99999.0000
19.6524 1.0006 1.0001 0.9993 -0.0004 0.0000 -0.0000
19.6798 1.0006 1.0001 0.9993 -0.0004 0.0000 -0.0000
19.7071 1.0000 1.0003 0.9993 -0.0004 0.0000 -0.0000
19.7344 1.0003 1.0003 0.9993 -0.0004 0.0000 -0.0000
19.7618 0.9999 1.0003 0.9993 -0.0004 0.0000 -0.0000
19.7891 1.0004 1.0003 0.9993 -0.0004 0.0000 -0.0000
19.8164 1.0007 1.0003 0.9993 -0.0004 0.0000 -0.0000
19.8438 1.0006 1.0003 0.9993 -0.0004 0.0000 -0.0000
19.8711 1.0003 1.0002 0.9993 -0.0004 0.0000 -0.0000
19.8984 1.0004 1.0002 0.9993 -0.0004 0.0000 -0.0000
19.9258 99999.0000 99999.0000 99999.0000 ********** ********** 99999.0000
19.9531 99999.0000 99999.0000 99999.0000 ********** ********** 99999.0000
19.9804 99999.0000 99999.0000 99999.0000 ********** ********** 99999.0000
20.0078 99999.0000 99999.0000 99999.0000 ********** ********** 99999.0000
20.0351 99999.0000 99999.0000 99999.0000 ********** ********** 99999.0000
20.0624 99999.0000 99999.0000 99999.0000 ********** ********** 99999.0000
20.0898 1.0005 1.0000 0.9993 -0.0005 -0.0000 -0.0000
20.1171 1.0006 1.0000 0.9993 -0.0005 -0.0000 -0.0000
20.1444 1.0008 1.0003 0.9993 -0.0004 0.0000 -0.0000
20.1718 1.0004 1.0003 0.9993 -0.0004 0.0000 -0.0000
20.1991 1.0009 1.0003 0.9993 -0.0004 0.0000 -0.0000
20.2264 1.0004 1.0003 0.9993 -0.0004 0.0000 -0.0000
20.2538 0.9997 1.0003 0.9993 -0.0004 0.0000 0.0000
20.2811 0.9996 1.0003 0.9993 -0.0004 0.0000 0.0000
20.3084 1.0003 1.0002 0.9993 -0.0004 0.0000 -0.0000
20.3358 1.0003 1.0002 0.9993 -0.0004 0.0000 -0.0000
20.3631 99999.0000 99999.0000 99999.0000 ********** ********** 99999.0000
20.3904 99999.0000 99999.0000 99999.0000 ********** ********** 99999.0000
20.4178 99999.0000 99999.0000 99999.0000 ********** ********** 99999.0000
20.4451 99999.0000 99999.0000 99999.0000 ********** ********** 99999.0000
20.4724 99999.0000 99999.0000 99999.0000 ********** ********** 99999.0000
20.4998 99999.0000 99999.0000 99999.0000 ********** ********** 99999.0000
20.5271 1.0004 1.0001 0.9993 -0.0004 0.0000 -0.0000
20.5544 1.0003 1.0001 0.9993 -0.0004 -0.0000 -0.0000
20.5818 1.0011 1.0003 0.9993 -0.0004 0.0000 -0.0000
20.6091 1.0004 1.0003 0.9993 -0.0004 0.0000 -0.0000
20.6364 1.0011 1.0003 0.9993 -0.0004 0.0000 -0.0000
20.6638 1.0004 1.0003 0.9993 -0.0004 0.0000 -0.0000
20.6911 0.9996 1.0003 0.9993 -0.0004 0.0000 0.0000
20.7184 0.9996 1.0003 0.9993 -0.0004 0.0000 0.0000
20.7458 1.0003 1.0002 0.9993 -0.0004 0.0000 -0.0000
20.7731 1.0003 1.0002 0.9993 -0.0004 0.0000 -0.0000
20.8004 99999.0000 99999.0000 99999.0000 ********** ********** 99999.0000
20.8278 99999.0000 99999.0000 99999.0000 ********** ********** 99999.0000
20.8551 99999.0000 99999.0000 99999.0000 ********** ********** 99999.0000
20.8824 99999.0000 99999.0000 99999.0000 ********** ********** 99999.0000
20.9098 99999.0000 99999.0000 99999.0000 ********** ********** 99999.0000
20.9371 99999.0000 99999.0000 99999.0000 ********** ********** 99999.0000
20.9644 1.0008 1.0002 0.9994 -0.0006 0.0000 -0.0000
20.9918 1.0007 1.0001 0.9993 -0.0005 0.0000 -0.0000
21.0191 1.0007 1.0003 0.9993 -0.0004 0.0000 -0.0000
21.0464 1.0003 1.0003 0.9993 -0.0004 0.0000 -0.0000
21.0738 1.0006 1.0003 0.9993 -0.0004 0.0000 -0.0000
21.1011 1.0004 1.0003 0.9993 -0.0004 0.0000 -0.0000
21.1284 1.0000 1.0003 0.9994 -0.0004 0.0000 -0.0000
21.1558 1.0000 1.0003 0.9994 -0.0004 0.0000 -0.0000
21.1831 1.0003 1.0002 0.9994 -0.0004 0.0000 -0.0000
21.2104 1.0003 1.0002 0.9994 -0.0004 0.0000 -0.0000
21.2378 99999.0000 99999.0000 99999.0000 ********** ********** 99999.0000
21.2651 99999.0000 99999.0000 99999.0000 ********** ********** 99999.0000
21.2924 99999.0000 99999.0000 99999.0000 ********** ********** 99999.0000
21.3198 99999.0000 99999.0000 99999.0000 ********** ********** 99999.0000
21.3471 99999.0000 99999.0000 99999.0000 ********** ********** 99999.0000
21.3744 99999.0000 99999.0000 99999.0000 ********** ********** 99999.0000
21.4018 1.0003 1.0001 0.9994 -0.0004 0.0000 -0.0000
21.4291 1.0005 1.0001 0.9994 -0.0004 0.0000 -0.0000
21.4564 1.0005 1.0004 0.9994 -0.0004 0.0000 -0.0000
21.4838 1.0003 1.0003 0.9994 -0.0004 0.0000 -0.0000
21.5111 1.0005 1.0004 0.9994 -0.0004 0.0000 -0.0000
21.5384 1.0003 1.0003 0.9994 -0.0004 0.0000 -0.0000
21.5658 1.0001 1.0004 0.9994 -0.0004 0.0000 -0.0000
21.5931 1.0001 1.0004 0.9994 -0.0004 0.0000 -0.0000
21.6204 1.0003 1.0002 0.9994 -0.0004 0.0000 -0.0000
21.6478 1.0003 1.0002 0.9994 -0.0004 0.0000 -0.0000
21.6751 99999.0000 99999.0000 99999.0000 ********** ********** 99999.0000
21.7024 99999.0000 99999.0000 99999.0000 ********** ********** 99999.0000
21.7298 99999.0000 99999.0000 99999.0000 ********** ********** 99999.0000
21.7571 99999.0000 99999.0000 99999.0000 ********** ********** 99999.0000
21.7844 99999.0000 99999.0000 99999.0000 ********** ********** 99999.0000
21.8118 99999.0000 99999.0000 99999.0000 ********** ********** 99999.0000
21.8391 1.0003 1.0002 0.9994 -0.0005 0.0000 -0.0000
21.8664 1.0002 1.0001 0.9994 -0.0004 0.0000 -0.0000
21.8938 1.0005 1.0004 0.9994 -0.0004 0.0000 -0.0000
21.9211 1.0003 1.0004 0.9994 -0.0004 0.0000 -0.0000
21.9484 1.0004 1.0004 0.9994 -0.0004 0.0000 -0.0000
21.9757 1.0003 1.0004 0.9994 -0.0004 0.0000 -0.0000
22.0031 1.0002 1.0004 0.9994 -0.0004 0.0000 -0.0000
22.0304 1.0001 1.0004 0.9994 -0.0004 0.0000 -0.0000
22.0577 1.0003 1.0002 0.9994 -0.0004 0.0000 -0.0000
22.0851 1.0003 1.0002 0.9994 -0.0003 0.0000 -0.0000
22.1124 99999.0000 99999.0000 99999.0000 ********** ********** 99999.0000
22.1397 99999.0000 99999.0000 99999.0000 ********** ********** 99999.0000
22.1671 99999.0000 99999.0000 99999.0000 ********** ********** 99999.0000
22.1944 99999.0000 99999.0000 99999.0000 ********** ********** 99999.0000
22.2217 99999.0000 99999.0000 99999.0000 ********** ********** 99999.0000
22.2491 99999.0000 99999.0000 99999.0000 ********** ********** 99999.0000
22.2764 1.0004 1.0001 0.9994 -0.0005 -0.0000 -0.0000
22.3037 1.0003 1.0002 0.9994 -0.0005 0.0000 -0.0000
22.3311 1.0004 1.0004 0.9994 -0.0003 0.0000 -0.0000
22.3584 1.0003 1.0004 0.9994 -0.0003 0.0000 -0.0000
22.3857 1.0004 1.0004 0.9994 -0.0003 0.0000 -0.0000
22.4131 1.0003 1.0004 0.9994 -0.0003 0.0000 -0.0000
22.4404 1.0002 1.0005 0.9994 -0.0003 0.0000 -0.0000
22.4677 1.0001 1.0005 0.9994 -0.0003 0.0000 -0.0000
22.4951 1.0003 1.0002 0.9994 -0.0003 0.0000 -0.0000
22.5224 1.0003 1.0002 0.9994 -0.0003 0.0000 -0.0000
22.5497 99999.0000 99999.0000 99999.0000 ********** ********** 99999.0000
22.5771 99999.0000 99999.0000 99999.0000 ********** ********** 99999.0000
22.6044 99999.0000 99999.0000 99999.0000 ********** ********** 99999.0000
22.6317 99999.0000 99999.0000 99999.0000 ********** ********** 99999.0000
22.6591 99999.0000 99999.0000 99999.0000 ********** ********** 99999.0000
22.6864 99999.0000 99999.0000 99999.0000 ********** ********** 99999.0000
22.7137 1.0005 1.0001 0.9994 -0.0004 0.0000 -0.0000
22.7411 1.0005 1.0001 0.9994 -0.0004 -0.0000 -0.0000
22.7684 1.0004 1.0005 0.9994 -0.0003 0.0000 -0.0000
22.7957 1.0003 1.0004 0.9994 -0.0003 0.0000 -0.0000
22.8231 1.0003 1.0005 0.9994 -0.0003 0.0000 -0.0000
22.8504 1.0003 1.0005 0.9994 -0.0003 0.0000 -0.0000
22.8777 1.0002 1.0005 0.9994 -0.0003 0.0000 -0.0000
22.9051 1.0002 1.0005 0.9994 -0.0003 0.0000 -0.0000
22.9324 1.0003 1.0002 0.9994 -0.0003 0.0000 -0.0000
22.9597 1.0003 1.0002 0.9994 -0.0003 0.0000 -0.0000
22.9871 99999.0000 99999.0000 99999.0000 ********** ********** 99999.0000
23.0144 99999.0000 99999.0000 99999.0000 ********** ********** 99999.0000
23.0417 99999.0000 99999.0000 99999.0000 ********** ********** 99999.0000
23.0691 99999.0000 99999.0000 99999.0000 ********** ********** 99999.0000
23.0964 99999.0000 99999.0000 99999.0000 ********** ********** 99999.0000
23.1237 99999.0000 99999.0000 99999.0000 ********** ********** 99999.0000
23.1511 1.0003 1.0000 0.9995 -0.0003 0.0000 -0.0000
23.1784 1.0003 1.0000 0.9995 -0.0004 0.0000 -0.0000
23.2057 1.0004 1.0005 0.9995 -0.0003 0.0000 -0.0000
23.2331 1.0003 1.0005 0.9995 -0.0003 0.0000 -0.0000
23.2604 1.0003 1.0005 0.9995 -0.0003 0.0000 -0.0000
23.2877 1.0003 1.0005 0.9995 -0.0003 0.0000 -0.0000
23.3151 1.0002 1.0006 0.9995 -0.0003 0.0000 -0.0000
23.3424 1.0002 1.0006 0.9995 -0.0003 0.0000 -0.0000
23.3697 1.0003 1.0003 0.9995 -0.0003 0.0000 -0.0000
23.3971 1.0003 1.0003 0.9995 -0.0003 0.0000 -0.0000
23.4244 99999.0000 99999.0000 99999.0000 ********** ********** 99999.0000
23.4517 99999.0000 99999.0000 99999.0000 ********** ********** 99999.0000
23.4791 99999.0000 99999.0000 99999.0000 ********** ********** 99999.0000
23.5064 99999.0000 99999.0000 99999.0000 ********** ********** 99999.0000
23.5337 99999.0000 99999.0000 99999.0000 ********** ********** 99999.0000
23.5611 99999.0000 99999.0000 99999.0000 ********** ********** 99999.0000
23.5884 1.0003 1.0000 0.9995 -0.0003 0.0000 -0.0000
23.6157 1.0004 1.0001 0.9995 -0.0003 0.0000 -0.0000
23.6431 1.0003 1.0005 0.9995 -0.0003 0.0000 -0.0000
23.6704 1.0003 1.0004 0.9995 -0.0003 0.0000 -0.0000
23.6977 1.0003 1.0004 0.9995 -0.0003 0.0000 -0.0000
23.7251 1.0003 1.0004 0.9995 -0.0003 0.0000 -0.0000
23.7524 1.0002 1.0004 0.9995 -0.0003 0.0000 -0.0000
23.7797 1.0002 1.0004 0.9995 -0.0003 0.0000 -0.0000
23.8071 1.0003 1.0003 0.9995 -0.0003 0.0000 -0.0000
23.8344 1.0003 1.0003 0.9995 -0.0003 0.0000 -0.0000
23.8617 99999.0000 99999.0000 99999.0000 ********** ********** 99999.0000
23.8891 99999.0000 99999.0000 99999.0000 ********** ********** 99999.0000
23.9164 99999.0000 99999.0000 99999.0000 ********** ********** 99999.0000
23.9437 99999.0000 99999.0000 99999.0000 ********** ********** 99999.0000
23.9711 99999.0000 99999.0000 99999.0000 ********** ********** 99999.0000
23.9984 99999.0000 99999.0000 99999.0000 ********** ********** 99999.0000
24.0257 1.0003 1.0001 0.9995 -0.0003 0.0000 -0.0000
24.0531 1.0004 1.0001 0.9995 -0.0003 0.0000 -0.0000
24.0804 1.0003 1.0007 0.9995 -0.0003 0.0000 -0.0000
24.1077 1.0003 1.0007 0.9995 -0.0003 0.0000 -0.0000
24.1351 1.0003 1.0007 0.9995 -0.0003 0.0000 -0.0000
24.1624 1.0003 1.0007 0.9995 -0.0003 0.0000 -0.0000
24.1897 1.0002 1.0007 0.9995 -0.0003 0.0000 -0.0000
24.2171 1.0002 1.0007 0.9995 -0.0003 0.0000 -0.0000
24.2444 1.0003 1.0003 0.9995 -0.0003 0.0000 -0.0000
24.2717 1.0003 1.0002 0.9995 -0.0003 0.0000 -0.0000
24.2991 99999.0000 99999.0000 99999.0000 ********** ********** 99999.0000
24.3264 99999.0000 99999.0000 99999.0000 ********** ********** 99999.0000
24.3537 99999.0000 99999.0000 99999.0000 ********** ********** 99999.0000
24.3811 99999.0000 99999.0000 99999.0000 ********** ********** 99999.0000
24.4084 99999.0000 99999.0000 99999.0000 ********** ********** 99999.0000
24.4357 99999.0000 99999.0000 99999.0000 ********** ********** 99999.0000
24.4631 1.0002 1.0001 0.9995 -0.0003 0.0000 -0.0000
24.4904 1.0002 1.0001 0.9995 -0.0003 0.0000 -0.0000
24.5177 1.0003 0.9986 0.9995 -0.0003 0.0000 -0.0000
24.5451 1.0003 0.9982 0.9995 -0.0003 0.0000 -0.0000
24.5724 1.0003 0.9978 0.9995 -0.0003 0.0000 -0.0000
24.5997 1.0003 0.9973 0.9995 -0.0003 0.0000 -0.0000
24.6271 1.0002 0.9967 0.9995 -0.0003 0.0000 -0.0000
24.6544 1.0002 0.9963 0.9995 -0.0003 0.0000 -0.0000
24.6817 1.0003 0.9981 0.9995 -0.0003 0.0000 -0.0000
24.7091 1.0003 0.9981 0.9995 -0.0003 0.0000 -0.0000
24.7364 99999.0000 99999.0000 99999.0000 ********** ********** 99999.0000
24.7637 99999.0000 99999.0000 99999.0000 ********** ********** 99999.0000
24.7911 99999.0000 99999.0000 99999.0000 ********** ********** 99999.0000
24.8184 99999.0000 99999.0000 99999.0000 ********** ********** 99999.0000
24.8457 99999.0000 99999.0000 99999.0000 ********** ********** 99999.0000
24.8730 99999.0000 99999.0000 99999.0000 ********** ********** 99999.0000
24.9004 1.0004 1.0001 0.9995 -0.0002 -0.0000 -0.0000
24.9277 1.0003 1.0001 0.9995 -0.0002 -0.0000 -0.0000
24.9550 1.0003 0.9977 0.9995 -0.0003 0.0000 -0.0000
24.9824 1.0003 0.9980 0.9995 -0.0003 0.0000 -0.0000
25.0097 1.0003 0.9981 0.9995 -0.0003 0.0000 -0.0000
25.0370 1.0003 0.9983 0.9995 -0.0003 0.0000 -0.0000
25.0644 1.0002 0.9983 0.9995 -0.0003 0.0000 -0.0000
25.0917 1.0002 0.9984 0.9995 -0.0003 0.0000 -0.0000
25.1190 1.0003 0.9993 0.9995 -0.0003 0.0000 -0.0000
25.1464 1.0003 0.9994 0.9995 -0.0003 0.0000 -0.0000
25.1737 99999.0000 99999.0000 99999.0000 ********** ********** 99999.0000
25.2010 99999.0000 99999.0000 99999.0000 ********** ********** 99999.0000
25.2284 99999.0000 99999.0000 99999.0000 ********** ********** 99999.0000
25.2557 99999.0000 99999.0000 99999.0000 ********** ********** 99999.0000
25.2830 99999.0000 99999.0000 99999.0000 ********** ********** 99999.0000
25.3104 99999.0000 99999.0000 99999.0000 ********** ********** 99999.0000
25.3377 1.0004 1.0000 0.9996 -0.0002 0.0000 -0.0000
25.3650 1.0005 1.0000 0.9995 -0.0002 0.0000 -0.0000
25.3924 1.0003 0.9992 0.9996 -0.0003 0.0000 -0.0000
25.4197 1.0003 0.9992 0.9996 -0.0003 0.0000 -0.0000
25.4470 1.0003 0.9992 0.9996 -0.0003 0.0000 -0.0000
25.4744 1.0003 0.9993 0.9996 -0.0003 0.0000 -0.0000
25.5017 1.0002 0.9993 0.9996 -0.0003 0.0000 -0.0000
25.5290 1.0002 0.9993 0.9996 -0.0003 0.0000 -0.0000
25.5564 1.0003 0.9997 0.9996 -0.0003 0.0000 -0.0000
25.5837 1.0003 0.9997 0.9996 -0.0003 0.0000 -0.0000
25.6110 99999.0000 99999.0000 99999.0000 ********** ********** 99999.0000
25.6384 99999.0000 99999.0000 99999.0000 ********** ********** 99999.0000
25.6657 99999.0000 99999.0000 99999.0000 ********** ********** 99999.0000
25.6930 99999.0000 99999.0000 99999.0000 ********** ********** 99999.0000
25.7204 99999.0000 99999.0000 99999.0000 ********** ********** 99999.0000
25.7477 99999.0000 99999.0000 99999.0000 ********** ********** 99999.0000
25.7750 1.0001 1.0000 0.9996 -0.0002 0.0000 -0.0000
25.8024 1.0002 0.9999 0.9996 -0.0002 0.0000 -0.0000
25.8297 1.0003 0.9995 0.9996 -0.0003 0.0000 -0.0000
25.8570 1.0002 0.9996 0.9996 -0.0003 0.0000 -0.0000
25.8844 1.0003 0.9995 0.9996 -0.0003 0.0000 -0.0000
25.9117 1.0003 0.9996 0.9996 -0.0003 0.0000 -0.0000
25.9390 1.0002 0.9995 0.9996 -0.0003 0.0000 -0.0000
25.9664 1.0002 0.9996 0.9996 -0.0003 0.0000 -0.0000
25.9937 1.0002 0.9998 0.9996 -0.0003 0.0000 -0.0000
26.0210 1.0003 0.9998 0.9996 -0.0003 0.0000 -0.0000
26.0484 99999.0000 99999.0000 99999.0000 ********** ********** 99999.0000
26.0757 99999.0000 99999.0000 99999.0000 ********** ********** 99999.0000
26.1030 99999.0000 99999.0000 99999.0000 ********** ********** 99999.0000
26.1304 99999.0000 99999.0000 99999.0000 ********** ********** 99999.0000
26.1577 99999.0000 99999.0000 99999.0000 ********** ********** 99999.0000
26.1850 99999.0000 99999.0000 99999.0000 ********** ********** 99999.0000
26.2124 1.0002 1.0000 0.9996 -0.0003 0.0000 -0.0000
26.2397 1.0002 1.0000 0.9996 -0.0003 0.0000 -0.0000
26.2670 1.0003 0.9997 0.9996 -0.0002 0.0000 -0.0000
26.2944 1.0002 0.9997 0.9996 -0.0002 0.0000 -0.0000
26.3217 1.0002 0.9997 0.9996 -0.0002 0.0000 -0.0000
26.3490 1.0002 0.9997 0.9996 -0.0002 0.0000 -0.0000
26.3764 1.0002 0.9997 0.9996 -0.0002 0.0000 -0.0000
26.4037 1.0002 0.9997 0.9996 -0.0002 0.0000 -0.0000
26.4310 1.0002 0.9999 0.9996 -0.0002 0.0000 -0.0000
26.4584 1.0002 0.9999 0.9996 -0.0002 0.0000 -0.0000
26.4857 99999.0000 99999.0000 99999.0000 ********** ********** 99999.0000
26.5130 99999.0000 99999.0000 99999.0000 ********** ********** 99999.0000
26.5404 99999.0000 99999.0000 99999.0000 ********** ********** 99999.0000
26.5677 99999.0000 99999.0000 99999.0000 ********** ********** 99999.0000
26.5950 99999.0000 99999.0000 99999.0000 ********** ********** 99999.0000
26.6224 99999.0000 99999.0000 99999.0000 ********** ********** 99999.0000
26.6497 1.0003 0.9999 0.9996 -0.0002 0.0000 -0.0000
26.6770 1.0002 1.0000 0.9996 -0.0002 0.0000 -0.0000
26.7044 1.0002 0.9998 0.9996 -0.0002 0.0000 -0.0000
26.7317 1.0002 0.9998 0.9996 -0.0002 0.0000 -0.0000
26.7590 1.0002 0.9998 0.9996 -0.0002 0.0000 -0.0000
26.7864 1.0002 0.9998 0.9996 -0.0002 0.0000 -0.0000
26.8137 1.0002 0.9998 0.9996 -0.0002 0.0000 -0.0000
26.8410 1.0002 0.9998 0.9996 -0.0002 0.0000 -0.0000
26.8684 1.0002 0.9999 0.9996 -0.0002 0.0000 -0.0000
26.8957 1.0002 0.9999 0.9996 -0.0002 0.0000 -0.0000
26.9230 99999.0000 99999.0000 99999.0000 ********** ********** 99999.0000
26.9504 99999.0000 99999.0000 99999.0000 ********** ********** 99999.0000
26.9777 99999.0000 99999.0000 99999.0000 ********** ********** 99999.0000
27.0050 99999.0000 99999.0000 99999.0000 ********** ********** 99999.0000
27.0324 99999.0000 99999.0000 99999.0000 ********** ********** 99999.0000
27.0597 99999.0000 99999.0000 99999.0000 ********** ********** 99999.0000
27.0870 1.0003 1.0000 0.9996 -0.0002 0.0000 -0.0000
27.1144 1.0003 1.0001 0.9996 -0.0002 0.0000 -0.0000
27.1417 1.0002 0.9998 0.9996 -0.0002 0.0000 -0.0000
27.1690 1.0002 0.9998 0.9996 -0.0002 0.0000 -0.0000
27.1964 1.0002 0.9998 0.9996 -0.0002 0.0000 -0.0000
27.2237 1.0002 0.9998 0.9996 -0.0002 0.0000 -0.0000
27.2510 1.0002 0.9998 0.9996 -0.0002 0.0000 -0.0000
27.2784 1.0002 0.9998 0.9996 -0.0002 0.0000 -0.0000
27.3057 1.0002 0.9999 0.9996 -0.0002 0.0000 -0.0000
