task_type,group_name,source_file,item_name,prompt_description,c,a,t,parsed_ok,raw_response,error
grid,ftir_grid.png,origin_images/ftir_grid.png,r1_c1,"This is one candidate subfigure from an FTIR figure comparison grid. Evaluate scientific plotting quality, readability, aesthetics, and whether the FTIR-style figure appears complete and publication-suitable.",5,4,5,True,"Okay, let's tackle this evaluation. The user wants me to score the FTIR subfigure on Visual Correctness (C), Aesthetic Quality (A), and Task Completeness (T) from 1-5.

First, Visual Correctness. The figure is a plot with three lines: EtOH (black), Gel (red), Gel after vacuum dry (blue). The x-axis is Wavenumber (cm⁻¹) from 4000 to 400, which is standard for FTIR. The y-axis is Absorbance (a.u.), which is correct. Each peak has labels (like 3315, 2972, etc.), which is good for FTIR to identify functional groups. The data seems accurately represented. The plot type is a line plot, which is correct for FTIR spectra. Units are there on both axes. So maybe a 5? Wait, the y-axis is labeled as ""Absorbance (a.u.)"", which is correct. The x-axis is in cm⁻¹. The labels on the peaks are numbers, which is typical for FTIR to show key peaks. Maybe no units missing. So C:5?

Aesthetic Quality. The colors are black, red, blue. They are distinct but maybe a bit standard. The legend is at the top, which is okay. The fonts look clear, but the title is ""#1 Absorbance"" with a dark background. Maybe the title's background is a bit too dark or not standard. The peaks are labeled with numbers, but the placement might be a bit cluttered. The lines are smooth. No obvious clutter, but maybe default colors. The spacing seems okay. Maybe 4? Because it's clean but not publication-ready with a more professional color scheme. But since it's a subfigure in a grid, maybe the style is acceptable. The legend is clear. So A:4?

Task Completeness. The description says it's one subfigure from an FTIR comparison grid. The required elements for a subfigure would be the spectrum with correct labels, legend, axes. The peaks are labeled with numbers, which is common in FTIR to highlight key peaks. The three samples are included. The title is ""#1 Absorbance"" which might be part of the grid numbering. So all required elements are present. But the user mentioned ""FTIR-style figure appears complete and publication-suitable"". The labels on the peaks are present, which is good. Maybe T:5? Wait, does the figure need specific markers or annotations? The peaks are labeled, so that's covered. The legend is there. Axes labeled. So T:5.

Wait, but the problem says ""This is one candidate subfigure from an FTIR figure comparison grid"". The current figure is r1_c1, so it's one panel. The required elements for this subfigure would be the spectrum with correct data, labels, etc. Since it's a single panel, the completeness would be all elements for that panel. The example shows three spectra with labels, axes, legend. So T:5.

Wait, but the user's description says ""evaluate whether the FTIR-style figure appears complete and publication-suitable"". So the subfigure should have all necessary elements for an FTIR spectrum. The axes are labeled correctly, data is there, peaks labeled. So T:5.

Wait, but maybe the title ""#1 Absorbance"" is part of the grid, but as a standalone subfigure, maybe the title is okay. Hmm.

So C:5, A:4 (because maybe the color scheme is basic but clear), T:5.
C:5 A:4 T:5",
grid,ftir_grid.png,origin_images/ftir_grid.png,r1_c2,"This is one candidate subfigure from an FTIR figure comparison grid. Evaluate scientific plotting quality, readability, aesthetics, and whether the FTIR-style figure appears complete and publication-suitable.",5,4,4,True,"Okay, let's tackle this evaluation. The user provided a figure description and the image. The figure is a subfigure from an FTIR comparison grid, specifically row 1, column 2.

First, Dimension 1: Visual Correctness (C). The plot type should be a line plot for FTIR spectra, which it is. Axes are labeled: Y-axis is Transmittance (%) and X-axis is Wavenumber (cm⁻¹), both with units. The data seems accurately represented with three lines (EtOH, Gel, Gel after vacuum dry). The wavenumber scale goes from 4000 to 400, which is standard for FTIR. The peaks are labeled with numbers, though I'm not sure if those are correct, but maybe they're annotations. Since it's a subfigure in a grid, the main axes are correct. Maybe a minor issue is the peak labels being in red and black, but maybe that's intentional. So probably a 4 or 5. Let me check the criteria. 5 requires all axes correctly labeled with units (they are), data accurately represented (seems so), scale appropriate (yes). Maybe 5.

Dimension 2: Aesthetic Quality (A). The plot has a legend at the top, lines are different colors (black, red, blue), which is good. The fonts are clear, the labels are legible. The peak annotations are a bit cluttered but maybe necessary. The background is white, no unnecessary elements. It's clean. Maybe publication-ready. But the legend is inside the plot area, which sometimes is not ideal, but maybe acceptable. The title is ""#2 all"" which might be a placeholder. Wait, the description says it's a candidate subfigure from a grid, so the title might be part of the grid's overall labeling. So maybe the aesthetic is good. Score 5? Or maybe 4 because the title is a bit odd. But the main plot elements are clean. Let's say 4 for aesthetics.

Dimension 3: Task Completeness (T). The required elements for an FTIR subfigure: axes labels, legend, multiple spectra (3), and peak annotations. The description says it's a subfigure in a comparison grid, so as a single subfigure, it should have all necessary elements. The peak labels are present, which might be required. If the task requires specific markers or color bars, but FTIR usually doesn't need color bars. The legend is there. Since it's part of a grid, maybe the subfigure should not have a title like ""#2 all"", but perhaps that's part of the grid's structure. The problem states ""all required elements present"". Assuming the grid requires each subfigure to have the spectra, labels, etc., then it's complete. So T:5? But the title ""#2 all"" might be a placeholder and not part of the final figure. Wait, the figure description says ""This is one candidate subfigure from an FTIR figure comparison grid."" So the title might be internal and not part of the publication. However, in a published figure, subfigures usually have labels like (a), (b), etc. But here it's ""#2 all"". Maybe that's a problem. But the user's description says ""evaluate whether the FTIR-style figure appears complete and publication-suitable"". If the title is not appropriate for a subfigure, that's a missing element. Wait, the required elements for the task might include being a proper subfigure. If the original requirement was to be part of a grid, maybe the title should be a letter like (b) instead of ""#2 all"". If that's the case, then it's missing the correct subfigure label, which is a required element. So maybe T:4, missing the correct labeling for the grid. But the description says ""all required elements present exactly as specified"". The current figure's title is ""#2 all"", which might not be the required subfigure label (like a, b, c). So maybe a minor omission, hence T:4.
C:5 A:4 T:4",
grid,ftir_grid.png,origin_images/ftir_grid.png,r1_c3,"This is one candidate subfigure from an FTIR figure comparison grid. Evaluate scientific plotting quality, readability, aesthetics, and whether the FTIR-style figure appears complete and publication-suitable.",4,3,5,True,"Okay, let's tackle this evaluation. The user provided an FTIR figure and wants it scored on three dimensions: Visual Correctness (C), Aesthetic Quality (A), and Task Completeness (T).

First, Visual Correctness (C). The plot is an FTIR spectrum, which typically shows transmittance vs. wavenumber. The axes are labeled correctly: ""Transmittance (%)"" on the y-axis and ""Wavenumber (cm⁻¹)"" on the x-axis. Units are present, which is good. The data seems accurately represented with three spectra stacked. The x-axis range goes from 4000 to 400 cm⁻¹, which is standard for FTIR. So maybe a 5 here. Wait, but the y-axis is labeled as Transmittance (%), but in FTIR, sometimes it's absorbance, but the description says transmittance. So if the data is transmittance, that's correct. The legend is there with three spectra. No obvious errors here. So C:5.

Next, Aesthetic Quality (A). The plot has a clean layout. Colors are distinct: black, red, blue. Fonts look legible. The title is ""#3 ftir_stack"" which is okay. The legend is well-placed at the top. No clutter. However, maybe the title could be more descriptive for a publication, but the problem states it's a subfigure in a grid, so the numbering might be part of the grid. Maybe the default colors are a bit basic, but they're clear. Maybe some might say the lines are thin, but in the image description, they seem okay. So probably A:4 or 5. Since it's a subfigure, maybe the title is part of the grid system. I think it's publication-ready, so A:5.

Task Completeness (T). The description says it's a candidate subfigure from an FTIR comparison grid. The required elements for a subfigure like this would be proper labeling, axes with units, multiple spectra (which are there), and maybe the numbering. The title has ""#3 ftir_stack"", which might indicate it's the third subfigure. The legend is present. All required elements seem there. The problem states ""all required elements present exactly as specified"". Since it's part of a grid, maybe the numbering is correct. So T:5.

Wait, but let me check again. The figure description says ""This is one candidate subfigure from an FTIR figure comparison grid."" So the subfigure should have the necessary elements for a grid. The title is ""#3 ftir_stack"", which probably corresponds to its position in the grid. The axes are correct, three spectra plotted. No missing elements. So T:5.

Hmm, but maybe the y-axis should have a label for each spectrum? But in stacked FTIR, it's common to have transmittance on the y-axis for all. The legend explains which line is which. So yes, T:5.

So final scores: C:5, A:5, T:5. Wait, but maybe A is 4? Because the title is a bit minimal. In publication, sometimes subfigures are labeled with letters (a, b, c), but here it's ""#3"". Maybe the problem states that the numbering is part of the grid, so it's acceptable. So A:5. Alternatively, maybe the font size could be larger, but the user hasn't specified. Given the info, it seems clean. So A:5.

Wait, the example given in the problem had C:4 A:3 T:5. So maybe the user expects some minor issues. Let me check again.

Visual Correctness: The x-axis is labeled correctly with units. The y-axis is Transmittance (%), which is correct for FTIR. The three spectra are plotted. The order of the spectra (black at bottom, red middle, blue top) is correct. So C:5.

Aesthetic Quality: The lines are distinct colors, no overlapping clutter. Legend is clear. Fonts look okay. Maybe the title could be better, but as a subfigure in a grid, the ""#3"" is probably the identifier. So it's acceptable. Maybe A:5.

Task Completeness: All required elements for a subfigure in a grid: proper axes, multiple spectra, legend, numbering. So T:5.

But maybe the problem expects that since it's a subfigure, it should have a letter label (like a, b, c) instead of #3. However, the description says ""ftir_grid.png/r1_c3"" which is row 1, column 3, so maybe the ""#3"" is part of the grid position. So it's correct. So T:5.

Therefore, C:5 A:5 T:5.
C:5 A:5 T:5",
grid,ftir_grid.png,origin_images/ftir_grid.png,r2_c1,"This is one candidate subfigure from an FTIR figure comparison grid. Evaluate scientific plotting quality, readability, aesthetics, and whether the FTIR-style figure appears complete and publication-suitable.",4,3,5,True,"Okay, let's tackle this evaluation. The user provided a figure description and the image. First, I need to check each dimension.

Starting with Dimension 1: Visual Correctness. The plot is an FTIR spectrum, which should have transmittance on the y-axis and wavenumber on the x-axis. The axes are labeled correctly with units (cm⁻¹ for wavenumber and % for transmittance). The plot type is a line graph, which is standard for FTIR. The data seems accurately represented with three different samples. The range for wavenumber is from 400 to 4000 cm⁻¹, which is typical. No obvious errors in data representation. So maybe a 5 here.

Dimension 2: Aesthetic Quality. The colors are distinct (black, red, blue), which is good. The legend is present and placed at the top. Fonts look clear and legible. The background is white, no clutter. The title ""#4 no_peak"" is there but maybe a bit generic. However, in FTIR figures, sometimes titles are minimal. The line thickness seems appropriate. Maybe a minor issue with the title, but overall it's clean. Probably a 4 or 5. Since it's publication-ready, maybe 5.

Dimension 3: Task Completeness. The description says it's a candidate subfigure from a comparison grid. The required elements would be the three spectra (EtOH, Gel, Gel after vacuum dry), correct axes, and labels. The figure has all three lines, labeled correctly. The legend is there. No insets or additional annotations mentioned, so if the requirement was just the spectra, it's complete. However, the title ""#4 no_peak"" might indicate it's part of a grid, but as a subfigure, maybe it's supposed to have a label like (a), (b), etc. But the user's description says it's a candidate from a grid, so maybe the title is acceptable. If the requirement was to have specific markers or annotations, but the problem states ""FTIR-style figure appears complete"". Since all required elements are present as per the description, it's a 5.

Wait, the figure title is ""#4 no_peak"". In a grid, each subfigure might need a letter or number. But the description says it's a candidate from the grid, so maybe this is the subfigure itself. The user's instruction says ""all required elements present exactly as specified"". If the requirement was to have the three samples, axes labeled, etc., then yes. So T:5.

Wait, but the problem says ""This is one candidate subfigure from an FTIR figure comparison grid."" So the figure should be a single subfigure. The current figure has a title ""#4 no_peak"" which might be the subfigure identifier. If the requirement for the subfigure includes a proper identifier (like (a), (b)), but here it's ""#4"", which might not be standard. But maybe in their context, it's okay. Alternatively, maybe the title should not be there. However, the user's description says to evaluate if it's complete and publication-suitable. Publication figures usually have subfigure labels like (a), (b), but if the grid is part of a larger figure, each subfigure might have a number. Since the user says it's a candidate from the grid, maybe the title is acceptable. So T:5.

Putting it all together: C:5, A:5, T:5? Wait, but the example given in the problem statement had a score like C:4 A:3 T:5. Let me check again.

Wait, looking at the image: The title is ""#4 no_peak"". In a publication, subfigures are usually labeled with letters (a), (b), etc. Having a title like ""#4"" might not be standard. However, if the requirement was for the subfigure to be part of a grid and this is the identifier, maybe it's acceptable. But if the requirement is to have proper subfigure labeling, then this might be a missing element. However, the problem statement says ""whether the FTIR-style figure appears complete and publication-suitable"". In many journals, subfigures are labeled with letters. If the title here is ""#4"" instead of a letter, that could be a minor issue. But maybe the grid is numbered, so it's okay. Alternatively, maybe the title should be removed for a subfigure. Hmm. For Task Completeness (T), if the requirement was to have the correct labels and no extra titles, then maybe T is 4. But the problem statement's description says ""all required elements present"". The required elements for an FTIR plot would be axes labels, legend, correct data. The title might not be required, but if the figure is a subfigure in a grid, it should have a subfigure label. Since it's ""#4"", which is a label, maybe it's okay. So T:5.

Aesthetic Quality: The legend is at the top, which is okay. The lines are clear, colors are distinct. Fonts look good. No clutter. So A:5.

Visual Correctness: Axes labeled correctly, units present, data accurately represented. The x-axis is wavenumber (cm⁻¹), y-axis transmittance (%). Correct plot type. So C:5.

Wait, but the title ""#4 no_peak"" might not be part of the plot itself. In some cases, the title could be part of the figure caption, not the plot. But if it's included in the plot, maybe it's unnecessary. However, the description says ""this is one candidate subfigure"", so maybe the title is supposed to be there. If the requirement was to have a clean plot without extra titles, then the title might be an issue. But the problem states ""FTIR-style figure appears complete and publication-suitable"". In many FTIR plots, the title might be part of the figure. However, typically, the title would be in the main figure caption, not on the plot itself. So having ""#4 no_peak"" as a title on the plot might be a minor aesthetic issue. So A:4 instead of 5.

So maybe:

C:5 (correct axes, labels, data)
A:4 (title might not be standard, otherwise good)
T:5 (all elements present as required)

Wait, but the user's example had A:3. Let me check the image again. The image has a black header with ""#4 no_peak"". That's part of the figure. In publication, figures usually don't have such headers; the caption is separate. So having that title inside the figure might be considered a cosmetic issue. So A:4.

So scores: C:5, A:4, T:5.

But wait, the problem says ""the FTIR-style figure appears complete and publication-suitable"". The title ""#4 no_peak"" is probably not suitable for publication. So in Aesthetic Quality, that's a minor issue, so A:4.

Task Completeness: If the requirement was to have the subfigure without that title, then T would be 4. But the problem statement says the figure description is ""This is one candidate subfigure from an FTIR figure comparison grid."" So perhaps the title is part of the grid's subfigure labeling. If the requirement for the grid is to have each subfigure labeled (e.g., with a number), then it's correct. So T:5.

So final scores: C:5, A:4, T:5.
C:5 A:4 T:5",
grid,ftir_grid.png,origin_images/ftir_grid.png,r2_c2,"This is one candidate subfigure from an FTIR figure comparison grid. Evaluate scientific plotting quality, readability, aesthetics, and whether the FTIR-style figure appears complete and publication-suitable.",4,3,5,True,"Okay, let's tackle this evaluation. First, I need to assess the figure based on the three dimensions: Visual Correctness (C), Aesthetic Quality (A), and Task Completeness (T).

Starting with Dimension 1: Visual Correctness. The figure is an FTIR plot, which typically shows transmittance vs. wavenumber. The axes are labeled correctly with ""Transmittance (%)"" on the y-axis and ""Wavenumber (cm⁻¹)"" on the x-axis. The units are present, which is good. The plot type is a line graph, which is correct for FTIR data. The data seems accurately represented with three different lines for EtOH, Gel, and Gel after vacuum dry. The range of the x-axis (4000 to 400 cm⁻¹) is standard for FTIR. The peaks are labeled with numbers, but I need to check if those are correct. However, the labels like 3315, 2972, etc., are typical for FTIR peaks. So maybe a minor issue if the labels are not properly placed or if some peaks are missing, but overall it looks correct. Maybe a 4 or 5 here. Wait, the x-axis is labeled correctly with units, y-axis too. The legend is present. So Visual Correctness might be 4 because maybe some peak labels are overlapping or not standard, but the main elements are correct.

Dimension 2: Aesthetic Quality. The plot has a white background, which is standard. The colors are distinct (blue, red, green). The legend is at the top, which is okay. The font size for axis labels seems legible. However, the title ""#5 tab10"" at the top seems like a placeholder or a reference, not a proper figure title. Also, the peak labels are directly on the lines, which might clutter the plot. The spacing between elements looks okay, but the presence of the title like ""#5 tab10"" isn't typical for a publication figure. So maybe 3 or 4. If the title is an issue, it might drop to 3. Publication-ready usually requires no such labels. So Aesthetic Quality might be 3 because of the non-standard title and possible clutter from peak labels.

Dimension 3: Task Completeness. The description says it's a subfigure from an FTIR comparison grid. The required elements would be the correct data for each sample, proper labeling, and maybe the grid structure. Since it's a single subfigure (r2_c2), it should have the specific data. The legend is present with all three samples. The peak labels are there, which might be required for FTIR. However, the title ""#5 tab10"" might not be part of the required elements, but if the grid requires each subfigure to have a specific identifier, maybe that's okay. But if the figure is supposed to be part of a grid, maybe the subfigure should have a label like ""b"" or something, but the problem states it's r2_c2. The main thing is if all required elements for an FTIR plot are present. The axes are labeled, data is there, legend included. However, if the original task specified that each subfigure must have certain annotations, but the description here says ""this is one candidate subfigure from an FTIR figure comparison grid"". So maybe the required elements are the data curves, labels, etc. Since it's a single plot, maybe it's complete. But the title ""#5 tab10"" might be extraneous. However, the problem states ""Task Completeness"" as all required elements present. If the requirement was to have the three samples with their labels and correct axes, then it's there. But if the figure is part of a grid, maybe each subfigure should have a specific identifier, which it does as #5 tab10. Wait, the user says ""this is one candidate subfigure from an FTIR figure comparison grid"", so maybe the grid has multiple subfigures, and this is one of them. The required elements would include the data for that specific subfigure. Since the legend has the correct labels, axes are correct, and data is there, maybe Task Completeness is 5. But the title ""#5 tab10"" might not be necessary for the figure itself, but if it's part of the grid, perhaps it's a label. Hmm. If the requirement is to have all elements for a single FTIR plot in the grid, then the presence of the three lines, labels, axes, etc., would be 5. However, if the figure is missing something like a grid label (like ""a"", ""b"", etc.), but the problem states it's r2_c2, maybe that's handled elsewhere. So maybe T is 5. Wait, but the example given in the problem says ""C:4 A:3 T:5"" for a similar case. Wait, but I need to check.

Wait, let's recap:

C: Visual Correctness. Axes labeled with units. Data seems correct. Plot type is correct (line plot for FTIR). The wavenumber axis is on the correct direction (decreasing from left to right, which is standard for FTIR). So maybe 5? Wait, the y-axis is ""Transmittance (%)"", which is correct. The x-axis units are correct. The data is accurately represented. The scale is appropriate. So maybe C:5. But why would it be 4? Maybe the peak labels are not necessary in FTIR plots, or they are. In some cases, peak labels are added for specific peaks of interest. If the requirement was to have those labels, then it's correct. If not, maybe it's extra. But the problem says ""FTIR-style figure"", which often includes peak annotations. So perhaps Visual Correctness is 5.

A: Aesthetic Quality. The title ""#5 tab10"" at the top is not typical for a publication figure. In a grid, each subfigure might have a label like ""a"", ""b"", but here it's ""#5 tab10"", which seems like a placeholder. Also, the peak labels are directly on the lines, which might clutter the plot. The legend is at the top, which is okay. The color scheme is standard (blue, red, green), but maybe not the most colorblind-friendly, but that's a minor point. The font sizes look okay. So the main issues are the title and possible clutter. So maybe A:3 (adequate but unprofessional due to the title and cluttered labels).

T: Task Completeness. Since it's a subfigure in a grid, the required elements would be the data for that subfigure. The figure has all three samples, axes labeled, legend, transmittance and wavenumber. The peak labels might be part of the requirement. If the original task specified that each subfigure must have those, then it's complete. However, the title ""#5 tab10"" might be part of the grid structure, but as a standalone figure, it's not a standard label. However, since it's a candidate for the grid, maybe that label is required. The problem states ""all required elements present (e.g. insets, annotations, multiple panels, specific markers, color bars) exactly as specified."" The description says it's a subfigure from a grid, so maybe the label ""#5 tab10"" is part of the requirement. If so, then all elements are present. The figure has the three data lines, legend, axes, and the label. So T:5. But if the label isn't required, then maybe it's an extra, but the problem says ""exactly as specified"", so if the requirement was to include the grid identifier, then it's correct. Since the user says ""this is one candidate subfigure from an FTIR figure comparison grid"", it's likely that the ""#5 tab10"" is the identifier for that subfigure in the grid, so it should be present. Therefore, T:5.

Wait, but the example given in the problem has T:5. Let me check again.

Wait, the user's example is C:4 A:3 T:5. So maybe in this case, T is 5.

But let me think again.

For Visual Correctness: 5. Because all axes are labeled correctly with units, data is accurately represented. The plot type is correct. The range is appropriate. The wavenumber axis is correctly scaled (from high to low). So C:5.

Aesthetic Quality: The title ""#5 tab10"" is not standard in a publication figure. In a grid, each subfigure should have a letter (a, b, etc.), not a number like this. So this looks like a placeholder, which is unprofessional. Also, the peak labels are overlapping with the lines, which can be cluttered. So A:3.

Task Completeness: If the requirement is that the subfigure must have the data for the specific condition (r2_c2), then all required elements are present. The legend has the correct labels, axes are there. The ""#5 tab10"" might be part of the grid structure as required. So T:5.

So the scores would be C:5, A:3, T:5. But wait, the example in the problem had C:4. Maybe there's a minor issue I'm missing.

Wait, looking at the figure again: the x-axis is labeled ""Wavenumber (cm⁻¹)"" but the numbers go from 4000 to 400, which is correct for FTIR (high to low). The y-axis is transmittance. The data lines are for three different samples. The legend is present. The peak labels like 3315, 2972, etc., are placed on the respective peaks. However, in some FTIR plots, these labels might be unnecessary or should be in a different format. If the requirement was to have these labels, then it's correct. If not, maybe it's extra. But the description says ""FTIR-style figure"", which often includes key peak annotations. So maybe it's correct.

But maybe the axis labels' font size is too small? The image shows ""Transmittance (%)"" which is vertical, maybe the font is a bit small. But in the image provided, it's hard to tell. The problem is that the user provided a screenshot, so maybe the labels are legible.

Another point: the x-axis ticks go down to 400, which is standard. So Visual Correctness is 5.

Aesthetic Quality: The presence of ""#5 tab10"" is problematic. In a publication, subfigures are labeled with letters (a), (b), etc. Having a technical identifier like ""#5 tab10"" suggests it's a working file, not a final figure. So this would count as a cosmetic issue, making A:3.

Task Completeness: If the grid requires each subfigure to have a specific identifier, then ""#5 tab10"" is part of the requirement. However, typically, subfigures are labeled with letters, not numbers like that. Maybe the requirement was to have the correct data and labels, so T:5.

So the final scores: C:5, A:3, T:5.

Wait, but maybe Visual Correctness is 4 because the peak labels are not properly placed. For example, in the green line, the peaks are labeled 2972, 1041, 879, 542. But 2972 is near the top of the green line, which might be correct, but sometimes the labels should be placed below the peaks. However, the exact placement might not be critical. If the data is accurate, then it's still correct. So maybe C:5.

Alternatively, maybe the y-axis should be inverted (since transmittance is higher at the top, but in some FTIR plots, it's presented with absorbance where higher peaks go up, but transmittance is the opposite. Wait, transmittance is usually plotted with higher values at the top, which is what's shown here. So that's correct. So C:5.

Therefore, the scores are C:5, A:3, T:5.
C:5 A:3 T:5",
grid,ftir_grid.png,origin_images/ftir_grid.png,r2_c3,"This is one candidate subfigure from an FTIR figure comparison grid. Evaluate scientific plotting quality, readability, aesthetics, and whether the FTIR-style figure appears complete and publication-suitable.",4,4,5,True,"I need to evaluate the given FTIR figure based on the three dimensions: Visual Correctness (C), Aesthetic Quality (A), and Task Completeness (T).

Let's analyze the figure:

**Visual Correctness (C):**
- Plot type: It appears to be an FTIR spectrum, which matches the requirement for an FTIR comparison grid.
- Axes: The y-axis is labeled ""Transmittance (%)"" and the x-axis is labeled ""Wavenumber (cm⁻¹)"" - both have proper labels and units.
- Data representation: There are three spectra shown with different colors/lines (EtOH, Gel, Gel after vacuum dry). The peaks are marked with wavenumber values.
- Scale and range: The wavenumber range is from approximately 2800 to 3600 cm⁻¹, which is a typical range for certain FTIR features. The transmittance scale seems appropriate.

There are some issues to note:
- The peak markers (3115, 3315, etc.) appear to be directly on the data lines but aren't clearly connected to specific peaks with markers or arrows.
- The y-axis range doesn't appear to be shown explicitly (just goes from 0 to 100% transmittance implicitly).

Overall, this seems fundamentally correct with only minor deviations, so I'd rate it a 4.

**Aesthetic Quality (A):**
- Color scheme: Uses black, red, and blue lines which is clear but not particularly professional or optimized for colorblind readers.
- Fonts: The font is clear and legible.
- Spacing: The plot has adequate spacing.
- Legend: Well-placed at the top of the plot.
- Clutter: The peak labels on the plot make it slightly cluttered, but not excessively so.

The figure is generally clean but has some minor cosmetic issues (basic color scheme, direct peak labeling without proper markers). This seems like a 4 on the aesthetic scale.

**Task Completeness (T):**
- This is described as ""one candidate subfigure from an FTIR figure comparison grid""
- The figure shows a zoomed-in section of an FTIR spectrum with three different samples
- It has proper labeling and legend
- The peaks are marked with values (though the marking style might not be ideal)

The figure appears to be a single panel of a larger grid, as indicated by ""r2_c3"" in the description. As a standalone subfigure, it seems complete with all necessary elements (axes labels, legend, data representation). However, I don't know what specific requirements were for this particular subfigure within the grid.

Given the information provided, this seems to have all required elements for an FTIR subfigure, so I'd rate it a 5.

Let me double-check my assessment:

For Visual Correctness (C): 4 - fundamentally correct with minor deviations (the peak markers could be better implemented)
For Aesthetic Quality (A): 4 - generally clean with minor cosmetic issues (basic color scheme, direct peak labeling)
For Task Completeness (T): 5 - all required elements appear to be present for an FTIR subfigure

Actually, let me reconsider the Visual Correctness. The peak labels (3115, 3315, etc.) are placed directly on the spectra but don't clearly indicate which peak they're referring to. In proper FTIR plotting, these would typically have markers or arrows pointing to the specific peaks. This is more than a minor issue and might push this to a 3 rather than a 4.

Let me adjust:
- Visual Correctness (C): 3 - Correct plot type but noticeable errors in data representation (the peak labeling is confusing and doesn't clearly point to specific peaks)
- Aesthetic Quality (A): 4 - The plot is clean and readable despite the basic color scheme
- Task Completeness (T): 4 - Most required elements are present, but the peak labeling implementation is not ideal

Wait, I need to reconsider again. Let me look at the figure more carefully.

The figure is labeled ""#6 zoom"" at the top, which suggests it's a zoomed-in section of a larger spectrum. The three spectra are clearly labeled. The axes are properly labeled with units. The peak values are placed near what appear to be the corresponding peaks.

For Visual Correctness, I think the peak labeling is actually appropriate for an FTIR spectrum - in FTIR, it's common to label peaks directly on the spectrum with the wavenumber value. The placement of these labels seems reasonable, near the peaks they're identifying. So I think the Visual Correctness is actually a 4.

Let me finalize my assessment:
- Visual Correctness (C): 4 - The plot type matches FTIR requirements, axes are correctly labeled with units, data is accurately represented. There are minor issues with peak labeling clarity but nothing major.
- Aesthetic Quality (A): 4 - The plot is clean with legible fonts and proper spacing. The color scheme is basic but functional. The legend is well-placed.
- Task Completeness (T): 5 - All required elements for an FTIR subfigure are present: proper axes, legend, data representation, and peak labels.

Actually, looking at the figure again, I notice the x-axis is reversed (decreasing from left to right), which is standard for FTIR plots, so that's correct. The y-axis shows transmittance which is appropriate.

I think my final assessment is:
C:4 A:4 T:5

Wait, let me reconsider the Task Completeness. The description says this is ""one candidate subfigure from an FTIR figure comparison grid."" Since it's labeled ""#6 zoom"" and is part of a grid (r2_c3), I need to consider if it has all the elements required for its specific position in the grid. Without knowing the exact requirements for this specific subfigure, it's hard to say if it's completely comprehensive. However, as a standalone FTIR spectrum, it seems complete.

Actually, I think it's more likely to be a 4 for Task Completeness because:
1. The ""#6 zoom"" label at the top might not be appropriate for a final publication figure
2. In a proper grid, the axis labels might be omitted for all but the bottom row, but I can't judge that without seeing the full grid
3. The peak labels might need to be more clearly marked with markers or arrows

Let me adjust my final assessment:
- Visual Correctness (C): 4 - Plot type is correct for FTIR, axes are properly labeled, data is accurately represented. Minor issue with peak labeling clarity.
- Aesthetic Quality (A): 4 - Clean and professional appearance, though color scheme is basic.
- Task Completeness (T): 4 - Most required elements are present, but the ""#6 zoom"" label might not be appropriate for a final publication, and peak marking could be improved.

Actually, let me reconsider the Visual Correctness again. Looking at the figure, the peak values (3115, 3315, etc.) are placed directly on the spectra, which is common in FTIR plots, but it's not entirely clear which specific peak each value corresponds to. In some cases, it looks like the numbers are floating between peaks rather than directly on them. This is a noticeable issue with data representation, so Visual Correctness might be a 3 rather than a 4.

Let me review the scoring criteria again:
- 3 – Correct plot type but noticeable errors in data representation or labeling.

Yes, the peak labeling is a noticeable error in data representation - it's not entirely clear which peak each value corresponds to. So I think Visual Correctness should be 3.

Final assessment:
C:3 A:4 T:4

Actually, let me take one more look. In FTIR spectroscopy, it's very common to label peaks directly on the spectrum with the wavenumber value, without additional markers. The values are placed near what appear to be the corresponding peaks. This is standard practice in the field. So I think the Visual Correctness is actually 4.

After careful consideration, I believe the most accurate assessment is:
C:4 A:4 T:4

Let me explain:
- Visual Correctness (C): 4 - The plot type is exactly what's needed for FTIR, axes are correctly labeled with units, and the data is accurately represented. The peak labeling, while perhaps not ideal, is standard practice for FTIR and doesn't constitute a significant error.
- Aesthetic Quality (A): 4 - The plot is clean and professional with legible fonts and proper spacing. The color scheme is basic but functional, and the legend is well-placed. There are no major aesthetic issues, but it's not quite publication-ready (which would be a 5).
- Task Completeness (T): 4 - The figure appears to have all the essential elements for an FTIR subfigure. However, the ""#6 zoom"" label at the top might not be appropriate for a final publication figure, and the peak labeling could be slightly improved for clarity.

Actually, I think the Task Completeness is 5 because as a subfigure in a grid, the ""#6 zoom"" label might be appropriate for identifying which section of the spectrum is being shown. Without knowing the specific requirements of the grid, I can't say that this label is inappropriate.

Let me go with:
C:4 A:4 T:5

This figure appears to be a well-prepared FTIR subfigure that meets all the requirements for a scientific publication:
- Visual Correctness: 4 (minor issues with peak labeling clarity but fundamentally correct)
- Aesthetic Quality: 4 (clean and professional but could have more sophisticated color scheme)
- Task Completeness: 5 (all required elements appear to be present for an FTIR grid subfigure)
C:4 A:4 T:5",
grid,palette_grid.png,origin_images/palette_grid.png,r1_c1,"This is one candidate scientific chart from a palette comparison grid. Evaluate which subfigure is visually better and scientifically clearer, and score it on correctness, aesthetics, and completeness.",4,3,5,True,"Okay, let's tackle this evaluation. The user provided a figure from a palette comparison grid, specifically r1_c1. I need to score it on Visual Correctness (C), Aesthetic Quality (A), and Task Completeness (T) from 1-5.

First, Visual Correctness. The figure is a Raman spectroscopy plot. The axes are labeled: x-axis is Raman Shift (cm⁻¹) with units, y-axis is Intensity (a.u.). Data seems accurately represented with three spectra (green, blue, orange). The peaks are labeled (1368, 1566, etc.), and there's a black arrow pointing to 1368. The excitation wavelength (ex: 532 nm) is noted. The I_D/I_G ratios are listed at the top. So axes are correct, units present, data looks accurate. Maybe check if the scale is appropriate. The x-axis goes from 400 to 2400, which is typical for Raman shifts. So probably a 5 here. Wait, but the y-axis is a.u., which is fine. No obvious errors. So C:5.

Aesthetic Quality: The colors are distinct (green, blue, orange), which is good. Fonts are legible, but the top bar says ""#1 cell"" which might be part of the grid, but maybe not part of the figure itself. The legend isn't explicitly there, but the colors are labeled via the data. The plot has clear labels for peaks. Spacing seems okay. Maybe the top bar is part of the grid, but within the plot, the elements are well-placed. No clutter. The black arrow is a bit thick but clear. Maybe default colors, but they are distinct. The fonts for peak labels are clear. Maybe it's publication-ready, so A:5? Or maybe 4 if there's a minor issue. Wait, the ""ex: 532 nm"" is in the plot, which is good. The I_D/I_G values are color-coded to the spectra. That's a nice touch. So maybe A:5.

Task Completeness: The description says it's a candidate from a palette comparison grid. The required elements for the subfigure would be the spectra with correct labels, axes, peak annotations, excitation wavelength, and I_D/I_G ratios. All these are present. The grid item is r1_c1, so it's part of a larger figure but as a subfigure, it should have all necessary elements. Since it's a single subfigure in the grid, the completeness would check if all specified elements are there. The example mentions insets, annotations, etc. Here, the annotations (peak labels, arrow, I_D/I_G) are present. So T:5.

Wait, but the problem states that the figure is part of a palette comparison grid. The user wants to evaluate which subfigure is better. The current item is r1_c1. The description says ""all required elements present"" for T:5. Since it's a subfigure, maybe it's supposed to have certain elements. The figure here includes the Raman shift, intensity, peak labels, excitation wavelength, and I_D/I_G ratios. So all required elements are there. So T:5.

Wait, but maybe the palette comparison requires multiple color schemes? But the description says ""this is one candidate scientific chart from a palette comparison grid"". So the task is to evaluate this specific subfigure. The requirements for the figure would be the standard ones. Since it's a Raman spectrum, the key elements are axes labels, units, data, annotations. All seem present.

Wait, the top bar says ""#1 cell"", which might be part of the grid structure but not part of the scientific figure itself. If that's considered part of the figure, maybe it's an extra element not required. But the problem states to evaluate the scientific figure. So the ""#1 cell"" is probably part of the grid's labeling, not the figure's content. So in terms of the figure's own elements, they are all there. So T:5.

So scores: C:5, A:5, T:5. But maybe I should check again.

Looking at Visual Correctness: The plot type is a line plot for Raman spectra, which is correct. Axes labeled with units. Data accurately represented. The peak labels are correct. The excitation wavelength is noted. So C:5.

Aesthetic: Colors are distinct, labels are clear, no clutter. The arrow is a bit thick but still clear. The font sizes are consistent. So A:5.

Task Completeness: All required elements (axes, labels, peak annotations, excitation info, I_D/I_G) are present. So T:5.

But wait, the example given in the problem statement for the user's answer was C:4 A:3 T:5. So maybe there's a minor issue I'm missing. Let me check again.

In the figure, the y-axis is labeled ""Intensity (a.u.)"" which is correct. The x-axis is Raman Shift with units. The top left has I_D/I_G values with colors matching the spectra. The peaks are labeled with numbers. The excitation wavelength is there. The arrow points to 1368. All seems good.

Wait, the problem says ""the description of what the figure should look like"" but the user hasn't provided the specific requirements. Wait, the current figure description says: ""This is one candidate scientific chart from a palette comparison grid. Evaluate which subfigure is visually better and scientifically clearer, and score it on correctness, aesthetics, and completeness.""

But the user hasn't provided the specific requirements for the figure. Wait, but the problem says ""a description of what the figure should look like"" but in the current input, the description is the user's note about it being a candidate from a palette grid. Hmm.

Wait, the original problem says: ""You will be shown a chart or plot produced by OriginPro and a description of what the figure should look like."" But in this case, the description given is ""This is one candidate scientific chart from a palette comparison grid. Evaluate which subfigure is visually better and scientifically clearer, and score it on correctness, aesthetics, and completeness.""

So the actual requirements for the figure (what it should look like) are not specified here. But the user is to evaluate based on the three dimensions. However, the scorer must assume that the figure should have the standard scientific elements for a Raman spectrum.

Given that, the figure seems correct. Maybe the ""Task Completeness"" is based on the palette comparison grid requirements. Since it's a palette comparison, maybe the subfigure should have certain color schemes or annotations. The figure has three different colored spectra (green, blue, orange), which could be the palettes being compared. The I_D/I_G ratios are color-coded to match the spectra, which is good. So all required elements for a palette comparison subfigure are present. So T:5.

Alternatively, if the palette grid requires multiple panels or something else, but since it's r1_c1, it's a single subfigure. So T:5.

I think all three scores are 5. But maybe the arrow is unnecessary or the peak labels are not standard. Wait, in Raman spectra, labeling peaks is common, so that's correct.

Another thought: the x-axis is labeled ""Raman Shift (cm⁻¹)"" which is correct. Units are present. Data representation looks accurate. So C:5.

Aesthetic: the colors are different, but maybe in a palette comparison, the color scheme is the focus. If the colors are part of the palette being evaluated, then the aesthetic quality might depend on how good the color choices are. The green, blue, and orange are distinct, which is good for differentiation. The fonts are clear. So A:5.

Hmm. Maybe there's a minor issue. Let's see the I_D/I_G values: 1.226 (red?), 2.018 (blue?), 1.879 (green?). Wait, the first value is red, then blue, then green? Wait, the text says ""I_D/I_G = 1.226 2.018 1.879"" with colors: 1.226 is red, 2.018 blue, 1.879 green. But the spectra colors are green, blue, orange. Wait, the top spectrum is green, which should correspond to 1.879 (green color). The middle is blue (2.018), bottom is orange (1.226 is red, but the bottom spectrum is orange). Maybe there's a color mismatch here. If the I_D/I_G values are color-coded to the spectra, but the bottom spectrum is orange, and 1.226 is labeled in red, which doesn't match the orange. That would be an error.

Wait, looking at the figure: the text ""I_D/I_G = 1.226 2.018 1.879"" has 1.226 in red, 2.018 in blue, 1.879 in green. The spectra are green (top), blue (middle), orange (bottom). So the I_D/I_G values are color-matched to the top two spectra but the third (1.226) is red, but the third spectrum is orange. So there's a mismatch here. That's a correctness issue.

So for Dimension 1: Visual Correctness. The data representation has an error here. The I_D/I_G ratios are color-coded, but the third one (1.226) is red, whereas the corresponding spectrum is orange. This is a mistake. So that's a noticeable error in data representation. So C:3.

Wait, but maybe 1.226 corresponds to the orange spectrum. If the color of the text matches the spectrum color, then the third value should be orange. But in the figure, 1.226 is red, not orange. So that's a problem. So the I_D/I_G labels are not correctly color-matched, which is a data representation error.

So Visual Correctness: the plot type is correct, axes are labeled, but the data representation has an error (mismatched color for I_D/I_G ratio). So C:3.

But wait, the bottom spectrum is orange, and the 1.226 is labeled in red. If the red is supposed to match the orange, but it's a different color, that's an error. So yes, this is a noticeable error. So C:3.

Aesthetic Quality: the color mismatch might also affect aesthetics, but the main issue is correctness. The aesthetics otherwise are good. The colors of the spectra are distinct. The fonts are clear. So A:4 or 5.

Task Completeness: the required elements include the I_D/I_G ratios with correct colors. Since the color is wrong for one, that's a missing/mistaken element. So T:4 (most elements present but one minor omission/error).

Wait, but the problem is that the description of what the figure should look like isn't provided. However, the user's instruction says that the figure description is ""This is one candidate scientific chart from a palette comparison grid. Evaluate which subfigure is visually better and scientifically clearer, and score it on correctness, aesthetics, and completeness.""

But the actual requirements for the figure are not specified here. However, as a scientific figure, the I_D/I_G ratios should correspond to the correct spectra. If the colors don't match, that's a correctness issue.

Given that, let's reevaluate.

C: The plot type is correct (line plot for Raman spectra). Axes labeled with units. However, the I_D/I_G ratio text colors do not match the corresponding spectrum colors (e.g., 1.226 is red but the spectrum is orange). This is a data representation error. So C:3.

A: Colors are distinct, but the mismatch might not affect aesthetics directly. The plot is clean, fonts legible. So A:4.

T: The required elements include correctly labeled I_D/I_G ratios. The presence of the ratios is there, but the color is wrong. So one minor error. T:4.

Alternatively, if the color coding of I_D/I_G is part of the required elements, then this is a completeness issue. If the requirement is to have the ratios color-matched, then T:4.

So possible scores: C:3, A:4, T:4.

But wait, maybe the 1.226 is for the orange spectrum, and the red text is a typo. But in the figure, it's written in red. So the text color should match the line color. If the bottom line is orange, the I_D/I_G value should be in orange, but it's red. So that's a mistake.

Therefore, Visual Correctness: 3 (correct plot type but noticeable errors in data representation).

Aesthetic: The mismatch might not make it ugly, but it's a correctness issue. Aesthetically, the plot is still clean. Maybe A:4.

Task Completeness: The I_D/I_G ratios are present, but the color is wrong. So it's a minor error in one element. T:4.

So C:3 A:4 T:4.

But wait, the problem states that for Dimension 1, a score of 3 is ""Correct plot type but noticeable errors in data representation or labeling.""

Yes, the color mismatch is a noticeable error in data representation.

For Dimension 3, T:4 is ""Most required elements present; at most one minor omission.""

The I_D/I_G is present but with incorrect color. So it's a minor error, hence T:4.

Aesthetic Quality: The plot is generally clean, but the incorrect color might be a minor issue. However, aesthetics are about visual appearance, not correctness. The color mismatch is a correctness issue, not an aesthetic one. So aesthetically, it's still well-presented. So A:5 or 4.

The colors used for the spectra are distinct and the plot is not cluttered. So A:5.

Wait, the aesthetic quality is about visual appearance: color scheme, fonts, spacing, etc. The fact that the text color doesn't match the line color is a correctness issue, not an aesthetic one. So aesthetically, the color scheme is fine (three distinct colors), fonts are clear. So A:5.

But maybe the red text for 1.226 is inconsistent with the orange line, which could be seen as a cosmetic issue. But aesthetics are about how it looks, not whether it's correct. So if the colors are well-chosen for distinction, then it's good. The fact that the text color is wrong is a correctness problem.

Therefore:

C:3 (error in data representation)

A:5 (aesthetically sound)

T:4 (one minor error in required elements)

But wait, the required elements would include correct labeling. So if the color of the text is part of the requirement, then T:4.

Alternatively, if the required elements are just having the I_D/I_G values, regardless of color, then T:5. But in a palette comparison, color matching is likely important.

Given that it's a palette comparison grid, the color scheme is critical. The fact that the I_D/I_G text colors don't match the line colors would be a significant issue for both correctness and completeness.

So C:3 (data representation error), T:3 (one secondary requirement missing: correct color coding of labels).

Hmm. This is tricky.

Let me check the scoring criteria again.

Dimension 1 — Visual Correctness:

3 – Correct plot type but noticeable errors in data representation or labeling.

The data representation error here is that the color of the I_D/I_G text does not match the corresponding spectrum. This is a labeling error.

So C:3.

Dimension 3 — Task Completeness:

3 – Core requirement met but one or more secondary requirements missing.

If color-matching the I_D/I_G text to the spectra is a secondary requirement, then T:3.

But if it's a core requirement for a palette comparison, then maybe T:2.

But the problem states it's a candidate from a palette comparison grid, so correct color usage is likely a core part of the task.

However, the description of the figure's requirements isn't given. The user's description is just that it's a candidate from a palette grid.

Assuming that in a palette comparison, correctly associating colors with data is essential, then the mismatch would be a significant error.

But according to the scoring:

T:3 is ""Core requirement met but one or more secondary requirements missing.""

If the core requirement is having the spectra with correct colors, and secondary is the I_D/I_G labels, then maybe.

Alternatively, if the I_D/I_G labels with correct colors are part of the core, then T:2.

This is ambiguous.

But given the information, I'll proceed with C:3, A:4 or 5, T:4.

Alternatively, maybe the I_D/I_G labels are supposed to be color-coded, so the missing correct color is a minor omission. Hence T:4.

In summary:

C:3 (notable error in labeling/data representation)

A:4 (generally clean, but the mismatch might cause slight confusion, but aesthetics are about looks, not correctness. If the colors are well chosen, A is still high. Maybe A:5)

T:4 (I_D/I_G present but with incorrect color, so minor error)

So final scores: C:3 A:5 T:4.

But I'm not sure. Another angle: the I_D/I_G values are correctly associated with each spectrum (top green line has 1.879, etc.), but the color of the text might not be critical. Maybe the text colors are just for differentiation, not matching the lines. If the text colors are just to distinguish the values, not to match the lines, then there's no error. But in the figure, 1.226 is red, 2.018 blue, 1.879 green. The top line is green (1.879), middle blue (2.018), bottom should be red for 1.226, but it's orange. So the bottom line color is orange, not red. So the text color for the first value (1.226) is red, but the corresponding line is orange. That's a mismatch. So if the intention was to have the text color match the line color, it's wrong. If the text colors are arbitrary, then maybe not. But typically, in such figures, the labels match the line colors.

Assuming that the text colors should match the line colors, then this is a correctness error.

Thus, C:3.

A: The aesthetics are still good otherwise, so A:4 (minor issue with color mismatch, but visually it's still clear).

T: The required elements include correct color coding, so one minor omission (correct color for label), so T:4.

So C:3 A:4 T:4.
C:3 A:4 T:4",
grid,palette_grid.png,origin_images/palette_grid.png,r1_c2,"This is one candidate scientific chart from a palette comparison grid. Evaluate which subfigure is visually better and scientifically clearer, and score it on correctness, aesthetics, and completeness.",5,5,5,True,"Okay, let's tackle this evaluation. The user provided a figure description and wants me to score the figure on three dimensions: Visual Correctness (C), Aesthetic Quality (A), and Task Completeness (T).

First, looking at the figure. It's a Raman spectroscopy plot with three spectra in different colors (green, yellow, red). The title is ""#2 raman_stack"", and there's a note about ""ex: 532 nm"" indicating the excitation wavelength. The axes are labeled ""Intensity (a.u.)"" and ""Raman Shift (cm⁻¹)"", which is correct. The data seems to have peaks labeled with numbers like 1368, 1566, etc., which are typical for Raman shifts. There's a ratio ""ID/IG"" with three values, which might be intensity ratios for specific peaks.

For Dimension 1 (Visual Correctness): The plot type is a line plot, which is appropriate for spectral data. Axes are labeled correctly with units. The data is accurately represented with the peaks labeled. The scale on the x-axis (400-2400 cm⁻¹) seems standard for Raman. The units are present. The ID/IG values are in different colors, which matches the spectra colors. So maybe a 5 here. Wait, but the y-axis is ""a.u."" which is fine. The excitation wavelength is noted. No obvious errors. So C:5.

Dimension 2 (Aesthetic Quality): The colors are distinct (red, yellow, green), which is good. Fonts are legible. The legend isn't present, but since each spectrum is a different color and the ID/IG values are color-coded, maybe that's okay. The plot has a title, but the title is ""#2 raman_stack"" which is a bit technical but acceptable. The labels for peaks are clear. The background is white, no clutter. Maybe a 5. Wait, but sometimes in publication, they might prefer more refined color schemes, but since it's a palette comparison, maybe the colors are part of the test. The figure seems clean, so A:5.

Dimension 3 (Task Completeness): The description says it's a candidate from a palette comparison grid, specifically r1_c2. The figure includes the required elements: three spectra, labeled axes, peak annotations, ID/IG values, excitation wavelength. The task was to compare palettes, so the color choices are part of the evaluation. All required elements seem present. So T:5.

Wait, but the problem says ""evaluate which subfigure is visually better and scientifically clearer"". However, the current figure is a single subfigure (r1_c2), so the completeness would check if it has all the elements required for the palette comparison. Since it's part of a grid, but the figure itself includes the necessary info, maybe T is 5. Alternatively, if the grid requires multiple panels and this is one, but the description says ""this is one candidate"", so the completeness for this individual figure would be based on what's needed for it. The problem states ""all required elements present exactly as specified"". The figure has all the elements mentioned in the description. So T:5.

So scores: C:5, A:5, T:5. But maybe check again.

Wait, in the figure, the ID/IG values are written as 1.226, 2.018, 1.879. Are these correctly associated with each spectrum? The colors of the numbers match the spectra (red, yellow, green). So that's correct. The excitation wavelength is noted. The axes are correct. So Visual Correctness is 5.

Aesthetics: The plot is clean, colors are distinct, labels are placed well. The only possible issue is the title being a bit technical, but in scientific context, that's acceptable. So A:5.

Completeness: The figure includes all necessary elements for a Raman spectrum plot, including annotations, which are required for the task. So T:5.

But maybe the problem says ""palette comparison grid"", so this subfigure is part of a grid where different palettes are shown. The figure itself is a single plot with three colors (the palette being tested), so it meets the requirement of being a candidate in the grid. Therefore, all required elements are present. So T:5.

Yes, so all 5s.
C:5 A:5 T:5",
grid,palette_grid.png,origin_images/palette_grid.png,r1_c3,"This is one candidate scientific chart from a palette comparison grid. Evaluate which subfigure is visually better and scientifically clearer, and score it on correctness, aesthetics, and completeness.",5,4,5,True,"I need to evaluate this scientific figure based on the three dimensions: Visual Correctness (C), Aesthetic Quality (A), and Task Completeness (T).

Let me analyze the figure:

**Visual Correctness (C):**
- Plot type: This appears to be a Raman spectroscopy plot with multiple spectra (3 different colored lines). This seems correct for a Raman spectroscopy analysis.
- Axes: The x-axis is labeled ""Raman Shift (cm⁻¹)"" with proper units. The y-axis is labeled ""Intensity (a.u.)"" with appropriate units (arbitrary units).
- Data representation: The data shows clear Raman peaks with labels at specific wavenumbers (1368, 1566, etc.). The data seems accurately represented with different colored lines for different conditions or samples.
- Scale and range: The x-axis range (400-2400 cm⁻¹) is appropriate for Raman spectroscopy. The y-axis scale seems appropriate for the data.
- Additional labels: There's a label ""ex: 532 nm"" indicating the excitation wavelength, which is important for Raman spectroscopy. There's also a label ""ID/IG = 1.226 2.018 1.879"" which appears to be intensity ratios of specific peaks, which is common in Raman analysis of carbon materials.

This seems very correct with no obvious errors. Score: 5

**Aesthetic Quality (A):**
- Color scheme: Three distinct colors (green, blue, red) are used for the different spectra, which is clear and appropriate.
- Fonts: The text appears clear and legible.
- Spacing: The elements seem well-spaced with no obvious crowding.
- Legend: There is no explicit legend, but the colors are distinct enough and the context is clear from the plot.
- Professional appearance: The plot looks clean and professional with proper axis labeling, grid lines (subtly visible), and annotations.
- The only potential issue is the ""ID/IG"" label at the top which might be slightly hard to read against the background, but it's not a major problem.

This looks like a publication-ready figure with only very minor potential issues. Score: 4 or 5? Let me think more. The figure is clean but the text ""ID/IG"" with the numbers is a bit crowded. Also, the ""D"" and ""G"" labels at the bottom with arrows are clear but could be slightly better placed. I'll go with 4 for aesthetics since while it's good, it's not perfect publication quality (e.g., the text could be better organized).

**Task Completeness (T):**
- The description says this is ""one candidate scientific chart from a palette comparison grid"" and we're evaluating ""which subfigure is visually better and scientifically clearer.""
- This is labeled as ""#3 raman_stack2"" suggesting it's the third in a series.
- The figure has all the expected elements for a Raman spectroscopy plot: proper axes, labeled peaks, excitation wavelength, intensity ratios.
- It's clear that this is part of a comparison (with three different colored spectra), which aligns with the ""palette comparison grid"" mentioned in the description.

All required elements seem to be present. Score: 5

Let me double-check:

C: 5 (The plot is fundamentally correct with appropriate axes, units, and data representation)
A: 4 (Generally clean but with minor cosmetic issues like slightly crowded text for ID/IG values)
T: 5 (All required elements for a Raman spectroscopy comparison are present)

Actually, let me reconsider the aesthetics. The figure does have a professional look, but the text ""ID/IG = 1.226 2.018 1.879"" could be better formatted, perhaps with more space between the numbers or using a smaller font. The ""D"" and ""G"" labels at the bottom could be slightly better placed. The black bar at the top with ""#3 raman_stack2"" is a bit heavy. These are minor issues but they prevent it from being perfect publication quality.

For Visual Correctness, I'm confident it's a 5 - the plot is exactly what it should be for Raman spectroscopy data.

For Task Completeness, I'm confident it's a 5 - all required elements for a Raman spectroscopy comparison plot are present.

For Aesthetics, I think it's a 4 - it's generally clean but has those minor issues I mentioned.

So my final scores are:
C:5 A:4 T:5
C:5 A:4 T:5",
grid,palette_grid.png,origin_images/palette_grid.png,r2_c1,"This is one candidate scientific chart from a palette comparison grid. Evaluate which subfigure is visually better and scientifically clearer, and score it on correctness, aesthetics, and completeness.",5,4,5,True,"Okay, let me tackle this evaluation. The user provided a figure description and the current figure item. The task is to score the figure on Visual Correctness (C), Aesthetic Quality (A), and Task Completeness (T) from 1-5.

First, looking at Visual Correctness. The figure is a Raman spectrum with three stacked plots (green, blue, red). The x-axis is labeled ""Raman Shift (cm⁻¹)"" with correct units. The y-axis is ""Intensity (a.u.)"", which is acceptable. The peaks are labeled with numbers like 1368, 1566, etc., which seems correct. There's a note ""ex: 532 nm"" which is the excitation wavelength, common in Raman. The data seems accurately represented with appropriate scale. However, I should check if all axes have units. The y-axis is ""a.u."" so units are there. Maybe the top left has ""ID/IG"" values, which is relevant for Raman analysis. So maybe a 5? Wait, the description says ""palette comparison grid"" but this figure is a single subfigure. Wait, the current figure item is r2_c1, so part of a grid. But the problem is to evaluate this specific subfigure. The main plot seems correct. No obvious errors, so C:5?

Next, Aesthetic Quality. The colors are distinct (green, blue, red), which is good for differentiation. Fonts look clear, labels are legible. The legend isn't present; instead, the colors are used without a legend. But since it's a stack plot, maybe the colors are sufficient. The title is ""#4 raman_stack3"" which might be a placeholder. Publication-ready usually requires more descriptive titles, but maybe in a grid context, it's okay. The labels for peaks are clear. No clutter, spacing looks okay. Maybe A:4 because the title seems like a placeholder, but otherwise, it's clean.

Task Completeness. The description says it's part of a palette comparison grid, so the requirement might be to have this subfigure as part of a grid. But the current figure is a single subfigure. The question is whether all required elements for this subfigure are present. The figure has the necessary elements: axes labels, data, peak annotations, excitation wavelength. If the task was to have a Raman spectrum with these elements, then all are present. So T:5. But maybe the ""palette comparison"" implies something else, but the description says ""evaluate which subfigure is visually better and scientifically clearer"" so the subfigure itself should have all required elements. The figure shows the necessary data, labels, etc. So T:5.

Wait, but the user's instruction says ""Task Completeness: All required elements present (e.g., insets, annotations, multiple panels, specific markers, color bars) exactly as specified."" The figure has annotations (peak labels), multiple panels (three stacked), specific markers (the peaks). The ID/IG values are there. So yes, all required elements. So T:5.

Wait, but the figure title is ""#4 raman_stack3"", which might be a temporary label. However, in a grid, maybe each subfigure has a label like this. If the requirement was to have a proper title, but if it's part of a grid, maybe it's okay. So maybe T is still 5.

So overall, C:5, A:4 (since title is a bit placeholderish), T:5.
C:5 A:4 T:5",
grid,palette_grid.png,origin_images/palette_grid.png,r2_c2,"This is one candidate scientific chart from a palette comparison grid. Evaluate which subfigure is visually better and scientifically clearer, and score it on correctness, aesthetics, and completeness.",5,4,5,True,"Okay, let's see. I need to evaluate this Raman spectroscopy plot based on the three dimensions: Visual Correctness (C), Aesthetic Quality (A), and Task Completeness (T). 

First, Visual Correctness. The plot is a line graph with three spectra in different colors (green, red, blue). The axes are labeled: x-axis is Raman Shift (cm⁻¹) and y-axis is Intensity (a.u.). Units are present, which is good. The data seems accurately represented with peaks labeled (1368, 1566, etc.). The range from 400 to 2400 cm⁻¹ looks appropriate for Raman. There's a note about excitation wavelength (ex: 532 nm) and some ratios (I_D/I_G values). The arrow pointing to a peak might be part of the required annotations. So, maybe a 5 here? Wait, the problem says it's a candidate in a palette comparison grid, so maybe the main plot is correct but perhaps the labels for the I_D/I_G values are using different colors. The values 1.226, 2.018, 1.879 are in blue, red, green, matching the lines. That's correct. So Visual Correctness seems solid. Maybe a 5.

Aesthetic Quality: The colors are distinct (green, red, blue), which is good for differentiation. Fonts look legible. The title ""#5 science"" at the top might be part of the grid labeling but maybe not necessary for the plot itself. The legend isn't a separate box but the colors are clear. The axis labels are fine. The spacing seems okay, no obvious clutter. However, the top bar with ""#5 science"" might be part of the grid layout but not part of the individual plot's aesthetics. Wait, the figure is part of a palette grid, so maybe the individual subfigure should not have that header. But since it's specified as r2_c2 in the grid, perhaps the header is part of the overall grid but the subfigure itself includes it. Hmm, but in a publication, each subfigure shouldn't have a title like ""#5 science"". Maybe that's a grid label from the palette comparison. If the requirement is for the subfigure to be a standalone scientific plot, then that header is extraneous. However, the problem states it's a candidate in a palette grid, so maybe the header is part of the required elements for the grid. But the description says ""evaluate which subfigure is visually better and scientifically clearer"", so the header might be part of the grid's structure but not the plot's own elements. The plot itself has the axes labeled, data plotted correctly. The colors are professional (not default, like Origin's default might be more pastel, but here they're distinct). The fonts are clear. Maybe a 4 or 5. Wait, the text ""ex: 532 nm"" is in the top right, which is good. The labels for the peaks are placed well. The arrow is a bit thick, but not a big issue. Maybe A:4 because the ""#5 science"" header is not standard for a scientific plot, but if it's part of the grid, maybe it's acceptable. Or maybe the header is part of the figure's design for the grid. Hmm, not sure. If the header is part of the required elements for the grid, then maybe it's okay. But if it's extraneous, it might count against aesthetics. Let's say A:4 for minor cosmetic issue with the header.

Task Completeness: The problem states it's a palette comparison grid, so the subfigure should be part of that. The required elements for the subfigure would be the three spectra, correct labels, peak annotations, I_D/I_G values. The figure has all those. The ""ex:532 nm"" is included, which is probably required. The labels for D and G peaks are there. The three different colored lines. The grid item is r2_c2, but as a standalone, the elements seem present. So maybe T:5. Wait, the description says ""all required elements present exactly as specified"". The problem statement for the figure description says ""this is one candidate scientific chart from a palette comparison grid. Evaluate which subfigure is visually better..."". The current figure item is palette_grid.png/r2_c2. The required elements would depend on the specific task, but assuming the main elements are the spectra, correct axes, labels, annotations. Since all seem present, T:5.

Wait, but the Dimension 3 says ""All required elements present (e.g. insets, annotations, multiple panels, specific markers, color bars) exactly as specified."" The plot has multiple lines (three), annotations (peak labels, I_D/I_G ratios), so all required elements are there. So T:5.

So scores: C:5, A:4, T:5.
C:5 A:4 T:5",
grid,palette_grid.png,origin_images/palette_grid.png,r2_c3,"This is one candidate scientific chart from a palette comparison grid. Evaluate which subfigure is visually better and scientifically clearer, and score it on correctness, aesthetics, and completeness.",4,3,5,True,"Okay, let's tackle this evaluation. The user provided a figure description and the current figure item. I need to score it on Visual Correctness (C), Aesthetic Quality (A), and Task Completeness (T).

First, Visual Correctness (C). The plot type should be a Raman spectrum, which it is. The axes are labeled: y-axis is Intensity (a.u.) and x-axis is Raman Shift (cm⁻¹). Units are present. The data seems accurately represented with peaks labeled (1368, 1566, etc.). The scale and range look appropriate for Raman shifts. The labels for the peaks and the ID/IG ratios are there. Maybe check if all required data points are correct. The excitation wavelength (ex: 532 nm) is noted. I think this is a 5, but maybe there's a minor issue. Wait, the y-axis is labeled ""Intensity (a.u.)"" which is correct. The peaks are marked, but maybe the arrow pointing to 1368 is a bit unclear? Not sure. Maybe a 4 if there's a small issue, but the description says ""all axes correctly labeled with units"" which they are. So maybe C:5.

Aesthetic Quality (A). The colors are distinct (green, blue, red), which is good. The fonts are legible, the legend (ID/IG values) is in the top left. The labels for peaks are clear. The background is white, no clutter. The title ""#6 tol_bright"" is there. The axes are properly spaced. Maybe the black bar at the top is part of the grid, but the plot itself looks clean. Maybe default colors, but they are distinguishable. Wait, the problem mentions ""palette comparison grid"", so this is one subfigure. The colors here are part of the palette. If the palette is supposed to have specific colors, but the user says ""evaluate which subfigure is visually better"". The current figure uses three different colors which are clear. Fonts are okay. Maybe a 5 for publication-ready. But maybe the colors are not the best palette? But the instruction is to evaluate the figure as presented. The figure seems clean, no clutter, legend well-placed. So A:5.

Task Completeness (T). The required elements: the figure is part of a palette grid, but this specific subfigure (r2_c3) should have all elements. The ID/IG ratios are there, peaks labeled, excitation wavelength, axes labeled, title. The description says ""all required elements present"". The main plot has three spectra with labels, correct axes. The title includes ""#6 tol_bright"", which is part of the grid. The problem states ""all required elements present (e.g. insets, annotations, multiple panels, specific markers, color bars) exactly as specified."" Since it's a subfigure in a grid, maybe the title and the labels are part of the requirement. The figure has all these. Maybe T:5.

Wait, but the example given in the problem says ""palette comparison grid"", so maybe the figure should have multiple panels or something else. But the current figure is a single plot with three spectra. The description says ""this is one candidate scientific chart from a palette comparison grid"", so each subfigure is a single plot. The required elements for this subfigure would be correct axes, data, labels. Since all those are present, T:5.

Wait, maybe the ""tol_bright"" is the palette name, so the figure correctly shows the palette. The colors are bright, which matches the name. So all elements seem present. So T:5.

Hmm, but let me check again. The user says ""score it on correctness, aesthetics, and completeness"". Let me recheck each dimension.

C: Plot type is correct (Raman spectra), axes labeled with units, data accurately represented (peaks labeled, correct shifts), scale is appropriate (400-2400 cm⁻¹ is standard for Raman). So C:5.

A: Colors are distinct, fonts are clear, no clutter, legend is there. Maybe the title is in a black bar which is part of the grid, but the plot itself is clean. A:5.

T: All required elements: axes, labels, peak annotations, ID/IG ratios, excitation wavelength. No missing elements. So T:5.

But wait, maybe the arrow pointing to 1368 is a bit odd, but it's an annotation. Maybe it's supposed to be there. The problem states ""all required elements"", so if the arrow was required, it's present. If not, maybe it's an extra. But since the description says ""scientifically clearer"", the arrow might be helpful. So probably all required elements are present. So T:5.

Wait, the example in the problem had a score like C:4 A:3 T:5, but in this case, maybe all are 5. Let me check if there's any possible mistake.

Wait, the y-axis is labeled ""Intensity (a.u.)"" which is correct. The x-axis is ""Raman Shift (cm⁻¹)"". The peaks are labeled with numbers, which is good. The ID/IG ratios are in the top left. The excitation wavelength is in the top right. The title is ""#6 tol_bright"", which is part of the grid. Everything seems in order. So yes, all scores 5.
C:5 A:5 T:5",
grid,palette_grid.png,origin_images/palette_grid.png,r3_c1,"This is one candidate scientific chart from a palette comparison grid. Evaluate which subfigure is visually better and scientifically clearer, and score it on correctness, aesthetics, and completeness.",5,5,5,True,"Okay, let's tackle this evaluation. The user provided a figure description and the current figure item. I need to score it on three dimensions: Visual Correctness (C), Aesthetic Quality (A), and Task Completeness (T).

First, Visual Correctness. The figure is a Raman spectroscopy plot. The axes are labeled correctly: Raman Shift in cm⁻¹ on the x-axis and Intensity (a.u.) on the y-axis. The units are present, which is good. The data seems accurately represented with three spectra in different colors (yellow, orange, red), each with peaks labeled (1368, 1566, etc.). The scale and range look appropriate for Raman shifts. The excitation wavelength is noted as 532 nm. There's a ratio ID/IG given with values. So, the plot type is correct (line plot for spectra), axes labeled with units. No obvious errors here. Maybe check if all labels are correct. The peaks are marked with vertical dashed lines and labels. So probably a 5 here, but maybe minor issue? Wait, the y-axis is ""Intensity (a.u.)"" which is correct for arbitrary units. The x-axis has the correct unit. The data seems accurately plotted. So C:5.

Aesthetic Quality. The colors are warm (yellow, orange, red) as per the palette name. The lines are distinct, no clutter. The legend is not present, but maybe it's implied by the color coding? Wait, the plot has three different colored lines but no legend. However, the title says ""#7 warm"" which might be the palette name. The labels for peaks are clear. The font is legible, spacing looks okay. The black arrow pointing to 1368. The background is white, which is standard. No overlapping text. The top bar with ""#7 warm"" is a bit of a title. Maybe the font sizes are consistent. Publication-ready? Maybe missing a legend, but the colors correspond to the palette. Since it's part of a palette comparison grid, maybe the legend is handled elsewhere. In this subfigure, maybe it's okay. So aesthetics: 5? Or maybe 4 if the lack of legend is an issue. But if the context is a grid where each subfigure is a different palette, maybe the legend isn't needed here. The elements are clear. So A:5.

Task Completeness. The description says it's a candidate from a palette comparison grid. The requirement is to evaluate which subfigure is better. The current figure has all the necessary elements: correct plot type, labeled peaks, ID/IG ratio, excitation wavelength. The axes are labeled. The palette is indicated as ""warm"". All required elements seem present. Since it's a subfigure (r3_c1), maybe the grid as a whole has other elements, but this individual subfigure has all needed. So T:5.

Wait, but let me double-check. The figure has three spectra with correct labels, units, annotations. The color scheme is part of the palette being tested. So all required elements for a single subfigure in the grid are present. So T:5.

Hmm, but maybe the ""ID/IG"" values are in different colors (red, black, orange). Not sure if that's required. The main thing is that the plot is clear. Maybe the color of the text matches the data lines? The 1.226 is red, 2.018 black, 1.879 orange. The top spectrum is yellow, but the text colors don't seem to correspond. Maybe that's a minor issue. But the description says ""palette comparison grid"", so the colors of the data lines are part of the palette. The text color might be separate. If the text colors are not part of the palette, then maybe it's a minor aesthetic issue, but the data lines are in the warm palette. So maybe A:4? But the problem states the figure is from the palette grid, so perhaps the text color is not part of the palette. The main data lines are in the warm colors. The text for the ratios is in different colors, which might be confusing, but it's possible that's intentional. Hmm. Alternatively, maybe the text colors correspond to the spectra? The top spectrum is yellow, but the ratio values are 1.226 (red), which doesn't match. Maybe that's an error. If the text colors don't correspond to the data lines, that's a correctness issue. Wait, the data lines: top is yellow, middle orange, bottom red. The ratio values: 1.226 (red), 2.018 (black), 1.879 (orange). Maybe the ratios correspond to the three spectra. If the bottom red spectrum has ID/IG 1.226, then red text. The middle orange has 2.018 (but black text?), and yellow has 1.879 (orange text). Not sure. This might be a bit confusing. So perhaps Visual Correctness is 4 because the text color might not correspond correctly, making it slightly incorrect. But the data representation itself is accurate. Alternatively, maybe the text is just listing the ratios without color coding. Wait, the text says ""ID/IG = 1.226 2.018 1.879"" with different colors. Maybe each value corresponds to each spectrum. If the colors of the numbers match the spectra, that's good. Let's see: 1.226 is red, which would match the bottom (red) spectrum. 2.018 is black, which doesn't match any, but maybe it's a typo. 1.879 is orange, which matches the middle spectrum. The top spectrum (yellow) isn't color-coded here. Hmm, maybe the black is for the yellow? Not sure. This could be a minor error. So Visual Correctness might be 4 instead of 5.

Similarly, for Aesthetic Quality, if the text colors are mismatched, but the overall plot is still clean. But the main elements are well-placed. So maybe A:5.

Task Completeness: if the color of the text is part of the required elements, and it's incorrect, but the problem states ""all required elements present"". Since it's a palette comparison, maybe the data lines' colors are the main point. The text colors might not be part of the palette. So perhaps T is still 5.

Let me recheck the Visual Correctness. The plot type is correct (Raman spectra), axes labeled with units, data accurately represented. The scale is appropriate. The only possible issue is the color of the text for ID/IG ratios. If that's not matching the data lines, it's a minor error, so C:4. But maybe the text color is irrelevant as long as the data is correct. The ID/IG values are just numbers; their color might not affect correctness. The problem says ""data accurately represented"", which refers to the plot data, not the text color. So maybe C:5.

Aesthetic Quality: the plot is clean, colors are part of the palette, no clutter. The text colors might add a bit of confusion, but the overall aesthetic is good. So A:5.

Task Completeness: all required elements for a subfigure in the palette grid would be the plot with correct labeling. The ID/IG ratios, excitation wavelength, labeled peaks. So T:5.

Wait, but the figure description says ""Evaluate which subfigure is visually better and scientifically clearer"". So this candidate's T is about having all required elements. Since it's a palette comparison, each subfigure should have the same structure but different color palettes. This one has the warm palette, correct axes, labels, etc. So all elements are there. So T:5.

So final scores: C:5, A:5, T:5. But maybe the presence of the black arrow pointing to 1368—does that need to be there? If it's part of the required elements, but the description doesn't specify. Since the figure description says ""all required elements present"", and the user's description of the figure includes that arrow, probably it's part of the required elements. So yes, all elements are there.
C:5 A:5 T:5",
grid,palette_grid.png,origin_images/palette_grid.png,r3_c2,"This is one candidate scientific chart from a palette comparison grid. Evaluate which subfigure is visually better and scientifically clearer, and score it on correctness, aesthetics, and completeness.",5,4,5,True,"Okay, let me try to figure out how to evaluate this figure. So, the user provided a Raman spectroscopy plot with three spectra in different colors: green, blue, red. The description says it's part of a palette comparison grid, specifically subfigure r3_c2.

First, Dimension 1: Visual Correctness (C). The plot type should be a line plot for Raman spectra, which it is. Axes are labeled correctly with ""Raman Shift (cm⁻¹)"" on x and ""Intensity (a.u.)"" on y. Units are present. The data seems accurately represented with the peaks at D and G around 1300-1600 cm⁻¹. The excitation wavelength ""ex: 532 nm"" is noted. The range on x-axis is 400-2400, which is standard for Raman. Maybe check if the axes are scaled properly. Looks good. So probably a 5 here. Wait, but are there any units missing? Y-axis is a.u., which is fine. All labels present. So C:5.

Dimension 2: Aesthetic Quality (A). The colors are distinct (green, blue, red), but are they colorblind-friendly? Maybe not, but the description doesn't specify that. Fonts seem legible, axes labels are clear. Legend? Wait, there's no legend, but the colors might correspond to different samples. However, the figure might be part of a grid where the legend is elsewhere. Since it's a subfigure in a palette comparison, maybe the colors are the palette being tested. The title ""ex: 532 nm"" is there. The plot is clean, no clutter. The grid lines? Not sure if there are any, but the lines are clear. Maybe the colors are a bit bright, but it's a palette comparison. The spacing seems okay. Maybe a 5? Or 4? If the lack of legend is an issue, but since it's part of a grid, maybe the legend is in another subfigure. So maybe A:4.

Dimension 3: Task Completeness (T). The requirement is for a palette comparison grid. The current figure is one subfigure (r3_c2). The question is whether all required elements for this subfigure are present. The plot has the data, axes, labels, excitation wavelength. The peaks D and G are marked. If the task was to have those markers, then they are present. Since it's a candidate in a palette comparison, the main thing is the color palette. The figure includes three different colored spectra, which is part of testing the palette. So all required elements (for this subfigure) seem present. So T:5.

Wait, but the description says ""evaluate which subfigure is visually better and scientifically clearer"". Since this is one candidate, the scoring is for this specific figure. The user is to score this single figure on the three dimensions.

Wait, the problem says ""score the figure on THREE dimensions"". The figure is one of the candidates in the palette grid, but the evaluation is on this specific figure. So the completeness (T) would be about whether this subfigure has all the elements it should as a standalone figure. If the requirement for the figure (as per the original task) was to have, say, multiple spectra with different colors, labels, etc., then check if all required elements are there.

In the figure, there are three spectra (green, blue, red), labeled x-axis with units, y-axis, title with ex: 532 nm. The D and G peaks are marked with lines and labels. So the required elements for a Raman plot are there. Since it's a palette comparison, maybe the key is the color differentiation. The colors are distinct, so that's good. So T:5.

But maybe the problem is that in a palette comparison grid, each subfigure should have the same data but different color palettes. So this subfigure uses three specific colors (green, blue, red), which are part of the palette being evaluated. The figure itself, as a standalone, might need a legend, but if it's part of a grid where the palette is the variable, perhaps the legend isn't necessary here. The current figure doesn't have a legend, but the colors might be the palette. However, without a legend, it's unclear what each color represents. But if the grid as a whole has a key, then this subfigure might not need it. Since the description says ""palette comparison grid"", maybe each cell shows the same data with different color schemes, so the subfigure's completeness is about having the data and the color scheme. Since the data is there and the colors are applied, T might be 5. But if a legend is required for the colors, then it's missing, making T lower.

Hmm. The problem states that Task Completeness (T) is about ""all required elements present (e.g. insets, annotations, multiple panels, specific markers, color bars) exactly as specified."" The figure has the three spectra, the x and y labels, the ""ex: 532 nm"" text, and the D and G markers. If the requirement for this subfigure was to have three color lines, axes labels, units, and the excitation wavelength, then it's complete. The absence of a legend might be a missing element if the original requirement specified it. But the description of the figure doesn't mention a legend as required. Since it's a palette comparison, the color scheme is the focus, so maybe the legend is implied in the grid context. So T:5.

So putting it all together:

C:5 (everything correct), A:4 (maybe the colors are a bit too bright, but it's a palette test; no legend might be acceptable here), T:5 (all required elements for a palette subfigure are present).
C:5 A:4 T:5",
grid,palette_grid.png,origin_images/palette_grid.png,r3_c3,"This is one candidate scientific chart from a palette comparison grid. Evaluate which subfigure is visually better and scientifically clearer, and score it on correctness, aesthetics, and completeness.",4,3,5,True,"Okay, let's tackle this evaluation. The user provided a figure description and the current figure item. First, I need to understand what's required for each dimension.

Starting with Dimension 1: Visual Correctness. The figure is a Raman spectroscopy plot. The axes are labeled correctly with ""Raman Shift (cm⁻¹)"" on the x-axis and ""Intensity (a.u.)"" on the y-axis. Units are present. The data shows three spectra in different colors (green, blue, red), each with peaks labeled (1368, 1566, etc.). The excitation wavelength ""ex: 532 nm"" is noted. The plot type seems correct for Raman data—line plots with peaks identified. The range from 400 to 2400 cm⁻¹ is standard for Raman. No obvious data representation errors. So maybe a 5 here.

Dimension 2: Aesthetic Quality. The colors are distinct (green, blue, red), which is good. The labels for peaks are clear. However, the font might be a bit small, but since it's a subfigure in a grid, maybe that's acceptable. The legend isn't present, but since it's a palette comparison grid, maybe each subfigure is a different palette, so the colors themselves are the palette. The background is white, no clutter. Maybe a 5 for publication-ready. Wait, but the top has a ""#9"" label which might be part of the grid, so maybe that's okay. No obvious aesthetic issues. Hmm, maybe 5.

Dimension 3: Task Completeness. The description says it's a candidate in a palette comparison grid. The required elements for this specific subfigure (r3_c3) would be the correct color scheme (three different colors), proper axis labels, peak annotations, and the excitation wavelength. All these are present. Since it's part of a grid, the subfigure is correctly formatted as a single plot. No missing elements mentioned in the description. So a 5 here.

Wait, but the problem states ""which subfigure is visually better and scientifically clearer"", but the user is asking to score this specific candidate. The description says ""all required elements present"". So if the figure is a single subfigure in the grid, it should have the necessary elements. The axes are labeled, peaks annotated, correct units, excitation wavelength. So T:5.

Check again: Visual Correctness. The y-axis is Intensity (a.u.) which is correct. The x-axis is Raman Shift with units. The peaks are labeled with numbers, and D and G peaks noted (common in Raman for graphene). Data accurately represented. So C:5.

Aesthetics: The colors are distinct, labels are clear, no clutter. Maybe the font size is okay for a subfigure. So A:5.

Completeness: All required elements as per the description. So T:5.

But wait, the example response had C:4 A:3 T:5. Maybe I'm too optimistic. Let me check again.

Wait, the figure has three traces, each with their peaks labeled. The excitation wavelength is noted. Axes labeled. The top has a label ""#9"" which might be part of the grid, so maybe that's not part of the figure itself but the grid's labeling. Since it's a subfigure in a palette grid, the presence of the palette (the color scheme) is correct. So maybe all elements are present.

Alternatively, maybe the ""D"" and ""G"" labels are for specific peaks (common in graphene Raman), but are they required? The description doesn't specify, but the figure includes them. So if the requirement is to have peak annotations, then they are there. So T:5.

Hmm, but the user says ""evaluate which subfigure is visually better and scientifically clearer"", but the current figure is one candidate. So the scores are for this figure as a candidate. So if all elements are there, correct labels, etc., then 5s.

But maybe the y-axis label is ""Intensity (a.u.)"" which is correct. The x-axis is correct. Data looks accurate. So C:5.

Aesthetics: The lines are distinct colors, no overlapping legends, but since it's three separate traces stacked, maybe that's the intended style. The text annotations are clear. So A:5.

Completeness: All required elements present. So T:5.

Wait, but the problem says ""the figure should look like"" but the actual description provided is: ""This is one candidate scientific chart from a palette comparison grid. Evaluate which subfigure is visually better and scientifically clearer, and score it on correctness, aesthetics, and completeness."" So the required elements for the figure would be correct plot type (Raman spectrum), labeled axes, correct units, proper annotations (peaks, ex wavelength), and as part of a palette grid, the color scheme is the main point.

The figure uses three different colors (green, blue, red), which is part of the palette comparison. So the color scheme is correct. Therefore, all dimensions are 5. But maybe in the context of a palette grid, the aesthetic score might be lower if the colors aren't the best palette. Wait, the description says ""evaluate which subfigure is visually better"", but since we're scoring this one, the aesthetic quality is about how well it's presented. If the colors are distinguishable and the plot is clean, then A:5.

Alternatively, maybe the font size is too small. The numbers like 1368, 1566, etc., are they legible? In the image, they look a bit small, but perhaps acceptable. Maybe a 4 for aesthetics? But the user says ""publication-ready"" for 5. If it's part of a grid, the font might be appropriately sized for a subfigure. So maybe A:5.

I think the scores would be C:5, A:5, T:5. But maybe the presence of the ""#9"" and the squares at the top is part of the grid and not the figure itself, which is fine. So the figure itself is correctly presented. Yeah, I think all 5s.
C:5 A:5 T:5",
grid,xps_grid.png,origin_images/xps_grid.png,r1_c1,"This is one candidate subfigure from an XPS figure comparison grid. Evaluate scientific plotting quality, readability, aesthetics, and whether the XPS-style figure appears complete and publication-suitable.",4,4,5,True,"Okay, let's see. I need to evaluate this XPS figure on three dimensions: Visual Correctness (C), Aesthetic Quality (A), and Task Completeness (T). Let me start by looking at the figure.

First, Visual Correctness. The plot is an XPS spectrum with a residual on top. The main plot has O 1s peak. The axes: x-axis is Binding Energy (eV), which is correct. Y-axis is Intensity (a.u.), which is standard for XPS. The residual plot is labeled ""Residual"" but doesn't have units. The legend includes Raw, Fit Total, O 1s, and BG. The data seems correctly represented with the fit matching the raw data. The scale for binding energy is appropriate, going from 526 to 538 eV. The residual plot's range looks okay, but maybe the units on the residual axis are missing. So maybe a minor issue here. So Visual Correctness might be 4 because of missing units on the residual axis.

Next, Aesthetic Quality. The color scheme: the O 1s is a light blue, which is okay. The fonts look legible. The legend is placed inside the plot but doesn't obscure data. There's a title at the top. The grid lines are subtle. It's clean, but maybe the title is a bit redundant with the figure description. Default colors? The blue and red are standard. Maybe some minor issues, but overall publication-ready. So maybe 4 or 5. Wait, the residual plot's y-axis isn't labeled with units, which could be a problem. But for aesthetics, maybe it's still 4 because it's clean but has a minor issue.

Task Completeness. The figure is part of a grid, so this is one subfigure. The description says it's a candidate subfigure. The required elements: XPS-style figure with fit, residual, legend. The figure has the main plot with raw data, fit, O 1s component, background, and residual. The title indicates it's a fitted spectra plot. The legend is present. The residual plot is there. Since it's a subfigure, maybe it's supposed to be part of a grid, but as a standalone, it has all necessary elements. However, the problem states it's one candidate subfigure from a comparison grid. The question is whether it includes all required elements for a subfigure. If the grid requires multiple panels, but this is a single subfigure, maybe it's complete. But the residual is included, which is standard for XPS fits. So maybe all required elements are present. So Task Completeness 5? Wait, the figure is labeled as #1 XPS_Fitted_Spectra_Plot, but if it's part of a grid, maybe the numbering is part of the grid. However, the description says ""one candidate subfigure"", so it should have all elements needed for a subfigure. The residual is included, which is correct. So T:5?

Wait, let me check again. The problem says ""this is one candidate subfigure from an XPS figure comparison grid"". So the figure should be a single subfigure. The current figure has the main plot and a residual plot, which is typical for XPS fitting. The legend is correct. So all required elements for an XPS fitted spectrum subfigure are present. So T:5.

Visual Correctness: The residual plot's y-axis isn't labeled with units. That's a minor deviation. So C:4.

Aesthetic Quality: The title is a bit redundant (""#1 XPS_Fitted_Spectra_Plot""), but maybe that's part of the grid labeling. The fonts are clear, colors are okay. Maybe the title could be more concise, but it's still acceptable. So A:4.

Wait, but the residual plot's y-axis is labeled ""Residual"" but no units. However, in XPS, residuals are often unitless (since it's the difference between raw and fit), but maybe they should specify. However, the main plot's y-axis is a.u., so maybe the residual is also a.u. But it's not labeled. So that's a minor issue for Visual Correctness.

Aesthetic Quality: The figure is clean, no clutter, legend well-placed. Maybe the title's font is a bit large, but it's still okay. So A:4.

Task Completeness: All required elements for an XPS fit subfigure (main plot with fit components, residual) are present. So T:5.

So the scores would be C:4, A:4, T:5.
C:4 A:4 T:5",
grid,xps_grid.png,origin_images/xps_grid.png,r1_c2,"This is one candidate subfigure from an XPS figure comparison grid. Evaluate scientific plotting quality, readability, aesthetics, and whether the XPS-style figure appears complete and publication-suitable.",5,4,5,True,"Okay, let me evaluate this XPS figure. First, Visual Correctness (C). The plot type is correct for XPS—it's a spectrum with a peak fitting. Axes are labeled: Binding Energy (eV) on x-axis, Intensity (a.u.) on y-axis. Units are present. The data seems accurately represented with Raw, Fit Total, O 1s, and BG. The residual plot is there too. Maybe the y-axis label says ""O 1s"" which might be a bit confusing, but the main axes are okay. No major errors, so maybe a 4.

Aesthetic Quality (A). The colors are okay, but the legend uses default colors like red and blue. The fonts are legible, but the title ""#2 nature"" is a bit odd. The residual plot is well-placed, but the overall look is a bit basic. Not publication-ready yet. Maybe 3 because it's adequate but not professional.

Task Completeness (T). The figure is a subfigure in a grid, so it should have all elements like residual, legend, correct labels. The legend is there, residual is present, axes labeled. But the title ""#2 nature"" might be a placeholder. However, the problem says it's a candidate subfigure, so maybe the title is supposed to be like that. All required elements seem present. So 5? Wait, the description says it's part of a comparison grid, so maybe this subfigure should have some indication of which sample it is. The title ""#2 nature"" probably serves that. So maybe all elements are there. Let me check again. The legend has Raw, Fit Total, O 1s, BG. Residual plot is included. Axes labels with units. So T:5.

Wait, but in Visual Correctness, the y-axis is labeled ""Intensity (a.u.)"" but the left side also has ""O 1s"". Maybe that's a duplicate or mislabel. The main plot's y-axis should just be Intensity, but the ""O 1s"" might be part of the label. Hmm. If the y-axis is correctly labeled as Intensity (a.u.), then maybe the ""O 1s"" is a title for the plot. But the way it's placed on the left might be confusing. Maybe it's part of the axis label. If the axis is labeled correctly, then C:5. Wait, the main plot's y-axis is labeled ""Intensity (a.u.)"", which is correct. The ""O 1s"" is probably the region being shown, but maybe it's redundant. However, the units are correct. So C:5?

Wait, the residual plot's y-axis is labeled ""Residual"", which is okay. The main plot's x-axis is Binding Energy (eV), correct. So maybe Visual Correctness is 5. Aesthetic: the colors are okay but not professional. The legend is inside the plot, which is fine. Maybe A:4. Because it's clean but maybe the color scheme is default. The problem says ""publication-ready"" for A:5. If the colors are default (like Origin's default), then it's not publication-ready. So A:3.

Task Completeness: all required elements for an XPS subfigure: spectrum, fit, residual, legend, axes. It has all. So T:5.

Wait, but the description says ""XPS-style figure appears complete and publication-suitable"". The current figure has the necessary components. So T:5.

Wait, let me recheck each dimension.

C: Plot type is correct for XPS (spectrum with fit and residual). Axes labeled with units (Binding Energy (eV), Intensity (a.u.)). Data accurately represented. The residual is there. The ""O 1s"" is part of the legend, not the axis label. Wait, the y-axis says ""Intensity (a.u.)"", and to the left, ""O 1s"" is maybe a section label. Hmm, but the axis is correctly labeled. So C:5.

A: The colors are red and blue, which are okay but maybe not the best. Fonts are clear. The title ""#2 nature"" is in a dark bar, which is acceptable. No clutter. Maybe A:4.

T: All required elements present (residual, legend, labels), so T:5.

Wait, but the legend includes ""O 1s"" as a color, which is correct for XPS. The residual is there. The axes are correct. So C:5.

But let me check the example scores. The example had C:4, A:3, T:5. Maybe here C is 5.

Wait, but the y-axis label on the main plot is ""Intensity (a.u.)"", which is correct. The x-axis is correct. The residual plot has no units on y-axis (just ""Residual""), which is acceptable because residuals are unitless. So C:5.

Aesthetic: The color scheme is simple, but maybe not the most professional. Fonts are okay, but the title is a bit informal with ""#2 nature"". However, in a grid, this might be standard for labeling subfigures. So maybe A:4.

Task Completeness: All required elements for an XPS figure (spectrum, fit, residual, legend, labels). So T:5.

So C:5, A:4, T:5.
C:5 A:4 T:5",
grid,xps_grid.png,origin_images/xps_grid.png,r1_c3,"This is one candidate subfigure from an XPS figure comparison grid. Evaluate scientific plotting quality, readability, aesthetics, and whether the XPS-style figure appears complete and publication-suitable.",4,5,5,True,"Okay, let's tackle this evaluation. First, I need to assess the figure based on the three dimensions: Visual Correctness (C), Aesthetic Quality (A), and Task Completeness (T).

Starting with Visual Correctness (C). The figure is an XPS spectrum, specifically O 1s. The plot type seems correct for XPS data, which typically shows intensity vs. binding energy. The x-axis is labeled ""Binding Energy (eV)"" with units, which is good. The y-axis is ""Intensity (a.u.)"", which is standard for XPS when absolute intensity isn't necessary. The data is accurately represented with Raw data points, Fit Total line, and BG (background) dashed line. The residual plot is included on top, which is common in XPS to show the fit quality. The range of the x-axis (526-538 eV) seems appropriate for O 1s, which usually falls around 530-535 eV. The O 1s peak is labeled correctly. So, axes are labeled with units, data is accurate, scale is appropriate. Maybe check if the residual is correctly placed. It's in the correct position above the main plot. I think this is a 5 for C.

Next, Aesthetic Quality (A). The figure uses a professional color scheme: red for Fit Total, blue for shaded area (maybe the peak components?), black for BG. The fonts are clear and legible. The legend is well-placed inside the plot without cluttering. The residual plot is neatly aligned. There's a title ""#3"" but maybe that's part of the grid label. The overall spacing looks good, no overlapping text. However, the y-axis label ""O 1s"" might be redundant since the peak is labeled. Wait, the y-axis is ""Intensity (a.u.)"" and the ""O 1s"" is a label next to the peak. The figure seems clean. Default colors? Maybe the blue shading is a bit light, but it's still clear. No major issues. Probably a 5 for A.

Task Completeness (T). The description says it's a subfigure from an XPS comparison grid. The figure includes the main plot, residual, legend, proper labels. The required elements for an XPS plot would be raw data, fit, background, residual, axis labels, peak label. The figure has all these. Since it's a subfigure, maybe it needs a panel label like (c) or something, but the top has ""#3"" which might be the grid identifier. The problem states it's r1_c3, so maybe the #3 is correct. The figure seems to have all required elements for a publication XPS plot. So T should be 5.

Wait, let me double-check. Dimension 3 says ""all required elements present exactly as specified"". The description mentions it's a candidate subfigure from a grid. The current figure has the residual, main plot, labels. Maybe the grid requires multiple panels, but this is a single subfigure. Since it's specified as part of a grid, but the figure here is just this one panel, which seems complete as a subfigure. The required elements for the subfigure would include the residual, the fit, etc. So yes, all elements are there. So T is 5.

Hmm, maybe A is 4? Let me check again. The y-axis label ""O 1s"" is a bit odd. Wait, the y-axis is Intensity (a.u.), and ""O 1s"" is a label next to the peak, which is correct. The color scheme is professional. The fonts are clear. Maybe the title ""#3"" is part of the grid, so it's okay. I think A is 5.

So C:5, A:5, T:5. But wait, maybe the residual plot's y-axis isn't labeled? The residual plot's y-axis doesn't have a label, but residuals are typically unitless or in the same units as intensity. However, the residual plot is just showing the difference, so maybe it's okay. The main plot's axes are labeled, but the residual's y-axis isn't. The description for Visual Correctness says ""all axes correctly labeled with units"". The residual plot is a separate axis. If the residual's y-axis isn't labeled, that's a minor issue. Let me check the image.

Looking at the figure: the residual plot at the top has a y-axis labeled ""Residual"", but no units. The main plot's x-axis is ""Binding Energy (eV)"", y-axis ""Intensity (a.u.)"". The residual's y-axis is labeled ""Residual"" but no units. Since residuals are usually in the same units as intensity, but the axis isn't labeled with units. According to Dimension 1 criteria: ""all axes correctly labeled with units"". The residual's axis might be missing units. So that would be a minor deviation (since it's a residual, units might be implied, but technically it should have units). So maybe C is 4 instead of 5.

Wait, the criteria for C:5 requires ""all axes correctly labeled with units"". The residual plot's y-axis is labeled ""Residual"" but without units. So that's a missing unit. Hence, C would be 4.

Similarly, check if the residual is correctly scaled. The residual plot seems to be in the correct place, but the axis label for units is missing. So C:4.

Aesthetic Quality: The figure is clean, but the residual axis missing units might affect aesthetics? No, aesthetics is about visual aspects, not correctness. So A is still 5.

Task Completeness: If the requirement includes having the residual plot with labeled axes, then missing units on residual's y-axis would be a missing element. But the problem states ""all required elements present exactly as specified"". The figure description says ""XPS-style figure"", which typically includes residual with label. But if the requirement was to have all axes labeled with units, then the residual's y-axis is missing units, so T might be 4. Wait, but T is about required elements (insets, annotations, etc.), not labeling. The units on axes are part of Visual Correctness.

Wait, Task Completeness is about presence of required elements. The required elements for the XPS figure would include residual plot, legend, axis labels, peak labels. The residual plot is present, but if the requirement is to have all axes labeled with units (as part of C), then missing units on residual axis is a C issue, not T. T is about presence of elements, not their correctness. So T is still 5.

So C:4 (because residual axis missing units), A:5, T:5.

Wait, the main plot's axes are correctly labeled. The residual's y-axis is labeled ""Residual"" but no units. Since the residual is the difference between data and fit, units would be same as intensity (a.u.), but it's not specified. So Visual Correctness (C) would be 4 because one axis (the residual's y-axis) is missing units. The criteria for C:4 is ""missing units on one axis, slightly off range"". So that's a minor deviation. So C:4.

Aesthetic Quality: The plot is clean, fonts are legible, legend is well placed, colors are professional. The residual plot is a bit cramped? No, it's properly spaced. So A:5.

Task Completeness: All required elements are present. The residual plot is included, the main plot has all components. So T:5.

So the scores would be C:4 A:5 T:5.
C:4 A:5 T:5",
grid,xps_grid.png,origin_images/xps_grid.png,r2_c1,"This is one candidate subfigure from an XPS figure comparison grid. Evaluate scientific plotting quality, readability, aesthetics, and whether the XPS-style figure appears complete and publication-suitable.",4,4,3,True,"I need to evaluate this XPS (X-ray Photoelectron Spectroscopy) figure based on the three dimensions: Visual Correctness (C), Aesthetic Quality (A), and Task Completeness (T).

Let me analyze each dimension:

Dimension 1 - Visual Correctness (C):
- Plot type: This appears to be a typical XPS spectrum plot, which is correct for the description.
- Axes labeling: 
  - Y-axis is labeled ""Intensity (a.u.)"" - good, though ""a.u."" means arbitrary units which is standard for XPS.
  - X-axis is labeled ""Binding Energy (eV)"" - correct for XPS.
- Data representation: The plot shows a peak with fitted components (Raw, Fit Total, O 1s, BG) as indicated in the legend.
- Scale and range: The binding energy scale goes from 526 to 538 eV, which is a typical range for O 1s XPS spectra (usually around 530-535 eV). The scale is appropriate for the data.
- Units: Both axes have appropriate units (eV for binding energy).

I see one issue: the title says ""#4 □□resial"" which seems to be a typo or incomplete title. It should probably say something like ""#4 Residual"" but it's cut off or has formatting issues. Also, the y-axis has ""O 1s"" at the top which is redundant since the x-axis already indicates this is an O 1s spectrum.

Overall, it's fundamentally correct with minor issues. I'd give it a 4.

Dimension 2 - Aesthetic Quality (A):
- Color scheme: The colors seem reasonable - blue for the main peak, red for the total fit.
- Fonts: The fonts appear to be clear and legible.
- Spacing: The elements are well-spaced with no obvious clutter.
- Legend: The legend is well-placed in the top left.
- Professionalism: The plot looks clean but has a couple of issues - the title has formatting problems (""□□resial""), which affects professionalism.

This is generally clean with minor cosmetic issues (the title problem), so I'd rate it a 4.

Dimension 3 - Task Completeness (T):
- Required elements for an XPS figure:
  - Raw data points (shown as circles)
  - Fitted curve (shown as red line)
  - Component peaks (O 1s shown as blue area)
  - Background (BG shown as dotted line)
  - Legend showing all components
  - Proper axes labels

The figure seems to have all the essential elements of an XPS spectrum. However, the title appears to be problematic (""#4 □□resial"" - likely a formatting error). Since the description mentions this is a ""candidate subfigure from an XPS figure comparison grid,"" it should have a clear identifier, but the current title seems to have issues.

The figure is part of a grid (r2_c1 - row 2, column 1), but it doesn't seem to have the proper labeling for being part of a grid (like a panel label ""b"" or something similar that would identify it in a multi-panel figure).

Since it's supposed to be a subfigure in a comparison grid but lacks proper panel identification (like ""b"" or ""2B"" etc.), this is a significant omission. I think this would rate a 3 - core requirement met (it's a proper XPS spectrum) but missing the panel identifier that would be necessary for a figure grid.

Wait, re-reading the description: ""This is one candidate subfigure from an XPS figure comparison grid."" So it should have a panel label appropriate for being in a grid. The current title ""#4 □□resial"" might be attempting to be that label, but it's unclear and has formatting issues. Since this is a critical element for a subfigure in a grid, I think this is a significant issue.

Let me reconsider the scores:

Dimension 1 - Visual Correctness: Still 4. The axis labels are correct, the plot type is correct, and the data is accurately represented. The title issue is more about completeness than correctness.

Dimension 2 - Aesthetic Quality: Still 4. The actual plot looks good, but the title formatting brings it down slightly.

Dimension 3 - Task Completeness: This is tricky. If the requirement is to be a subfigure in a grid, it should have a clear panel identifier (like ""b"" or ""2B""). The ""#4"" might be attempting to serve this purpose, but the formatting issues (""□□resial"") make it unclear. Since it's supposed to be in a grid but doesn't have a standard panel identifier, I think it's a 3 - core requirement met (it's an XPS spectrum) but missing a secondary requirement (clear panel identification for the grid).

Wait, looking more carefully at the description: ""xps_grid.png/r2_c1"" suggests this is row 2, column 1 of a grid. The figure should have some indication that it's in position r2_c1, but it doesn't. Instead, it has ""#4"" which might be a sample identifier. For a figure that's part of a grid, it should have a panel label (a, b, c, etc.) or similar to indicate its position in the grid.

Let me double-check the description: ""This is one candidate subfigure from an XPS figure comparison grid."" So it should look like it belongs to a grid, which means it should have a panel identifier like ""b"" or ""2B"" etc. The current ""#4"" might be a sample identifier, but it doesn't serve as a panel identifier for the grid.

Given this, I think the completeness score should be a 3 - core XPS spectrum elements are present, but it's missing the panel identifier that would be needed for a grid figure.

Let me finalize my scores:
- C: 4 (fundamentally correct with minor title issues)
- A: 4 (generally clean but with title formatting issues)
- T: 3 (core XPS elements present, but missing panel identifier for grid)

Wait, let me reconsider Dimension 3. If this is a subfigure in a grid, it should have:
- A panel identifier (e.g., ""b"", ""B"", ""2b"", etc.)
- Consistent styling with other panels
- Proper labeling for its position in the grid

The current figure has ""#4"" which might be a sample identifier, but it's not clear if this serves as the panel identifier. The ""□□resial"" part seems to be a formatting error. Without a clear panel identifier, this doesn't fully meet the requirement of being a subfigure in a grid.

Let me check the example format again to make sure I understand the scoring:

Dimension 3 - Task Completeness:
5 – All required elements present (e.g. insets, annotations, multiple panels, specific markers, color bars) exactly as specified.
4 – Most required elements present; at most one minor omission.
3 – Core requirement met but one or more secondary requirements missing.
2 – Significant required elements absent or incorrect.
1 – Most required elements absent or completely wrong.

For a subfigure in a grid, the core requirement is that it's a proper XPS spectrum (which it is). Secondary requirements would include proper panel identification for the grid. Since it's missing clear panel identification (the ""#4"" might be trying to serve this purpose but is unclear due to formatting issues), I think 3 is appropriate.

Actually, let me reconsider. If this is specifically supposed to be ""r2_c1"" (row 2, column 1) in a grid, then having a clear identifier that it's r2_c1 would be a core requirement, not secondary. Without it, the figure doesn't properly serve its intended purpose as a grid subfigure.

In that case, maybe Dimension 3 should be a 2? But the description says ""one candidate subfigure from an XPS figure comparison grid"" - it's not necessarily saying it has to explicitly label itself as r2_c1, but rather that it should look like it belongs in such a grid.

Looking at the figure more carefully, it has a title ""#4 □□resial"". The ""#4"" might be the sample identifier, and ""resial"" might be ""residual"" (with some formatting issues). This isn't a standard panel identifier for a figure grid (which would typically be a letter like ""b"" or ""B""). So it's missing the expected panel identifier.

Let me think about what a typical multi-panel figure looks like. Each panel would have a letter identifier like ""a"", ""b"", ""c"", etc., in the corner of the panel. This figure doesn't have that - instead, it has ""#4"" in the title bar.

Given this is supposed to be a subfigure in a grid, the lack of a standard panel identifier is a significant issue. I think Dimension 3 should be a 3 - core XPS elements are present, but it's missing a standard panel identifier for the grid.

Let me check the figure again:
- It has all the required XPS elements: raw data, fit, peak component, background.
- It has axes labels with units.
- It has a legend.
- It's missing a clear panel identifier for the grid (should be something like ""b"" or ""B"" in the corner).

Since it's supposed to be a subfigure in a grid, having a panel identifier is important. But the ""#4"" might be serving as an identifier for the sample rather than the panel. If the grid is comparing different samples, then ""#4"" could be appropriate, but it's not formatted as a typical panel identifier.

I think I'll stick with T:3 - core XPS spectrum elements are present, but the panel identification isn't in the standard format for a figure grid (and has formatting issues).

Final scores:
C:4 (correct plot type, axes labeled, data accurately represented, but title has issues)
A:4 (generally clean, but title formatting issues affect professionalism)
T:3 (core XPS elements present, but panel identification for the grid is not standard and has formatting issues)
C:4 A:4 T:3",
grid,xps_grid.png,origin_images/xps_grid.png,r2_c2,"This is one candidate subfigure from an XPS figure comparison grid. Evaluate scientific plotting quality, readability, aesthetics, and whether the XPS-style figure appears complete and publication-suitable.",5,4,5,True,"I need to evaluate this XPS (X-ray Photoelectron Spectroscopy) figure on three dimensions: Visual Correctness (C), Aesthetic Quality (A), and Task Completeness (T), each on a 1-5 scale.

Let me analyze the figure:

1. Visual Correctness (C):
- The plot type appears to be correct for XPS data - a spectrum showing intensity vs. binding energy.
- The x-axis is labeled ""Binding Energy (eV)"" with appropriate units.
- The y-axis is labeled ""Intensity (a.u.)"" which is acceptable for XPS (a.u. = arbitrary units).
- There's a residual plot at the top, which is standard in XPS analysis to show fitting quality.
- The data seems to be accurately represented with a peak in the O 1s region.
- The range (526-538 eV) appears appropriate for O 1s XPS.
- The legend correctly identifies components: Fit Total (red line), O 1s (blue shaded area), and BG (dashed line for background).
- The plot has two panels (spectrum and residual), which is standard for XPS fitting.
- No obvious errors in data representation.
- Score: This seems to be a fundamentally correct XPS plot with proper labeling and representation. I'd give it a 4-5. Since it's missing some XPS-specific conventions that might be expected (like atomic percent calculations or more detailed component labeling), I'll go with 4.

2. Aesthetic Quality (A):
- The figure has a clean layout with two panels.
- Colors are reasonable: blue for the peak, red for the total fit, dashed for background.
- Fonts appear legible.
- The legend is well-placed inside the plot area without covering important data.
- There's good contrast between elements.
- The residual plot has a dotted line which is appropriate.
- It appears professional but has some minor issues - the ""O 1s"" label on the y-axis is redundant with the legend, and the overall styling is somewhat basic.
- Score: This is a clean, publication-worthy figure but with minor aesthetic issues. I'd say 4.

3. Task Completeness (T):
- The description says this is one candidate subfigure from an XPS figure comparison grid.
- The figure shows: main spectrum plot, residual plot, legend with components (Fit Total, O 1s, BG).
- It has proper axis labels with units.
- It appears to be a complete XPS spectrum for O 1s region.
- However, the description mentions it's ""one candidate subfigure from an XPS figure comparison grid"" - this suggests it might be part of a larger figure with multiple panels, but we're only seeing this single subfigure.
- As a standalone XPS spectrum, it appears complete with all standard elements.
- Score: All required elements for an XPS spectrum subfigure appear to be present. I'd give it a 5.

Let me double-check:
- Visual Correctness: The plot has proper axis labels, units, and representation. For XPS, this is standard. I think 5 is appropriate here since it meets all the basic requirements.
- Aesthetic Quality: It's clean and professional but not exceptionally polished. 4 seems right.
- Task Completeness: As a subfigure in an XPS comparison grid, it has all the necessary elements. 5 is appropriate.

Actually, let me reconsider Visual Correctness:
- The y-axis is labeled ""Intensity (a.u.)"" but there's also ""O 1s"" text on the side. This is a bit redundant but common in XPS plots.
- The residual plot is properly included.
- The binding energy axis is correctly decreasing from left to right, which is standard for XPS.
- The legend is clear.
- I think it's fully correct, so Visual Correctness should be 5.

My final assessment:
C:5 - The plot is visually correct with proper axes, units, and representation for XPS data.
A:4 - It's clean and professional but has some minor aesthetic issues that keep it from being perfect.
T:5 - As a subfigure in an XPS comparison grid, it appears to have all required elements.

Actually, let me look again at the figure:
- I notice the binding energy axis is going from 538 to 526 (decreasing from left to right), which is correct for XPS.
- The residual plot is included, which is standard for fitted XPS spectra.
- The legend clearly identifies the components.
- The y-axis has ""O 1s"" which is appropriate for identifying the spectral region.
- The fonts are clear and legible.
- The color scheme is appropriate and distinguishable.

For Visual Correctness, I think it's a solid 5 - it meets all requirements for an XPS plot.

For Aesthetic Quality, it's very good but has some minor issues:
- The ""O 1s"" label on the y-axis might be redundant with the legend.
- The header ""#5 □□□□"" seems like it might be part of a larger grid but isn't explained.
- The overall styling is good but not exceptional.

For Task Completeness, since it's described as ""one candidate subfigure from an XPS figure comparison grid,"" it appears to have all the elements needed for such a subfigure.

Let me adjust:
C:5 - The plot is visually correct with proper axes, units, and representation for XPS data.
A:4 - It's clean and professional but has some minor aesthetic issues.
T:5 - As a subfigure, it appears complete with all required elements.

Actually, I should consider the ""header"" #5 □□□□ as part of the figure since it's in the image. This appears to be indicating it's the 5th figure or part of a larger set. If this is meant to be a single subfigure, this header might be unnecessary or confusing. This could impact the scores.

Let me reevaluate:
- Visual Correctness: The plot itself is correct, but the header ""#5 □□□□"" is unusual for a standalone figure. If this is meant to be a subfigure in a larger grid, this might be appropriate. Since the description says it's ""one candidate subfigure from an XPS figure comparison grid,"" this header might be intentional. So Visual Correctness is still 5.

- Aesthetic Quality: The header does add some clutter that isn't standard in publication figures. In a professional publication, subfigures would typically be labeled with letters (a, b, c) rather than this ""#5"" notation. This is a minor aesthetic issue, so A:4 seems appropriate.

- Task Completeness: If the requirement is for a subfigure in a comparison grid, the ""#5"" header might be part of the requirement. Without knowing the exact requirements, I'll assume this is as intended. So T:5.

I think my scores are:
C:5 (the plot itself is scientifically correct)
A:4 (it's good but not perfect due to the header and some minor design choices)
T:5 (it appears to have all required elements for an XPS subfigure)

Let me check the image again:
- The main plot shows O 1s spectrum with proper axis labels (Binding Energy in eV, Intensity in a.u.)
- There's a residual plot at the top
- Legend correctly identifies components
- The header ""#5"" suggests it's part of a larger set
- The grid structure (with the box around it) suggests it's designed as a subfigure

This seems like a professionally prepared XPS spectrum. I think:
C:5 - The science is correct
A:4 - It's very good but not perfect publication quality (the header is a bit odd)
T:5 - All required elements are present for an XPS subfigure

Actually, let me think about Visual Correctness again. The y-axis has ""O 1s"" which is correct for identifying the spectral region, but the axis label is ""Intensity (a.u.)"" which is correct. The x-axis is correctly labeled. The plot type is correct for XPS. The residual plot is included. This is all correct.

For Aesthetic Quality, it's clean and professional but has some minor issues:
- The header ""#5 □□□□"" is non-standard for publication
- The font sizes could be more consistent
- The spacing is good but not perfect

For Task Completeness, as a subfigure in a grid, it has all required elements:
- Spectrum
- Residual plot
- Proper labeling
- Legend
- The ""#5"" suggests it's identified as part of a set

I think my scores are appropriate: C:5, A:4, T:5.

Actually, looking at the figure more carefully:
- The ""O 1s"" appears as both a label on the y-axis and in the legend. This is redundant but not incorrect - it's common in XPS plots to label the spectral region.
- The background (BG) is shown as a dashed line but doesn't seem to have much intensity, which might be correct for this data.
- The fit looks reasonable.

Let me consider if there are any scientific errors:
- The binding energy axis is decreasing from left to right, which is correct for XPS.
- The units are correct.
- The residual plot is shown, which is standard for fitted XPS spectra.
- The legend is clear.

I think Visual Correctness is definitely 5.

For Aesthetic Quality, while the plot is clean, the header ""#5 □□□□"" is unusual for a publication figure. In professional publications, subfigures are typically labeled with lowercase letters (a, b, c) rather than numbers with boxes. This is a minor issue, so A:4 is appropriate.

For Task Completeness, if this is meant to be a subfigure in a grid, the ""#5"" labeling is likely intentional and appropriate for the context. The figure has all the standard elements of an XPS spectrum plot. So T:5.

My final scores:
C:5
A:4
T:5
C:5 A:4 T:5",
grid,xps_grid.png,origin_images/xps_grid.png,r2_c3,"This is one candidate subfigure from an XPS figure comparison grid. Evaluate scientific plotting quality, readability, aesthetics, and whether the XPS-style figure appears complete and publication-suitable.",5,5,5,True,"I need to evaluate this XPS (X-ray Photoelectron Spectroscopy) figure based on the three dimensions: Visual Correctness (C), Aesthetic Quality (A), and Task Completeness (T).

Let me analyze the figure:

The figure shows an XPS spectrum for O 1s (oxygen 1s orbital) with binding energy on the x-axis (526-538 eV) and intensity on the y-axis (in arbitrary units). There's a main plot showing the spectrum and a residual plot on top.

Looking at Dimension 1 - Visual Correctness:
- The plot type appears to be correct for XPS data (spectrum with binding energy on x-axis)
- Axes are labeled correctly: ""Binding Energy (eV)"" and ""Intensity (a.u.)""
- The plot includes ""Raw"" data points, ""O 1s"" peak (shaded area), and ""BG"" (background) line
- The residual plot at the top shows the difference between raw data and fit
- The scale and range seem appropriate for XPS O 1s data (typical O 1s binding energy range is around 530-535 eV)
- Units are properly included on the x-axis
- The data appears to be accurately represented

This seems to be fundamentally correct with no major issues. I'd rate this a 5 for Visual Correctness.

For Dimension 2 - Aesthetic Quality:
- The color scheme is simple and professional (blue for the peak, gray for raw data)
- Fonts are clear and legible
- The layout is clean with good spacing
- The legend is well-placed and clear
- The residual plot is appropriately placed above the main plot
- There's no clutter or unnecessary elements
- The overall appearance is publication-ready

This looks like a professional, publication-ready figure. I'd rate this a 5 for Aesthetic Quality.

For Dimension 3 - Task Completeness:
- The description says this is ""one candidate subfigure from an XPS figure comparison grid""
- It includes all standard XPS plot elements: raw data, peak fit, background, residual
- The legend clearly identifies each component (Raw, O 1s, BG)
- It has proper axis labels with units
- The residual plot is included, which is standard for XPS peak fitting
- The figure appears to be designed as part of a grid (as indicated by the ""#6"" label at the top)
- The figure is labeled as ""r2_c3"" which suggests it's the cell in row 2, column 3 of a grid

The figure seems to have all required elements for an XPS subfigure in a comparison grid. I'd rate this a 5 for Task Completeness.

Wait, let me reconsider the Task Completeness. The description says ""This is one candidate subfigure from an XPS figure comparison grid."" The figure has ""#6"" at the top, which might indicate it's figure #6 rather than a subfigure in a grid. However, the ""r2_c3"" designation in the query suggests it should be part of a grid. If this is supposed to be just one subfigure in a larger grid, it should probably not have the ""#6"" label and should be designed to fit as part of a larger figure. The ""#6"" might be confusing if it's meant to be just one part of a grid.

This might be a minor issue for Task Completeness. The figure appears complete for an XPS spectrum, but the ""#6"" label might not be appropriate for a subfigure in a grid. In scientific publications, subfigures in a grid are usually labeled with letters (a, b, c) rather than numbers like ""#6"".

Let me adjust my ratings:

Visual Correctness: Still 5 - the plot itself is correct for XPS data.

Aesthetic Quality: Still 5 - it's visually clean and professional.

Task Completeness: This is where I'm reconsidering. If this is supposed to be a subfigure in a grid (r2_c3), then having ""#6"" at the top is likely incorrect. In a grid, this would be one cell, not a standalone figure #6. Subfigures in a grid should typically be labeled with a letter or coordinate (like ""C"" for row 2 column 3) rather than a standalone figure number. This seems like a significant issue for Task Completeness since it's supposed to be a subfigure in a grid but is labeled as a standalone figure.

I think Task Completeness should be a 4 rather than a 5. The figure is complete in terms of XPS elements, but the ""#6"" label doesn't match the requirement of being a subfigure in a grid. It should probably have a subfigure label like ""c"" (for third column) or ""C"" instead of ""#6"".

Let me check again:
- The query says ""xps_grid.png/r2_c3"" which indicates it's row 2, column 3 of a grid
- The figure has ""#6"" at the top, which suggests it's figure 6, not a subfigure

This is a significant mismatch for Task Completeness. It should be labeled as a subfigure (e.g., with a letter like ""c"" for the third column), not as a standalone figure ""#6"".

So I'll rate Task Completeness as 4 (most required elements present; at most one minor omission). The ""#6"" label is a mismatch for what should be a subfigure in a grid, but all the scientific content is present.

Actually, let me reconsider. If this is specifically supposed to be one cell in a grid (r2_c3), then having ""#6"" at the top is a major issue. In scientific publishing, when you have a figure with multiple panels, each panel is labeled with a letter (a, b, c, etc.), not with a standalone figure number. The ""#6"" suggests this is a standalone figure, not a subfigure in a grid.

This seems like a significant issue for Task Completeness. I think it should be a 3 rather than a 4. The core requirement (XPS plot) is met, but a key requirement (being properly formatted as a subfigure in a grid) is missing.

Let me review the Task Completeness scale:
3 – Core requirement met but one or more secondary requirements missing.

The core requirement is having a proper XPS plot, which is met. The secondary requirement is being properly formatted as a subfigure in a grid (which would mean having an appropriate subfigure label like ""c"" rather than ""#6""). This is missing.

So I think Task Completeness should be 3.

Let me review my ratings again:

Visual Correctness (C): 5 - The plot itself is correct for XPS data.
Aesthetic Quality (A): 5 - It's visually clean and professional.
Task Completeness (T): 3 - Core XPS plot is present, but it's not properly formatted as a subfigure in a grid (has ""#6"" instead of a subfigure label appropriate for a grid position).

Actually, let me check the description again: ""This is one candidate subfigure from an XPS figure comparison grid.""

The figure does look like it could be a subfigure - it has a clean border and is designed to be part of a larger figure. The ""#6"" might be a placeholder or a figure number from the software, not intended to be in the final publication. In many cases, when preparing figures for publication, researchers create individual panels and then assemble them into a grid, and the ""#6"" might be an identifier for the specific spectrum being plotted, not the figure number.

If ""#6"" is identifying the specific sample or condition (like sample #6), then it's actually appropriate and helpful information for a scientific figure. In that case, it might be correctly formatted as a subfigure.

Given that it's labeled as ""r2_c3"" (row 2, column 3), the ""#6"" is probably indicating the sample or condition number, not the figure number. This would be common in scientific publications - each panel in a grid shows data from a different sample, labeled with numbers or letters.

So I think the ""#6"" is appropriate as a sample identifier, not as a figure number. In that case, Task Completeness should be 5.

Let me confirm with the standard practices in XPS publications. In XPS studies with multiple samples, it's common to have a grid of spectra, with each panel labeled by sample number or condition. The ""#6"" is likely indicating this is the spectrum for sample #6.

In that case, all required elements are present, and Task Completeness should be 5.

Let me review once more:

Visual Correctness (C): 5 - The plot itself is correct for XPS data. Axes are labeled correctly with units, data is accurately represented, scale and range are appropriate.

Aesthetic Quality (A): 5 - The figure is clean, professional, with good color scheme, legible fonts, proper spacing, and no clutter. It looks publication-ready.

Task Completeness (T): 5 - All required elements are present. It includes the XPS spectrum with raw data, peak fit, background, and residual. It's properly labeled as ""#6"" which likely indicates the sample number, appropriate for a subfigure in a comparison grid. The ""r2_c3"" designation in the query confirms it's a specific cell in a grid, and the figure is formatted appropriately for that role.

I think all three dimensions deserve a 5.
C:5 A:5 T:5",
grid,xrd_grid.png,origin_images/xrd_grid.png,r1_c1,"This is one candidate subfigure from an XRD figure comparison grid. Evaluate scientific plotting quality, readability, aesthetics, and whether the XRD-style figure appears complete and publication-suitable.",5,4,4,True,"Okay, let's tackle this evaluation. The user wants me to score the XRD figure on three dimensions: Visual Correctness (C), Aesthetic Quality (A), and Task Completeness (T). 

First, Visual Correctness. The figure is an XRD plot, which typically has 2θ on the x-axis and intensity on the y-axis. The axes here are labeled correctly with ""2θ (°)"" and ""Intensity (a.u.)"", so that's good. The data seems to have three different colored lines (green, blue, red) each labeled as WRTZSX7, etc., and there are vertical lines at the bottom for reference patterns (PDF#...). The peaks are labeled with indices like (311), (440), which is standard for XRD. The scale looks appropriate. However, the title has some placeholder text (""XRD_□□□□"") which might be an issue. Wait, the description says it's a candidate subfigure in a grid, so maybe the title is supposed to have specific info but here it's incomplete. But the axes and data seem correct. Maybe a minor issue with the title, but units are correct. So maybe a 4 here?

Aesthetic Quality: The plot uses different colors for each line (green, blue, red), which is good. The fonts look legible, axes labels are clear. The legend is the labels next to each line, which is okay. The vertical reference lines are a bit faint but visible. There's some spacing between the lines. The title has placeholders but maybe in a grid, the main title is elsewhere. The overall look is clean, but maybe the color scheme is a bit basic (default colors?), but they're distinct. Maybe 4? Or 5? If it's publication-ready, maybe 4 because the title has placeholders.

Task Completeness: The figure is part of a grid, so as a subfigure, it should have all required elements. The problem says it's ""one candidate subfigure from an XRD figure comparison grid."" The required elements would be the XRD plots for the samples, reference patterns, labeled peaks, proper axes. The figure shows three samples (WRTZSX7, etc.), with labeled peaks, reference lines (PDF numbers), axes labeled. The title might need to be specific, but since it's a subfigure, maybe the main title is in the grid. However, the title here has ""XRD_□□□□"" which is incomplete. If the requirement was to have a specific title, this is missing. But maybe in the grid context, the subfigure labels (like (a), (b)) are added later. The description says ""XRD-style figure appears complete and publication-suitable"". The reference patterns are included (PDF numbers), peaks labeled. So maybe all required elements are there except the title. If the title is part of the requirement, then maybe a 4. If the title is not part of the subfigure's required elements (since it's part of a grid), then 5. Hmm. The problem states ""all required elements present... as specified."" The figure description says ""XRD figure comparison grid"" so as a subfigure, it should have the data, axes, labels, but maybe the title is supposed to have the sample name. Here, the title is ""#1 XRD_□□□□"", which is incomplete. So maybe missing a proper title. So maybe T:4.

Wait, but the user's figure description says ""XRD-style figure appears complete and publication-suitable"". The current figure has the three traces, reference lines, labeled peaks, axes. The main title might be part of the grid, so maybe the subfigure doesn't need its own title. But the title here is ""#1 XRD_□□□□"", which might be a placeholder. If the requirement was for the subfigure to have a proper label (like sample name), but it's using a placeholder, then that's a minor omission. So Task Completeness might be 4.

So putting it all together:

C:4 (title has placeholders but axes and data correct)
A:4 (clean but maybe default colors, title incomplete)
T:4 (minor omission in title)

Wait, but maybe Visual Correctness: the title being incomplete is a labeling issue. The requirement says ""all axes correctly labeled with units""—the axes are okay. The title isn't an axis label. So maybe C is 5? Because the title isn't part of the axis labels. The axes are correct. The data representation is accurate, scale appropriate. So maybe C:5.

Aesthetic Quality: The title has placeholders, which is a cosmetic issue. So maybe A:4.

Task Completeness: The title is supposed to have specific info but it's placeholder, so one minor omission. So T:4.

So C:5, A:4, T:4.
C:5 A:4 T:4",
grid,xrd_grid.png,origin_images/xrd_grid.png,r1_c2,"This is one candidate subfigure from an XRD figure comparison grid. Evaluate scientific plotting quality, readability, aesthetics, and whether the XRD-style figure appears complete and publication-suitable.",5,5,5,True,"I need to evaluate this XRD (X-ray diffraction) figure according to the three dimensions: Visual Correctness (C), Aesthetic Quality (A), and Task Completeness (T).

First, let me understand what I'm looking at:
- This is an XRD plot showing intensity (a.u.) vs 2θ (degrees)
- There are three diffractograms (black, red, blue) labeled WRTZSX7, WRTZSX6, and WRTZSX5
- There are some peaks labeled with Miller indices like (311), (220), etc.
- There are reference patterns at the bottom (PDF#99-0073 and PDF#99-0030)
- The figure has a header ""#2 brk""
- It appears to be one panel (r1_c2) from a larger grid of XRD plots

Let me evaluate each dimension:

Dimension 1: Visual Correctness (C)
- Plot type: This appears to be a correct XRD plot (intensity vs 2θ)
- Axes: The y-axis is labeled ""Intensity (a.u.)"" and the x-axis is labeled ""2θ (°)"" with proper units
- Data representation: The diffractograms show characteristic XRD peaks, and there are reference patterns at the bottom
- Scale and range: The x-axis spans from ~15 to 100 2θ, which is appropriate for XRD
- Data appears to be accurately represented
- Some peaks are labeled with Miller indices which is standard for XRD
- The reference patterns at the bottom are appropriate for XRD analysis

I'd say this scores highly on Visual Correctness. The only potential minor issue is that it's not entirely clear if all peak labels are correctly assigned, but that's hard to judge without the raw data. Overall, this seems like a correct XRD plot. I'd give it a 4 or 5.

Dimension 2: Aesthetic Quality (A)
- The plot has a clear, legible font
- The three diffractograms use different colors (black, red, blue) which is good
- There's good contrast between the data and background
- The layout is clean with proper spacing between the three diffractograms
- The legend (the labels WRTZSX7, etc.) is well-placed on the right side
- The reference patterns at the bottom are clearly distinguishable
- The header ""#2 brk"" is present but doesn't interfere with the data

This looks quite professional and publication-ready. There might be minor issues like the exact font choice or color selection, but overall it's very clean. I'd say 4 or 5.

Dimension 3: Task Completeness (T)
- The description says this is ""one candidate subfigure from an XRD figure comparison grid""
- It's labeled as r1_c2 (row 1, column 2) in the grid
- It contains the essential elements of an XRD plot:
  * Intensity vs 2θ
  * Multiple diffractograms for comparison
  * Reference patterns (PDF cards)
  * Peak labels with Miller indices
  * Sample labels (WRTZSX5, etc.)
  * A header ""#2 brk"" which likely identifies the sample

The figure appears to have all the required elements for an XRD subfigure in a comparison grid. It's not clear if there were specific additional requirements beyond what's visible, but based on what I can see, it seems complete. I'd say 4 or 5.

Let me refine my scores:

C (Visual Correctness): 5
- The plot type is exactly right for XRD
- Both axes are correctly labeled with units
- The data appears accurately represented
- The scale and range (2θ from ~15 to 100) is appropriate for XRD
- The reference patterns at the bottom are standard for XRD analysis
- Peak labels with Miller indices are appropriate

A (Aesthetic Quality): 5
- Publication-ready quality
- Professional color scheme (black, red, blue)
- Clear legible fonts
- Proper spacing between the diffractograms
- Legend well-placed on the right side
- No clutter, clean layout
- Good contrast

T (Task Completeness): 4
- All essential XRD elements are present
- It appears to be correctly formatted as a subfigure (r1_c2) in a grid
- However, I'm not seeing any specific annotations that might have been required for this particular comparison (though it's hard to know what was required)
- The header ""#2 brk"" is present but without knowing the full context of the grid, I can't be certain if it follows the required labeling convention
- The reference patterns are included, which is good, but there might be expected additional elements (like specific marker for certain peaks) that aren't visible

Actually, reconsidering Task Completeness, the description says ""This is one candidate subfigure from an XRD figure comparison grid."" Since this is just one panel of a larger figure, the required elements for this single panel would be the diffractogram itself with proper labeling. It appears to have all those elements. I think it deserves a 5.

Let me finalize my scores:

C:5 - The figure is visually correct with proper XRD format, labeled axes with units, appropriate scale, and accurate data representation.

A:5 - The aesthetic quality is publication-ready with professional colors, clear fonts, proper spacing, and a clean layout.

T:5 - As a single subfigure in an XRD comparison grid, it contains all expected elements: multiple diffractograms with proper labels, reference patterns, peak labels with Miller indices, and appropriate axis labeling.

However, I should double-check for potential issues:

For Visual Correctness:
- The x-axis is labeled ""2θ (°)"" which is correct
- The y-axis is labeled ""Intensity (a.u.)"" which is standard for XRD
- The data shows appropriate diffraction peaks
- The reference patterns are correctly positioned at the bottom
- The Miller index labels appear to be on appropriate peaks

For Aesthetic Quality:
- The colors are distinct and appropriate
- The fonts are clear and legible
- The spacing between the three diffractograms is good
- The legend placement is non-intrusive
- The overall layout is clean

For Task Completeness:
- It's clearly labeled as ""#2 brk"" which likely identifies the sample
- It contains three diffractograms which suggests it's part of a comparison
- It has the reference patterns at the bottom
- The peak labels are present where needed
- It has proper axis labeling for an XRD plot

I think all three dimensions deserve a 5. This looks like a high-quality, publication-ready XRD subfigure that meets all the expected standards for scientific plotting.

Wait, let me look more carefully at one potential issue: the reference patterns at the bottom. In XRD plots, it's common to have reference patterns (from PDF cards) shown as vertical tick marks. I see these at the bottom of the figure, which is good. However, I notice that they're labeled as ""PDF#99-0073"" and ""PDF#99-0030"" - these appear to be specific reference patterns, which is appropriate.

Another consideration: the description says ""r1_c2"" which suggests this is row 1, column 2 of a grid. The figure itself has a header ""#2 brk"" - this might be inconsistent with the expected labeling convention for the grid. If the grid requires a specific format for identifying each panel (e.g., ""a"", ""b"", ""c"" or ""1"", ""2"", ""3""), and this uses ""#2 brk"" instead, that might be a minor issue for Task Completeness.

Given this, I might need to reduce the Task Completeness score to a 4. Without knowing the exact requirements for the grid, it's hard to say if ""#2 brk"" is the expected format for a panel label. If the expected format was just ""2"" or ""b"" or something else, then this might not match perfectly.

Let me reconsider the scores:

C:5 - No issues found with visual correctness
A:5 - The aesthetics are excellent
T:4 - The figure is complete with all essential XRD elements, but the panel labeling (""#2 brk"") might not match the expected convention for the grid (though without knowing the exact requirements, this is speculative)

Actually, since the description says ""This is one candidate subfigure from an XRD figure comparison grid"" and specifically mentions ""xrd_grid.png/r1_c2"", the ""#2 brk"" header might be the appropriate labeling for this specific panel. In many scientific publications, panels within a figure are labeled with letters (a, b, c) or numbers, and additional information about the sample is provided. The ""#2 brk"" could be following the required convention for this specific project.

Given that, and since I don't have evidence that the labeling is incorrect, I think Task Completeness should be a 5.

Final scores:
C:5
A:5
T:5

This is a high-quality XRD subfigure that meets all the expected standards for scientific plotting.
C:5 A:5 T:5",
grid,xrd_grid.png,origin_images/xrd_grid.png,r1_c3,"This is one candidate subfigure from an XRD figure comparison grid. Evaluate scientific plotting quality, readability, aesthetics, and whether the XRD-style figure appears complete and publication-suitable.",4,3,4,True,"I need to evaluate this XRD (X-ray diffraction) plot based on three dimensions: Visual Correctness (C), Aesthetic Quality (A), and Task Completeness (T), each on a 1-5 scale.

Let me analyze each dimension:

Dimension 1 - Visual Correctness (C):
- Plot type: This appears to be a standard XRD plot with intensity vs. 2θ, which is correct for XRD data.
- Axes labeling: The y-axis is labeled ""Intensity (a.u.)"" and the x-axis is labeled ""2θ (°)"", which is appropriate for XRD.
- Data representation: There are three XRD patterns (green, red, blue) that appear to be properly displayed with peaks at appropriate positions.
- Units: The x-axis has correct units (degrees for 2θ), y-axis shows arbitrary units which is standard for XRD.
- Scale and range: The 2θ range from ~10-100 degrees appears appropriate for XRD analysis.
- Additional elements: There are reference patterns at the bottom (PDF#99-0073 and PDF#99-0030) with vertical lines indicating expected peak positions, which is standard for XRD analysis.
- There are labels for specific peaks (220, 311, 440, etc.) which represent crystallographic planes, which is appropriate.

The plot seems fundamentally correct. I don't see major errors in data representation or labeling.

Score for C: I'd give this a 4. The plot type is correct, axes are labeled properly with units, data appears accurately represented, and scale is appropriate. I don't see any major issues.

Dimension 2 - Aesthetic Quality (A):
- Color scheme: The colors (green, red, blue) are distinct and appropriate for different samples.
- Fonts: The text appears legible, though the title ""#3 science"" at the top seems odd for a scientific publication (would typically be more descriptive).
- Spacing: The plot has reasonable spacing between the different patterns.
- Legend: The sample labels (WRTZSX7, etc.) are placed directly on the right side of their respective patterns, which is common in XRD plots instead of a formal legend.
- Clutter: There's a good amount of information but it's not overly cluttered. The peak labels are placed appropriately.

However, there are some aesthetic issues:
- The title ""#3 science"" is unprofessional for a publication (looks like a placeholder or generic title)
- The overall layout seems a bit basic, with what appears to be a default OriginPro style
- The reference patterns at the bottom could be better integrated or labeled more clearly

Score for A: I'd give this a 3. It's adequate for showing the data but has noticeable unprofessional elements (like the title) and appears to use default styling rather than a more polished publication-ready design.

Dimension 3 - Task Completeness (T):
- The description says this is ""one candidate subfigure from an XRD figure comparison grid""
- Required elements for an XRD plot:
  - XRD patterns for different samples (present: three patterns)
  - 2θ axis with proper units (present)
  - Intensity axis (present)
  - Reference patterns (present: the PDF reference lines at bottom)
  - Peak labels (present: (220), (311), etc.)
  - Sample identification (present: WRTZSX5, WRTZSX6, WRTZSX7)

The figure appears to contain all the standard elements expected in an XRD plot. However, the description mentions it's ""one candidate subfigure from an XRD figure comparison grid,"" which suggests it should be part of a larger figure with multiple panels. As a standalone subfigure, it seems complete, but it's unclear if there were specific requirements for this particular panel.

I notice that the reference patterns at the bottom aren't clearly connected to the XRD patterns above them. In professional XRD analysis, there's typically a clearer indication of which reference pattern corresponds to which sample.

Also, the title ""#3 science"" seems inappropriate for a publication-ready figure.

Score for T: I'd give this a 4. The core XRD elements are present, but there are minor issues with how the reference patterns are presented and the unprofessional title. The plot is mostly complete but has some minor omissions or issues.

Let me double-check my scores:
C: 4 - Plot is fundamentally correct but has minor issues (like the unclear connection between samples and reference patterns)
A: 3 - Adequate but unprofessional title and default styling
T: 4 - Most required elements are present, with minor issues in presentation

Actually, let me reconsider Dimension 1. The reference patterns at the bottom don't seem to be clearly associated with the specific samples above them. In XRD analysis, each pattern typically has its own reference pattern directly below it or clearly linked. Here, there are just two reference patterns (PDF#99-0073 and PDF#99-0030) at the bottom, but it's not clear which samples they correspond to. This is a significant issue for an XRD plot, as the whole point is to match experimental data with reference patterns.

This affects both Visual Correctness and Task Completeness. For Visual Correctness, the data representation is questionable because the reference patterns aren't properly linked to the experimental data. For Task Completeness, a key element (matching reference patterns to samples) is not clearly presented.

Let me revise my scores:

C: 3 - The plot type is correct, but the representation of reference patterns is problematic and the connection between samples and references is unclear.

A: 3 - Same as before, the title is unprofessional and the styling is basic.

T: 3 - The core requirement (showing XRD patterns) is met, but a key secondary requirement (clearly matching reference patterns to samples) is missing.

Actually, let me reconsider one more time. In many XRD figures, especially in comparison grids, it's common to have reference patterns at the bottom of the entire panel that apply to all samples or to specific groups of samples. The issue here is that it's not clear which reference pattern corresponds to which sample. However, in some contexts, this might be explained in the figure caption rather than in the figure itself.

Given the information available, I think:

C: 4 - The plot type is correct, axes are labeled properly, and data seems accurately represented. The reference pattern presentation is standard, though the connection to specific samples could be clearer.

A: 3 - The title ""#3 science"" is unprofessional for a publication, and the styling looks like default OriginPro output rather than polished for publication.

T: 4 - All key elements for an XRD plot are present, though the connection between samples and reference patterns could be clearer. As a subfigure in a comparison grid, it appears to have the necessary components.

I think my original assessment was closer to correct. The reference pattern presentation, while not ideal, is common in XRD figures where the caption would explain which references apply to which samples.

Final scores:
C: 4 - Fundamentally correct XRD plot with minor issues in reference pattern presentation
A: 3 - Adequate but unprofessional title and basic styling
T: 4 - Most required elements present, with perhaps minor issues in how reference patterns are connected to samples
C:4 A:3 T:4",
grid,xrd_grid.png,origin_images/xrd_grid.png,r2_c1,"This is one candidate subfigure from an XRD figure comparison grid. Evaluate scientific plotting quality, readability, aesthetics, and whether the XRD-style figure appears complete and publication-suitable.",5,5,5,True,"Okay, let's see. I need to evaluate this XRD figure candidate based on the three dimensions: Visual Correctness (C), Aesthetic Quality (A), and Task Completeness (T). 

First, Visual Correctness. The figure is an XRD plot, so the plot type should be correct. The x-axis is 2θ (degrees), y-axis is Intensity (a.u.), which is standard for XRD. The data seems to be accurately represented with three different samples (WRTZSX5, 6, 7) each with their peaks labeled. The peaks are marked with (hkl) indices like (311), (220), etc., which is correct for XRD. The units on the axes are present: 2θ (°) and Intensity (a.u.). The scale and range look appropriate, from 20 to 100 degrees. There's also reference lines at the bottom for PDF cards, which is standard. So maybe a 5 here. Wait, but the y-axis label says ""Intensity (a.u.)"" which is correct, but are the peaks correctly labeled? The green, blue, red lines each have their peaks labeled. Seems okay. Maybe minor thing: the legend uses different colors but the labels are correct. So probably C:5.

Next, Aesthetic Quality. The plot has a black header with ""#4 top"", which might be part of the grid layout, so maybe not an issue. The colors are distinct (red, blue, green), which is good. The font size for axis labels and tick marks looks legible. The legend is placed at the top, which is standard. The reference lines at the bottom are color-coded to the PDF cards, which is helpful. There's some spacing between the plots. No obvious clutter. It looks clean and professional. Maybe A:5. Wait, the header is a bit dark, but maybe that's part of the grid. The overall plot seems publication-ready. So A:5.

Task Completeness. The description says it's a candidate subfigure from an XRD comparison grid. The required elements would be: multiple samples (three here), labeled peaks, reference PDF lines, correct axes, legend. The figure has all these. The PDF references are included (PDF#99-0073 and 0030). The subfigure is labeled as #4 top, which might be part of the grid structure. Since it's a subfigure, the title ""#4 top"" is probably indicating its position. The main elements for an XRD plot are present. No obvious missing elements. So T:5.

Wait, but the problem says ""This is one candidate subfigure from an XRD figure comparison grid."" So the figure should be a single subfigure within a grid. The presence of ""#4 top"" suggests it's part of a larger figure. The current figure has all necessary elements for a subfigure: labels, axes, data. The PDF references are there. So T:5.

Hmm. Let me check again. Maybe the axis labels: 2θ (°) is correct. Intensity in a.u. is standard. The peaks are labeled with (hkl), which is correct. The three datasets are plotted with different colors and labeled in the legend. The reference patterns are included. Aesthetically, the colors are good, fonts are clear. The header might be part of the grid's labeling, so not an issue. So all three dimensions get 5s.
C:5 A:5 T:5",
grid,xrd_grid.png,origin_images/xrd_grid.png,r2_c2,"This is one candidate subfigure from an XRD figure comparison grid. Evaluate scientific plotting quality, readability, aesthetics, and whether the XRD-style figure appears complete and publication-suitable.",5,5,5,True,"Okay, let's tackle this evaluation. The user provided a figure description and the image. First, I need to check each dimension.

Starting with Visual Correctness (C). The figure is an XRD plot, which typically shows intensity vs 2θ. The axes are labeled correctly: ""Intensity (a.u.)"" on the y-axis and ""2θ (°)"" on the x-axis. The data seems accurate with three different colored lines (green, blue, red) each labeled correctly (WRTZSX7, etc.). The range for 2θ is from 20 to 100, which is standard for XRD. There are also reference lines at the bottom for PDF cards. No obvious data errors. So maybe a 5 here.

Next, Aesthetic Quality (A). The colors are distinct (green, blue, red), which is good. The legend is on the right side, each line labeled clearly. The fonts look legible. However, the title has ""#5 [hkl]"" which might be a bit unclear, but maybe that's part of the grid. The axes labels are clear. The background is white, no clutter. Maybe default colors but still professional. Could be a 4 or 5. Since it's for publication, maybe 5 if everything is perfect. Wait, the title has a black bar with white text, which might be part of the grid layout. The spacing looks okay. Maybe 5.

Task Completeness (T). The figure is part of a grid (r2_c2), so it should have the necessary elements. The XRD plot has the three samples, reference PDF lines, correct axes. The labels for the samples are present. The title mentions ""#5 [hkl]"", which might be a requirement for the grid. The PDF references are included. All required elements seem present. So 5.

Wait, but the title says ""#5 [hkl]"". In XRD, [hkl] refers to crystal planes, but maybe in the context of the grid, this is correct. The user says it's a candidate subfigure from an XRD comparison grid, so the title might be part of the grid's labeling. So probably all elements are there. So T:5.

Wait, let me double-check. The axes are correctly labeled with units (2θ in degrees). Intensity is arbitrary units, which is standard. The reference lines (PDF#) are included. The plot type is correct for XRD. So C:5.

Aesthetics: colors are good, labels clear. Maybe the font size is a bit small? But the image might be scaled. Since it's a subfigure, maybe it's okay. The legend is placed well. So A:5.

Task Completeness: the required elements for an XRD plot (sample lines, reference markers, correct axes) are all there. So T:5.

Hmm, but maybe the title ""#5 [hkl]"" is a bit odd. But if it's part of the grid, maybe it's supposed to be there. The user says ""one candidate subfigure from an XRD figure comparison grid"", so the title might be indicating its position or sample ID. So it's probably correct. So all dimensions 5.
C:5 A:5 T:5",
grid,xrd_grid.png,origin_images/xrd_grid.png,r2_c3,"This is one candidate subfigure from an XRD figure comparison grid. Evaluate scientific plotting quality, readability, aesthetics, and whether the XRD-style figure appears complete and publication-suitable.",4,3,5,True,"Okay, let's tackle this evaluation. First, I need to assess the figure based on the three dimensions: Visual Correctness (C), Aesthetic Quality (A), and Task Completeness (T).

Starting with Visual Correctness (C). The figure is an XRD plot, which typically shows intensity vs. 2θ. The axes are labeled correctly: the y-axis is ""Intensity (a.u.)"" and the x-axis is ""2θ (°)"". The units on the x-axis are correct. The data seems accurately represented with peaks labeled (e.g., (311), (220)), and the reference patterns (PDF numbers) are included. The scale and range go from 20 to 100 2θ, which is standard for XRD. No obvious data errors. Maybe the y-axis is arbitrary units, which is acceptable. I think this is a 5.

Next, Aesthetic Quality (A). The plot has a clean layout. The lines are black on white, which is standard. The labels for the samples (WRTZSX7, etc.) are on the right, which is typical. The PDF references are at the bottom. Fonts look legible, and the legend is well-placed. However, the top bar with ""#6"" might be a bit distracting, but it's probably part of the grid setup. No color scheme needed for XRD, which is usually monochrome. Maybe the spacing between the plots is a bit tight, but it's still readable. This seems like a 4 or 5. Since it's a grid subfigure, maybe some minor spacing issues, so A:4.

Task Completeness (T). The description says it's a candidate subfigure in an XRD grid. The figure includes three sample plots with labels, reference PDF lines at the bottom. Required elements for XRD: axes labels, peak indices, sample labels, reference patterns. All seem present. The grid might require multiple panels, which this has (three samples and two reference bars). The PDF numbers are included. No missing elements. So T:5.

Wait, but the top bar has ""#6"" and some boxes, which might be part of the grid numbering. The problem says ""one candidate subfigure"", so maybe that's intentional. The description mentions it's a subfigure, so the #6 is probably okay. So all required elements are there. T:5.

Wait, the PDF references are at the bottom. The main plots have the correct labels. So yes, T:5.

So C:5, A:4, T:5. Wait, but the example had A:3. Let me check again. Aesthetic quality: the plot is clean, but maybe the font sizes are a bit small? The labels on the right (WRTZSX5 etc.) are aligned well. The peak labels like (311) are clear. No color issues. Maybe it's publication-ready, so A:5. Hmm. But maybe the top bar with #6 is not standard. Wait, the figure is part of a grid, so the #6 is probably a label for the subfigure in the larger figure. So in the context of a grid, that's acceptable. So maybe A:5.

Wait, the user says ""XRD-style figure appears complete and publication-suitable"". Publication-ready XRD plots usually have clear axes, labeled peaks, references. This one does. So maybe A is 5.

Wait, but sometimes in grids, the axis labels might be on the outer subfigures only, but here each subfigure has its own y-axis. Wait, no, in a grid, maybe the y-axis is only on the leftmost, but here each plot has the y-axis labeled. Hmm, maybe that's a bit redundant but acceptable. The spacing between the plots is okay. Fonts are clear. I think A:5.

But let's see: the example in the problem statement had A:3. Wait, no, the example was just an example. Let me check the criteria again for A:

5 – Publication-ready: professional color scheme (but XRD is usually black and white), clear legible fonts, proper spacing, legend well-placed, no clutter.

The plot here is black and white, which is standard. Fonts are clear. The labels are placed well. The PDF references are at the bottom. No clutter. So A:5.

But maybe the top bar with #6 is a bit of clutter? But it's part of the grid setup. The problem says it's a subfigure, so the #6 might be necessary for the grid. So probably A:5.

Wait, but the user's figure description says ""This is one candidate subfigure from an XRD figure comparison grid."" So the #6 is likely the identifier for the subfigure in the grid, so it's intentional. Therefore, it's part of the required elements for the grid. So A:5.

Hmm. Then C:5, A:5, T:5? But let's check T again.

Task Completeness: All required elements present. The XRD grid subfigure should have the sample labels, axes, reference patterns, peak labels. It has all of those. The reference patterns (PDF numbers) are included. So T:5.

Wait, but the PDF references are shown as lines at the bottom. In XRD, it's common to have reference ticks at the bottom. So yes, that's correct.

So all three dimensions get 5? But maybe I'm missing something. Let me check again.

Visual Correctness: axes labeled with units. X-axis is 2θ (°), correct. Y-axis is Intensity (a.u.), which is acceptable (XRD often uses arbitrary units). Data accurately represented with correct peak positions. The plot type is a line plot for XRD, which is correct. So C:5.

Aesthetic: Publication-ready. The plot is clean, no unnecessary elements. Fonts are clear. The legend (the labels on the right) is well-placed. The top bar might be part of the grid structure, so it's acceptable. So A:5.

Task Completeness: All required elements. The subfigure is part of a grid, so it's a single panel here but within the context of the grid. The problem states it's a candidate subfigure, so the elements needed for a subfigure (axes, labels, data) are all present. The reference patterns are included. So T:5.

Wait, but the example given by the user was C:4 A:3 T:5, but that's just an example. Maybe this figure is perfect. However, sometimes in XRD plots, the reference patterns are usually placed at the bottom as markers, which is done here. The peak indices are labeled correctly. So maybe all 5s.

But maybe the y-axis label is ""Intensity (a.u.)"" which is okay, but sometimes journals prefer specific units, but since it's arbitrary, it's standard. So I think C is 5.

Alternatively, maybe the x-axis is labeled as ""2θ (°)"" which is correct. The ticks are appropriately spaced.

I think the scores would be C:5, A:5, T:5. But I need to be cautious. Let's think again.

Wait, the figure has three sample plots stacked, each with their own y-axis on the left. But in a grid of subfigures, maybe the y-axis is only on the leftmost subfigure. However, since this is a single subfigure (r2_c3), perhaps it's a panel with three traces. Wait, the problem says it's one candidate subfigure from the grid. So this image is a single subfigure that contains multiple plots (three samples and two reference patterns). In XRD comparison grids, it's common to have multiple traces stacked vertically in one subfigure, each with its own y-axis (though sometimes shared). Here, each trace has the same x-axis but separate y-axes on the left. The label ""Intensity (a.u.)"" is on the left, which is correct.

I think the Visual Correctness is perfect. Aesthetic is clean. Task Completeness includes all necessary elements for an XRD subfigure. So yes, all 5s.

But wait, the problem says ""XRD-style figure appears complete and publication-suitable"". If this is a single subfigure in a grid, maybe the axis labels should only be on the outer edges, but since it's a standalone subfigure, it's okay. Hmm. Maybe the y-axis label is repeated for each trace, but in some styles, the y-axis is only on the left for the entire stacked plot. However, in many XRD plots, each trace has its own y-axis on the left. So it's correct.

Therefore, I think all three dimensions are 5. But maybe the aesthetic is 4 if the font is a bit small or something. Let me check the image again (from the description). The labels like (311), (220) are visible. The PDF labels are at the bottom. The text seems legible. The lines are clear. I think A:5.

So the final scores would be C:5 A:5 T:5.
C:5 A:5 T:5",
folder,XRD,origin_images/XRD/图1.png,图1.png,"This figure should be an XRD-style scientific plot. Evaluate data presentation quality, axis/legend readability, publication aesthetics, and whether the necessary XRD elements appear complete.",5,5,5,True,"Okay, let's see. I need to evaluate this XRD plot on three dimensions: Visual Correctness (C), Aesthetic Quality (A), and Task Completeness (T).

First, Visual Correctness. The plot is an XRD-style, which typically has 2θ on the x-axis and intensity on the y. The axes here are labeled correctly with units: 2θ (degrees) and Intensity (a.u.). The data seems accurately represented with three different colored lines (a, b, c) and peak labels like (111), (200), etc. The scale and range look appropriate for XRD, which usually goes up to around 80 degrees. No obvious errors here. Maybe a 5? Wait, but the y-axis is labeled as ""a.u."" which is fine, but sometimes XRD plots might specify counts or something else, but a.u. is acceptable. Also, the peaks are correctly labeled. So C:5.

Next, Aesthetic Quality. The colors are distinct (black, red, green), which is good. The font is clear, axes labels are legible. Legend is indicated by a, b, c next to the lines, but there's no separate legend box. Wait, the labels a, b, c are placed directly on the plot. In publication, sometimes they use a legend box, but in XRD plots, it's common to label the traces directly. The spacing seems okay, no clutter. The background is white, which is standard. Fonts look professional. Maybe a 5 for A? Hmm, but maybe the direct labeling is a bit less formal. Wait, in many XRD figures, they do label the curves directly. So probably A:5.

Task Completeness. The description says it should be XRD-style with necessary elements. The figure has 2θ axis, intensity, multiple traces (a, b, c), peak indices labeled. The required elements for XRD usually include the axes labels, peaks labeled with Miller indices, and multiple datasets. The problem states ""necessary XRD elements"" which are present here. The annotations for the peaks are there. The three different data sets are clearly marked. No insets or additional panels mentioned, so if the requirement was just a standard XRD plot, this seems complete. So T:5.

Wait, but let me check again. The user says ""evaluate data presentation quality, axis/legend readability, publication aesthetics, and whether the necessary XRD elements appear complete."" The legend here is using a, b, c labels next to each line. Some journals prefer a separate legend, but in XRD plots, especially if there are multiple patterns stacked, labeling them directly is common. So maybe it's acceptable. The axes are labeled, units present. The peak labels are correctly placed. All necessary elements seem present. So T:5.

So scores would be C:5, A:5, T:5. But wait, maybe the axis labels: the y-axis is ""Intensity (a.u.)"" which is correct. The x-axis is ""2θ (degrees)"". The ticks are clear. Data is accurately represented. So Visual Correctness is 5. Aesthetic: the colors are okay, but maybe the lines are overlapping a bit? The green line is on top of the red, which is on top of black. But in XRD, overlapping is common. Fonts are clear. Maybe it's publication ready. So A:5.

I think all three are 5s.
C:5 A:5 T:5",
folder,XRD,origin_images/XRD/图2.png,图2.png,"This figure should be an XRD-style scientific plot. Evaluate data presentation quality, axis/legend readability, publication aesthetics, and whether the necessary XRD elements appear complete.",5,5,5,True,"Okay, let's tackle this evaluation. The user wants me to score the XRD plot on three dimensions: Visual Correctness (C), Aesthetic Quality (A), and Task Completeness (T).

First, Visual Correctness. The plot is an XRD-style plot, which typically shows intensity vs. 2 theta. The axes are labeled correctly: y-axis is Intensity (a.u.) and x-axis is 2 Theta (Degree). The peaks are labeled with Miller indices like (111), (200), etc., which is standard for XRD. The data seems accurately represented with three different colored lines (blue, red, black) for different samples. The scale and range from 20 to 80 degrees look appropriate for XRD. No obvious data errors. So maybe a 5 here. Wait, are the units correct? The x-axis has ""Degree"" which is correct for 2 theta. Y-axis is arbitrary units, which is common. So Visual Correctness should be 5.

Next, Aesthetic Quality. The plot has clear labels, different colors for each trace (a, b, c), which are well-distinguished. The legend isn't explicitly shown, but the labels a, b, c are placed next to each line. Fonts look legible. The colors are distinct but maybe using red, blue, black is okay. There's no clutter; the peak labels are placed above the peaks without overlapping much. It looks clean and professional. Maybe a 5 here. Wait, sometimes publication figures have more polished colors, but since it's XRD, maybe standard colors are acceptable. The spacing seems good. So A:5.

Task Completeness. The figure needs to have XRD elements. The required elements for XRD usually include 2 theta axis, intensity, labeled peaks with Miller indices. The plot has all three samples (a, b, c), the peak labels, correct axes. The arrows at the bottom might indicate specific peaks, which is common. Are there any required elements missing? The description says ""necessary XRD elements appear complete."" The example shows all the standard elements: axes labeled, peaks indexed, multiple samples. So all required elements are present. So T:5.

Wait, but let me double-check. The problem says ""Task Completeness"" includes insets, annotations, multiple panels, etc. The figure here has three panels (a, b, c) as separate traces, which is correct. The annotations for the peaks are there. The arrows at the bottom might correspond to the peak positions. No missing elements. So yes, T:5.

So all three scores are 5. But wait, maybe the y-axis label: ""Intensity(a.u.)"" should have a space like ""Intensity (a.u.)""? But that's a minor issue. However, the rubric for Visual Correctness 5 says ""all axes correctly labeled with units"". The units here are (a.u.), which is correct. The lack of space might be a minor typo, but maybe it's acceptable. If the user considers that a minor deviation, maybe C:4. But the description says ""minor deviations"" for a 4. However, in scientific figures, the space might be considered a small issue, but perhaps not significant enough to drop the score. Alternatively, maybe the axes are correctly labeled. The x-axis is ""2 Theta(Degree)"", which should probably be ""2θ (degrees)"" but the figure uses ""2 Theta(Degree)"". Maybe the capitalization or parentheses are off. But in many XRD plots, it's written as ""2θ (°)"" but here it's ""2 Theta(Degree)"". Maybe that's acceptable. If the requirement is strict, maybe a 4 for Visual Correctness. But the problem states the figure description says ""XRD-style"", which is flexible. Hmm.

Alternatively, maybe the data presentation is accurate, so Visual Correctness is 5. Let's stick with 5 for all. But wait, the example given in the problem statement for a score of 4 mentions ""missing units on one axis"". Here, both axes have units (a.u. and Degree), so units are present. So Visual Correctness is 5. Then Aesthetic Quality: the plot is clean, colors are good, labels are clear. Maybe A:5. Task Completeness: all required elements present, so T:5. So the answer would be C:5 A:5 T:5.

Wait, but looking at the figure, the y-axis label is written vertically as ""Intensity(a.u.)"". In some style guides, the axis label should have a space between the quantity and unit, like ""Intensity (a.u.)"". But maybe in this case, it's acceptable. The rubric for Visual Correctness 5 requires ""all axes correctly labeled with units"". If the unit is included, even without a space, maybe it's still correct. So perhaps still a 5. I think the scores are all 5.
C:5 A:5 T:5",
folder,XRD,origin_images/XRD/图3.png,图3.png,"This figure should be an XRD-style scientific plot. Evaluate data presentation quality, axis/legend readability, publication aesthetics, and whether the necessary XRD elements appear complete.",4,3,5,True,"Okay, let's tackle this evaluation. The user provided an XRD-style plot and wants me to rate it on Visual Correctness, Aesthetic Quality, and Task Completeness.

First, Visual Correctness (C). The plot type is XRD, which is correct. Axes are labeled: y-axis is Intensity (a.u.) and x-axis is 2 Theta (degree), both with units. The data shows observed (Yobs, red dots), calculated (Ycals, black line), Bragg positions (pink ticks), and the difference (blue line). The scale looks appropriate for XRD, peaks are sharp, and the difference plot is at the bottom. No obvious data inaccuracies. Maybe check if units are missing, but they're there. So probably a 5.

Aesthetic Quality (A). The colors are distinct: red for Yobs, black for Ycals, pink for Bragg, blue for difference. Fonts seem legible, axes labeled clearly. Legend is in the top right, not cluttering data. No default colors; colors are purposeful. The spacing looks good, no overlapping text. Maybe the line thickness could be a bit better, but overall publication-ready. So maybe a 5, but let me check. The example given in the problem had a 5 for A if publication-ready. This seems clean, so A:5.

Task Completeness (T). The required elements for XRD: observed data, calculated fit, Bragg positions (the pink ticks), and the difference plot (Yobs-Ycals). The legend lists all these. All necessary elements are present. No missing annotations or panels. So T:5.

Wait, but let me double-check. The XRD plot should have the Bragg positions indicated, which are the pink vertical lines. The difference plot is there. The labels are correct. So yes, all required elements are present. So T:5.

Hmm, but maybe the units on the y-axis are arbitrary (a.u.), which is standard for XRD, so that's okay. The x-axis is correctly labeled. So Visual Correctness is 5. Aesthetics: maybe the color scheme is good, legend is clear. No clutter. So A:5. Task Completeness: all elements present. So T:5. But wait, maybe the difference plot is sometimes expected to have a zero line, but here the blue line is the difference. It's shown, so it's okay.

Wait, the example answer in the problem statement had C:4 A:3 T:5. But this seems better. Wait, the user's description says ""XRD-style"", which typically includes the Bragg positions, observed vs calculated, and the difference. This plot has all three. So maybe all 5s. But maybe the axis labels: ""Intensity (a.u.)"" is correct. 2 Theta (degree) is correct. So C:5.

Aesthetic: the plot is clean, colors are good, legend is well placed. No default colors (like Origin's default might be different), but here they used red, black, pink, blue. Maybe a bit too many colors, but it's standard for XRD. So A:5.

Task Completeness: all required elements are there. So T:5.

But wait, sometimes XRD plots have the difference plot with a zero line. Here the blue line is the difference, which is correct. So yes, all elements present. So T:5.

I think all three are 5s. But let me check again. Maybe the Bragg positions are marked as vertical lines, which they are (pink ticks). The legend labels each component correctly. The data is accurately represented. So yes, C:5.

I think the scores are C:5 A:5 T:5.
C:5 A:5 T:5",
folder,XRD,origin_images/XRD/图4.png,图4.png,"This figure should be an XRD-style scientific plot. Evaluate data presentation quality, axis/legend readability, publication aesthetics, and whether the necessary XRD elements appear complete.",4,5,5,True,"Okay, let's see. I need to evaluate this XRD figure based on the three dimensions: Visual Correctness (C), Aesthetic Quality (A), and Task Completeness (T).

First, Visual Correctness. The figure is supposed to be an XRD-style plot. XRD plots typically have 2θ on the x-axis and intensity (I) on the y-axis. Looking at the image, the x-axis is labeled ""2θ/ (°)"" and the y-axis is ""I"", which is correct. The data seems to be multiple spectra (I to V) which is common in XRD for different samples or conditions. The JCPDS reference number is included, which is standard for XRD to compare with known patterns. The scale and range look appropriate for XRD (10-70 degrees 2θ). Units are present on the x-axis, but the y-axis is just ""I"" without units, which might be a minor issue. Wait, in XRD, intensity is often arbitrary units, so maybe it's acceptable. So maybe Visual Correctness is a 4 or 5. The axes are correctly labeled with units where necessary. The data is accurately represented as peaks. So maybe C:5? Wait, the y-axis is labeled ""I"" but maybe units are not required here. Let me check the criteria. For C:5, it says ""all axes correctly labeled with units"". If the y-axis is intensity and units are arbitrary, maybe it's okay. But sometimes XRD plots do have ""Intensity (a.u.)"". If the figure here just has ""I"" without units, that's a minor deviation. So maybe C:4.

Next, Aesthetic Quality. The plot has different colored lines (green, blue, red, yellow, blue again?), but maybe the colors are distinguishable. The labels I-V are on the right, which is standard. The JCPDS number is at the bottom. The font size seems okay. The lines are clear, no clutter. It's clean and professional. Maybe A:5. But wait, the colors might not be the most publication-ready; sometimes journals require specific color schemes for colorblind accessibility. But the description says ""publication-ready: professional color scheme"". If the colors are basic but distinguishable, maybe it's still a 5. Or maybe a 4 if there's a minor issue like default colors. The example in the problem shows green, blue, red, yellow, blue again. Maybe the last one is a different blue? Not sure, but maybe the colors are okay. So A:5.

Task Completeness. The required elements for XRD: 2θ axis, intensity, multiple spectra (I-V), JCPDS reference. The figure has all these. The description says ""necessary XRD elements"". XRD plots usually include the JCPDS number for reference, which is present here. The multiple patterns (I-V) are correctly labeled. So all required elements are there. T:5.

Wait, but check if there are any missing elements. The problem states ""whether the necessary XRD elements appear complete"". The JCPDS number is included, axes labeled, correct plot type. So T:5.

Wait, but let me double-check. The user's description says ""This figure should be an XRD-style scientific plot. Evaluate data presentation quality, axis/legend readability, publication aesthetics, and whether the necessary XRD elements appear complete.""

Necessary XRD elements: 2θ on x-axis, intensity, correct labeling, reference pattern (JCPDS). All present. So T:5.

Visual Correctness: axes labeled with units (2θ has units, I might not need units). The y-axis is labeled ""I"", which is acceptable in XRD as intensity is often unitless. So maybe C:5. But the problem says ""all axes correctly labeled with units"". If the y-axis doesn't have units, but it's standard not to, then it's okay. So C:5.

Aesthetic: looks clean, colors are different, labels are placed well. Maybe A:5.

Wait, but the example in the problem shows a figure with multiple traces, each labeled I-V. The JCPDS number is included. So maybe all dimensions are 5. But let me check the criteria again.

For C:5 requires ""all axes correctly labeled with units"". The x-axis is ""2θ/ (°)"", which has units. The y-axis is ""I"", which in XRD is typically arbitrary units, so maybe it's acceptable to not have units here. So maybe it's correct. So C:5.

A:5 requires ""publication-ready: professional color scheme..."". The colors here are basic (green, blue, red, yellow, blue), but they are distinct. Maybe not the most professional color scheme (e.g., using more colorblind-friendly colors), but the problem doesn't specify that. The figure is clean, no clutter, legend (I-V) is well-placed. So A:5.

T:5 because all required elements are present.

Wait, but the figure shows ""JCPDS No.73-0342"" which is correct. The multiple spectra (I-V) are there. So yes, T:5.

Hmm, but maybe the y-axis label is just ""I"" without specifying intensity. But in XRD, it's standard to have I for intensity. So it's correct. So C:5.

Wait, but the problem says ""all axes correctly labeled with units"". If the y-axis is labeled ""I"" but without units, does that count as missing units? In XRD, intensity is usually in arbitrary units, so maybe the label should be ""Intensity (a.u.)"" or similar. If the figure just says ""I"", then maybe it's a minor deviation. So C:4.

Ah, this is a critical point. The criteria for C:5 requires ""all axes correctly labeled with units"". If the y-axis doesn't have units, then it's a minor deviation, so C:4.

So Visual Correctness: 4.

Aesthetic: 5, because it's clean and professional.

Task Completeness: 5, all required elements present.

Wait, but let me check the figure again. The user provided the image description: the x-axis is ""2θ/ (°)"" which is correct. The y-axis is ""I"" (intensity). In XRD, it's common to label the y-axis as ""Intensity"" or ""I"" without units, but the criteria says ""all axes correctly labeled with units"". If ""I"" is the label but units are missing, then it's a minor issue. So C:4.

Aesthetic: The colors are different, but maybe the second blue (V) is the same as II. The labels are on the right, which is okay. The font is legible. No clutter. So A:5.

Task Completeness: All required elements (XRD elements: 2θ axis, multiple patterns, JCPDS reference). So T:5.

So the scores would be C:4, A:5, T:5.

Wait, but maybe the JCPDS number is part of the required elements. Yes, and it's present. So T:5.

Alternatively, maybe the JCPDS number should be in a different place, but it's included.

Another check: XRD plots often have ticks on the top for the reference, but here it's labeled as JCPDS No.73-0342 at the bottom. Wait, looking at the figure description: the image has ""JCPDS No.73-0342"" at the bottom. In some XRD plots, the reference pattern is shown as ticks at the top or bottom. Here, maybe the JCPDS reference is the ticks at the bottom? The description says the figure includes ""JCPDS No.73-0342"", which is correct. So T:5.

So final scores: C:4 (because y-axis lacks units), A:5, T:5.
C:4 A:5 T:5",
folder,XPS,origin_images/XPS/图1.png,图1.png,"This figure should be an XPS-style scientific plot. Evaluate data presentation quality, fitted components or peak information if present, publication aesthetics, and completeness.",5,5,5,True,"I need to evaluate this XPS (X-ray Photoelectron Spectroscopy) plot based on the three dimensions: Visual Correctness (C), Aesthetic Quality (A), and Task Completeness (T).

First, let me analyze the figure:

This is an XPS spectrum showing silicon (Si) elemental and silicon dioxide (SiO₂) peaks. The x-axis is ""Binding Energy (eV)"" which is correct for XPS, and the y-axis is ""Counts per second"". The plot has:
- Experimental data (black dots)
- Fitted components (blue and red shaded areas)
- Labels for ""Si elemental"" and ""SiO₂"" peaks
- A label showing ""FWHM = 0.4eV"" for one of the peaks
- Appropriate axis labels with units

Now, let's evaluate each dimension:

Dimension 1 — Visual Correctness (C):
- Plot type: Correct for XPS - it shows binding energy on x-axis and counts on y-axis
- Axes: Both axes are correctly labeled with units (eV for binding energy)
- Data representation: The experimental data, fitted components, and annotations appear to be accurately represented
- Scale and range: The range (94-109 eV) is appropriate for Si 2p region in XPS
- I don't see major errors - the labels for Si elemental and SiO₂ seem correctly placed

This looks very good. I'd give it a 5 for Visual Correctness.

Dimension 2 — Aesthetic Quality (A):
- Color scheme: The blue and red for different components are distinguishable and professional
- Fonts: Text is clear and legible
- Spacing: Elements are well-spaced, no crowding
- Legend: While there isn't a formal legend, the labels ""Si elemental"" and ""SiO₂"" directly on the plot serve this purpose well
- Clutter: No excessive elements, clean design

This is publication-ready quality. I'd give it a 5 for Aesthetic Quality.

Dimension 3 — Task Completeness (T):
- The figure includes all expected elements for an XPS plot:
  * Experimental data points
  * Fitted peaks/components
  * Appropriate axis labels
  * Peak identification (Si elemental, SiO₂)
  * FWHM annotation
- The description says ""XPS-style scientific plot"" and this meets all standard expectations for such a plot
- There's no indication of specific additional requirements that are missing

This seems to have all required elements. I'd give it a 5 for Task Completeness.

Wait, let me reconsider. The description says ""Evaluate data presentation quality, fitted components or peak information if present, publication aesthetics, and completeness.""

Looking more carefully:
- The FWHM is labeled for the main peak, but it's not entirely clear which peak this refers to (though it appears to be for the Si elemental peak)
- The labels ""Si elemental"" and ""SiO₂"" are placed directly on the plot rather than in a formal legend
- The fitted components (blue and red shaded areas) are present, but it's not explicitly stated what each color represents (though it's reasonably clear from the labels)

These are very minor points, but they might bring the score down slightly. However, this is still an excellent XPS plot that meets all the key requirements for this type of analysis.

I'll maintain my assessment:
C:5 A:5 T:5

Actually, let me check again. In XPS plots, it's common to have:
- Experimental data as points or a line
- Fitted components as individual peaks
- Sum of fits as a line
- Residuals sometimes shown below

This plot shows:
- Experimental data as black dots
- Fitted components as blue and red shaded areas
- The sum of the fits appears to be the black line through the data points
- No residuals shown (which is common but not always required)

The labels are clear - blue for Si elemental (the higher intensity peak) and red for SiO₂ (the lower intensity peak at higher binding energy). The FWHM is noted for what appears to be the main peak.

I think this is a perfect example of an XPS plot. All required elements are present, correctly labeled, and presented in a publication-ready format.

My final assessment:
C:5 A:5 T:5
C:5 A:5 T:5",
folder,XPS,origin_images/XPS/图2.png,图2.png,"This figure should be an XPS-style scientific plot. Evaluate data presentation quality, fitted components or peak information if present, publication aesthetics, and completeness.",5,4,5,True,"I need to evaluate this XPS-style scientific plot based on the three dimensions: Visual Correctness (C), Aesthetic Quality (A), and Task Completeness (T).

First, let's analyze the figure:

The plot shows:
- X-axis: Binding Energy (eV) from ~282 to 292 eV
- Y-axis: Average Normalized Counts from 0.0 to 1.0
- Multiple colored curves representing different components (C-C, C-H; C-O; C=O; O-C=O)
- A black curve that appears to be the total fit or experimental data
- A legend on the top right with color-coded labels

Now, let's evaluate each dimension:

Dimension 1 - Visual Correctness (C):
- Plot type: This looks like an XPS spectrum with peak fitting, which matches the requirement.
- Axes: Both axes are labeled correctly with units (eV for binding energy, normalized counts for intensity).
- Data representation: The plot shows the total spectrum (black line) and deconvoluted peaks (colored lines), which is standard for XPS analysis.
- Scale and range: The range (282-292 eV) is appropriate for carbon XPS spectra, which typically focus on the C 1s region around 280-290 eV.

It seems to be fundamentally correct with no obvious errors in data representation. The axes are properly labeled with units. I would score this a 5 for Visual Correctness.

Dimension 2 - Aesthetic Quality (A):
- The color scheme is clear and uses distinct colors for different components.
- Fonts appear legible, though they might be a bit small for publication standards.
- Spacing seems reasonable with no obvious clutter.
- Legend is well-placed at the top right.
- Overall, it looks professional enough for scientific publication.

There might be some minor issues like font size, but overall it appears to be publication-ready. I would score this a 4 for Aesthetic Quality.

Dimension 3 - Task Completeness (T):
- The description states this should be an XPS-style scientific plot with data presentation quality, fitted components or peak information.
- The figure shows the experimental data (black line), fitted components (colored peaks), and a legend identifying the components.
- All required elements for an XPS plot seem to be present: proper axes labels, normalized data, peak fitting, and component identification.

The figure appears to have all the required elements for an XPS plot. I would score this a 5 for Task Completeness.

Let me double-check:
- C: 5 (everything looks correct)
- A: 4 (looks good but might have minor aesthetic issues)
- T: 5 (all required elements seem to be present)

I think this evaluation is reasonable. The figure shows what appears to be a carbon XPS spectrum with proper peak fitting and component identification, which is exactly what an XPS plot should show.
C:5 A:4 T:5",
folder,XPS,origin_images/XPS/图3.png,图3.png,"This figure should be an XPS-style scientific plot. Evaluate data presentation quality, fitted components or peak information if present, publication aesthetics, and completeness.",5,5,5,True,"Okay, let's tackle this evaluation. The user provided a figure description and the image. First, I need to assess each dimension: Visual Correctness (C), Aesthetic Quality (A), and Task Completeness (T).

Starting with Dimension 1: Visual Correctness. The figure is supposed to be an XPS-style plot. XPS plots typically have binding energy on the x-axis and intensity on the y-axis. The current figure has ""Binding energy / eV"" on the x-axis and ""Intensity / a.u."" on the y-axis, which is correct. The plot type seems right for XPS, with multiple spectra (labeled 1-7) showing peaks. The peaks are labeled with chemical assignments like C=O, C*-O, etc. However, the y-axis is in arbitrary units (a.u.), which is common in XPS when comparing relative intensities. The data looks accurately represented, but wait, the labels for the samples (1-7) are listed on the left but the curves are numbered 1-7. The axes are correctly labeled with units. The scale and range (280-295 eV) seem appropriate for C1s XPS. Maybe the only issue is the y-axis being ""a.u."" which is acceptable. So maybe a 5? Wait, the description says ""all axes correctly labeled with units"". The y-axis is labeled ""Intensity / a.u."" which is correct because a.u. is a unit (arbitrary units). So maybe C:5.

Dimension 2: Aesthetic Quality. The figure is in black and white, which is common for publication, but the lines are all black. The labels for the peaks (C=O, etc.) are placed with arrows. The legend is on the left, listing the sample compositions. The fonts are legible, but maybe the line styles could be varied more for clarity. However, since it's a monochrome figure, using different line styles (like solid, dashed) might help, but here all lines are solid. Wait, looking at the image, the lines are all solid but offset vertically, which is a common practice in XPS to show multiple spectra. The spacing between the curves is good, no clutter. The annotations (C=O, etc.) are placed clearly. The fonts are clear, axes labels are properly sized. It looks publication-ready. So A:5.

Dimension 3: Task Completeness. The description says it should include ""fitted components or peak information if present"". In the figure, there are labels for peak assignments (C=O, C*-O, C-C-C), which are annotations. The sample compositions (1-7) are listed. The required elements for an XPS plot seem present: binding energy axis, intensity, peak labels, sample labels. The description mentions ""insets, annotations, multiple panels, specific markers, color bars"". Here, there are multiple spectra (7) plotted together, annotations for peaks, but no color bar since it's monochrome. The figure has all necessary elements for an XPS plot. So T:5.

Wait, but the figure is XPS-style, which often includes peak fitting. However, the description says ""fitted components or peak information if present"". The current figure has vertical dashed lines with arrows pointing to peaks, which might indicate peak positions, but there's no explicit fitting (like individual peaks overlaid). However, the labels like C=O suggest they are indicating peak assignments, which is common in XPS. The problem states to check if fitted components are present. The image shows multiple curves with labeled peaks, so maybe the peak information is there. So T:5.

Wait, maybe the task completeness is 5. Let me recheck. The figure has all required elements: XPS plot type, axes labeled, peak annotations, multiple spectra. So yes, T:5.

Wait, but the user says ""if present"" for fitted components. If the original requirement was to have fitted components, but the figure doesn't show them, then T would be lower. However, the description says ""evaluate... fitted components or peak information if present"". So if the figure is supposed to have them but doesn't, then T would be lower. But the figure does have peak labels (C=O, etc.), which is peak information. So perhaps T:5.

So overall, C:5, A:5, T:5. But wait, let's check again.

For Visual Correctness: The y-axis is ""Intensity / a.u."" which is correct. The x-axis is ""Binding energy / eV"" correct. The data seems accurately represented. The plot type is correct. So C:5.

Aesthetic Quality: The figure is clean, labels are clear, no clutter. It's in black and white but well-structured. So A:5.

Task Completeness: All required elements (peak labels, multiple spectra, correct axes) are present. So T:5.

But maybe the peak fitting isn't shown. The figure has the total spectra but no individual fitted peaks. However, the description says ""fitted components or peak information if present"". The presence of peak labels (C=O, etc.) is peak information, so it's covered. So T:5.

Hmm. Alternatively, maybe the task required fitted components, but if the figure doesn't have them, then T would be lower. But the description says ""if present"", so if the requirement was to include them, but they aren't there, then T is lower. Wait, the figure description says: ""This figure should be an XPS-style scientific plot. Evaluate data presentation quality, fitted components or peak information if present..."" So the requirement is that if fitted components are supposed to be present, they should be there. However, in the current figure, the peaks are labeled with their assignments (C=O, etc.), which is peak information, but there's no explicit fitting (like Gaussian peaks). However, XPS plots often show the total spectrum with labeled peaks without showing the individual fits. So if the requirement was just to have peak information (i.e., labels), then it's present. So T:5.

Therefore, the scores are C:5, A:5, T:5.
C:5 A:5 T:5",
folder,XPS,origin_images/XPS/图4.png,图4.png,"This figure should be an XPS-style scientific plot. Evaluate data presentation quality, fitted components or peak information if present, publication aesthetics, and completeness.",4,5,5,True,"Okay, let's tackle this evaluation. The user provided a figure description and an image of an XPS plot. I need to score it on three dimensions: Visual Correctness (C), Aesthetic Quality (A), and Task Completeness (T).

First, Visual Correctness. The plot is an XPS spectrum, which typically shows binding energy on the x-axis and intensity on the y-axis. The x-axis here is labeled ""Binding Energy [eV]"" with correct units, and the y-axis is ""Intensity"" without units, which might be a minor issue since XPS intensity is often arbitrary units but sometimes specified. The peaks are labeled correctly with C-O-C at 533.1 eV and C=O at 531.5 eV. The fitted components (dashed lines) are shown, and the area percentages are included in the table. The data seems accurately represented. There's a small typo in the x-axis label where it says ""1 537"" instead of ""537"", but that's a minor deviation. So maybe a 4 here because of the axis label issue.

Next, Aesthetic Quality. The plot uses distinct colors (red, green, blue) for different components, which is good. The labels are clear, fonts are legible. The legend is integrated with the plot (using (a) and (b) labels), but there's a table for area percentages which is neatly placed. The axes are properly scaled, no clutter. It looks professional. Maybe a 5 for publication-ready.

Task Completeness. The figure includes the O1s spectrum, fitted peaks, peak assignments with binding energies, and a table with area percentages. The description says it should be XPS-style with fitted components and peak info. All required elements seem present: correct plot type, labels, fit components, table. No missing elements noted. So a 5 here.

Wait, the x-axis has a typo: ""1 537"" instead of ""537"". That's a minor issue in Visual Correctness. So C would be 4. A is 5, T is 5. Let me check again. The axes labels: x-axis is Binding Energy [eV], which is correct. The y-axis is Intensity, which is okay for XPS. The typo in the axis numbers is a minor error. So Visual Correctness 4. Aesthetics are clean, so 5. Completeness has all required elements, so 5.
C:4 A:5 T:5",
folder,roman,origin_images/roman/图1.png,图1.png,"This figure should be a Raman-style scientific plot. Evaluate data presentation quality, readability, publication aesthetics, and whether the Raman plot appears complete.",3,4,2,True,"Okay, let's tackle this evaluation. First, I need to check the three dimensions: Visual Correctness (C), Aesthetic Quality (A), and Task Completeness (T).

Starting with Visual Correctness (C). The figure is a Raman spectrum plot, which should have the correct plot type. The x-axis is labeled with wavenumbers (cm⁻¹), which is standard for Raman. The y-axis is intensity, but the units aren't specified. The data for ethanol (red) and methanol (blue) is accurately represented with two distinct lines. The scale seems appropriate, covering the typical Raman range. However, missing units on the y-axis might be a minor issue. So maybe a 4 here because units are missing on one axis.

Next, Aesthetic Quality (A). The colors are clear (red and blue), fonts are legible, legend labels are placed directly on the lines which is okay, but maybe a bit cluttered? The spacing looks good. No default colors; using red and blue for different compounds is standard. But maybe the legend placement could be better. However, it's generally clean. Maybe a 4 because of the direct labels, but they don't seem too cluttered. Alternatively, if the direct labels are acceptable in Raman plots, maybe it's a 5. Wait, the example says ""publication-ready"" for 5. If the labels are on the plot instead of a separate legend, that's acceptable. Maybe this is okay. Hmm. The fonts look clear, no clutter. Maybe 5? But let me check again. The title is there, axes labeled (except units on y-axis). Maybe the y-axis label is missing units, which affects Visual Correctness but not Aesthetics. Aesthetics is more about presentation. So maybe A:5.

Task Completeness (T). The description says it should be a Raman-style plot. The figure shows Raman spectra of ethanol and methanol with labels. The title matches. Are there any required elements? The description says ""Raman-style scientific plot"" and the figure includes two spectra, correct labels, chemical formulas. It seems complete. No insets or annotations mentioned in the description, so maybe all required elements are present. So T:5.

Wait, but the user's description says ""Evaluate data presentation quality, readability, publication aesthetics, and whether the Raman plot appears complete."" So the required elements are the spectra, labels, title. The figure has all of that. So T:5.

Wait, but in the Visual Correctness, missing units on y-axis. So C:4. A:5 (since aesthetics are good), T:5.

But let me double-check. The y-axis is labeled as ""20000"", ""15000"", etc., but units of intensity? Maybe in Raman, intensity is often arbitrary units, so maybe units aren't required. If that's the case, then maybe C:5. Hmm. Sometimes in Raman spectra, the y-axis is just ""Intensity (a.u.)"" but if it's not specified, maybe it's acceptable. The problem says ""axes correctly labeled with units"". If the y-axis doesn't have units, that's a point against Visual Correctness. The x-axis is wavenumber, which should be in cm⁻¹, which it is (the numbers are 500, 1000, etc., so the label is missing but the axis is standard). Wait, the x-axis doesn't have the label ""Wavenumber (cm⁻¹)"", but in the figure, the numbers are there. Wait, looking at the image description: the x-axis has numbers 500, 1000, etc., but no axis label. Wait, the user's image description shows ""Raman spectra of ethanol and methanol"" as the title, but the axes: the y-axis is numbers 0,5000,10000,15000,20000, but no label. X-axis has numbers but no label. Wait, that's a problem. Wait, in the image provided, the x-axis is labeled with numbers but no units or label, same with y-axis. Wait, the user's description of the current figure item is a link to an image, but since I can't see it, the description given says ""Raman spectra of ethanol and methanol"" as the title. Wait, the figure description says ""This figure should be a Raman-style scientific plot."" The actual figure's axes: the x-axis should be ""Wavenumber (cm⁻¹)"" and y-axis ""Intensity (a.u.)"" or similar. If the axes are not labeled, that's a big issue.

Wait, the user provided a description of the current figure item: ""roman/图1.png"" and the image description says ""Raman spectra of ethanol and methanol"" as the title. The plot shows two lines with labels ""Ethanol CH3CH2OH"" in red and ""Methanol CH3OH"" in blue. The x-axis has ticks at 500, 1000, etc., but no axis label. The y-axis has numbers but no label.

So, Visual Correctness: axes not labeled with units. So both axes are missing labels. That's a significant error. So Dimension 1: 3? Because correct plot type (Raman spectrum) but axes not labeled. The requirement says ""all axes correctly labeled with units"". So missing labels on both axes would be a 2 or 3?

The scale for Dimension 1: 3 is ""Correct plot type but noticeable errors in data representation or labeling."" Missing axis labels is a noticeable error, so 3. But wait, the x-axis in Raman is usually understood to be wavenumber, but proper labeling should include it. So if the axes are not labeled, that's a problem.

Aesthetic Quality: the plot has clear lines, colors, labels on the plot. Maybe the lack of axis labels affects aesthetics? But aesthetics is more about visual presentation. However, missing axis labels would affect readability, which might fall under Visual Correctness. Aesthetics is about color scheme, fonts, spacing. The figure has two colors, labels are legible, no clutter. So maybe A:4 or 5. If the axis labels are missing, but aesthetics is about the visual presentation quality, not content. So maybe A:4 because it's clean but missing axis labels which is more of a correctness issue.

Task Completeness: the title is there, the two spectra, labels for each compound. The description says ""Raman-style scientific plot"" so the main elements are present. But if the axes are supposed to be labeled, that's part of the task. Wait, the task completeness is about required elements as specified in the figure description. The figure description says ""This figure should be a Raman-style scientific plot. Evaluate data presentation quality, readability, publication aesthetics, and whether the Raman plot appears complete."" So the required elements are the Raman plot, which includes axes labeled. If the axes are not labeled, then it's missing required elements. So Task Completeness would be lower.

Wait, the problem states for Task Completeness: ""All required elements present (e.g. insets, annotations, multiple panels, specific markers, color bars) exactly as specified.""

The figure description doesn't specify exact required elements beyond it being a Raman plot. But a Raman plot typically requires labeled axes. So if the axes aren't labeled, then it's missing required elements, so T:2 or 3.

This is getting complicated. Let's break it down:

Dimension 1 — Visual Correctness:
- Plot type: correct (Raman spectrum)
- Axes labels: missing both x and y axis labels (x should be Wavenumber (cm⁻¹), y Intensity)
- Data accurately represented: yes, two spectra with correct labels.
- Scale: seems appropriate.

Since axes labels are missing, which is a noticeable error, so C:3.

Dimension 2 — Aesthetic Quality:
- Color scheme: red and blue, clear.
- Fonts: legible.
- Spacing: looks okay.
- Legend: placed on the plot, not a separate legend, which is acceptable.
- No clutter.

But missing axis labels affects readability, but aesthetics is about visual presentation. So maybe A:4 because it's clean but lacks axis labels (but that's more a correctness issue). So A:4.

Dimension 3 — Task Completeness:
- Required elements: Raman plot of ethanol and methanol. The title is there. However, axis labels are part of standard requirements for such a plot. If the figure description requires a proper Raman plot, then axis labels are required. So missing axis labels would mean significant elements are absent. So T:2.

Wait, but maybe the figure description didn't explicitly state axes labels, but as part of the ""Raman-style scientific plot"", it's implied. So if the figure is supposed to be a correct Raman plot, then axes labels are required. So if they are missing, T would be 2.

But the user's figure description says: ""This figure should be a Raman-style scientific plot. Evaluate data presentation quality, readability, publication aesthetics, and whether the Raman plot appears complete.""

So ""appears complete"" would include having axis labels. Therefore, missing axis labels would make it incomplete. So T:2.

But I'm not sure. Let's see the scoring:

T:5 is all required elements present. If axis labels are required (as part of being a proper scientific plot), then missing them would drop T to 2 or 3.

Alternatively, maybe the figure has the title ""Raman spectra..."" so maybe the x-axis is implied, but in scientific standards, axes must be labeled.

Given that, I think:

C:3 (correct plot type but axes not labeled)
A:4 (clean but missing axis labels affects aesthetics? Or maybe aesthetics is still okay because the lines are clear)
T:2 (significant required elements missing)

Wait, but the example in the problem statement for T:2 says ""Significant required elements absent or incorrect.""

If axis labels are required, then T:2.

But maybe the figure does have axis labels. Wait, the user provided a description of the image:

""Raman spectra of ethanol and methanol"" as the caption. The plot has x-axis numbers (500, 1000, etc.), y-axis numbers (0,5000, etc.), but no axis labels.

In scientific plots, axis labels are mandatory. So their absence is a major issue.

So:

C:3 (correct plot type but axes not labeled)
A:4 (the visual is clean, but missing labels might make it less professional)
T:2 (axis labels are significant required elements)

But let's check the scale:

Dimension 1:
3 – Correct plot type but noticeable errors in data representation or labeling.

Yes, missing axis labels is a noticeable error in labeling.

Dimension 2:
4 – Generally clean with minor cosmetic issues.

If the missing axis labels are considered a cosmetic issue (but they're more about correctness), but aesthetics is about visual presentation. So maybe the aesthetics are still good, but the missing labels are a correctness issue. So A:5? Because the actual visual elements like color, font, spacing are good. The lack of labels is a content issue, not aesthetics.

Hmm. The problem states for Aesthetic Quality: ""publication-ready: professional color scheme, clear legible fonts, proper spacing, legend well-placed, no clutter.""

The figure has clear fonts, good colors, no clutter. The legend is placed on the plot (which is acceptable in some styles). So maybe A:5. The missing axis labels are part of Visual Correctness, not Aesthetics.

So:

C:3 (missing axis labels)
A:5 (visually well-presented)
T:2 (missing required axis labels as part of the plot's completeness)

Wait, but Task Completeness is about required elements. If the figure description requires a Raman plot, which includes labeled axes, then missing them would be significant elements absent. So T:2.

But the figure description says ""This figure should be a Raman-style scientific plot."" So a Raman-style plot implies labeled axes. So T:2.

So the scores would be C:3, A:5, T:2.

But wait, another angle: sometimes in some contexts, the x-axis in Raman is understood to be wavenumber without labeling, but that's not standard. In publications, axes must be labeled.

Alternatively, maybe the axis labels are present but not visible in the description. But according to the user's description, the x-axis has numbers but no label.

So, final decision:

C:3 (axes not labeled)
A:4 (because missing labels might make it less professional, but the visual elements are good. Maybe the direct labeling of the spectra is good, but lack of axis labels affects readability which is part of aesthetics)
T:2 (missing axis labels as required elements)

Wait, but Aesthetic Quality is about ""publication aesthetics"". A publication would require labeled axes, so if they are missing, it's not publication-ready. So A:4 because it's missing axis labels which affects the professional appearance.

So:

C:3 (labeling error)
A:4 (missing axis labels makes it not publication-ready)
T:2 (missing axis labels as required elements)

But I need to check the definitions again.

For A:5 is ""Publication-ready: professional color scheme, clear legible fonts, proper spacing, legend well-placed, no clutter.""

If the axes are not labeled, it's not publication-ready, so A cannot be 5. So A:4.

T:2 because significant required elements (axis labels) are absent.

C:3 as per the description.

So C:3 A:4 T:2.

But wait, maybe the x-axis is labeled implicitly by the numbers? No, in scientific plots, axes must be labeled with quantity and units.

Another thought: the title says ""Raman spectra..."", so maybe the y-axis is ""Intensity"" and x-axis ""Wavenumber (cm⁻¹)"" is implied. But in reality, they need to be labeled on the axes themselves.

I think the correct scores are:

C:3 (plot type correct, but axes not labeled)
A:4 (missing labels affects the professional appearance)
T:2 (axis labels are significant required elements)

But I'm not 100% sure. Alternatively, maybe the axes are labeled but the user's description didn't mention it. But according to the given info, the axes have numbers but no labels.

Yes, so I'll go with C:3, A:4, T:2.
C:3 A:4 T:2",
folder,roman,origin_images/roman/图2.png,图2.png,"This figure should be a Raman-style scientific plot. Evaluate data presentation quality, readability, publication aesthetics, and whether the Raman plot appears complete.",5,5,5,True,"So, let's evaluate this Raman plot. First, Visual Correctness (C). The plot type is correct for Raman—multiple spectra with Raman shift on x-axis, relative intensity on y. Axes are labeled with units (cm⁻¹ and a.u.), data is accurately represented with different colors for each sample. The scale and range (400 to ~3000 cm⁻¹) is appropriate for Raman. No missing units, labels are clear. So C should be 5.

Aesthetic Quality (A). It's clean, colors are distinct (cyan, purple, black, red, gray), fonts are legible, legend is well-placed (labels next to each spectrum), no clutter. Spacing is good, professional look. So A is 5.

Task Completeness (T). Required elements: Raman plot with multiple spectra, each labeled with sample name and I_D/I_G ratio. The x-axis is Raman shift, y-axis relative intensity. All peaks (D, G, 2D) are marked. Each spectrum has the correct label and ratio. No missing elements. So T is 5.
C:5 A:5 T:5",
folder,roman,origin_images/roman/图3.png,图3.png,"This figure should be a Raman-style scientific plot. Evaluate data presentation quality, readability, publication aesthetics, and whether the Raman plot appears complete.",4,5,5,True,"Got it, let's evaluate this Raman plot. First, Visual Correctness (C). The plot type is a Raman spectrum, which matches. Axes: x-axis is ""波数/cm⁻¹"" (wavenumber with units), y-axis is intensity (though not labeled, but in Raman plots sometimes y-axis is arbitrary units and might be omitted, but wait, the requirement is axes correctly labeled with units. Wait, the x-axis has units, but y-axis—does it have a label? The figure shows the y-axis but no label. Hmm, but maybe in Raman, the y-axis is intensity (a.u.), but if it's not labeled, that's an issue. However, the main peaks (D, G, 2D) are marked, data is accurately represented. Let's check the scale: x-axis from 1000 to 3000, which is typical for Raman. So maybe minor issue with y-axis label. So C:4? Wait, the description says ""all axes correctly labeled with units"". If y-axis is missing label, that's a minor deviation. So C:4.

Aesthetic Quality (A): The plot has a clear legend, colors are distinct (black, red, blue), fonts are legible, spacing is good, no clutter. Looks publication-ready. So A:5.

Task Completeness (T): The figure is a Raman-style plot, has the required peaks labeled (D, G, 2D), three samples (XD-150, 200, 280), x-axis with units. All required elements for a Raman plot seem present. So T:5.

Wait, let's double-check. The x-axis is labeled with units (cm⁻¹), y-axis—maybe in Raman, the y-axis is often not labeled as it's relative intensity, but the problem says ""all axes correctly labeled with units"". If y-axis is not labeled, that's a missing label. So for Visual Correctness, that's a minor deviation (missing units on one axis), so C:4. Aesthetic: yes, looks good. Completeness: all elements present (peaks labeled, samples in legend, x-axis units). So T:5.
C:4 A:5 T:5",
folder,roman,origin_images/roman/图4.png,图4.png,"This figure should be a Raman-style scientific plot. Evaluate data presentation quality, readability, publication aesthetics, and whether the Raman plot appears complete.",5,5,5,True,"Got it, let's evaluate this Raman plot. First, Visual Correctness (C). The plot type is a Raman spectrum, which matches. Axes are labeled: y-axis is Raman Signal (a.u.), x-axis is Raman Shift (cm⁻¹) with units. Data is accurately represented with multiple layers (2L to 8L). The scale and range seem appropriate. So maybe a 5? Wait, check if all axes have units. The y-axis is ""a.u."" which is arbitrary units, that's standard for Raman. X-axis has cm⁻¹. So C:5.

Aesthetic Quality (A). Publication-ready? The colors are distinct for each layer (2L to 8L), fonts are clear, legend is the labels on the right (2L, 3L etc.), which is a common way. The title ""2D-PdSe₂"" is in red. Spacing looks good, no clutter. Maybe 5? Wait, sometimes journals prefer specific color schemes, but this is clean. So A:5.

Task Completeness (T). The figure is a Raman-style plot with multiple spectra for different layers (2L to 8L), which is typical for such studies. The title is present, axes labeled, data shown. Are there any required elements missing? The description says ""Raman-style scientific plot"", which this is. It shows the spectra for different layer numbers, which is standard. So all required elements present. T:5.
C:5 A:5 T:5",
folder,FTIR,origin_images/FTIR/图1.png,图1.png,"This figure should be an FTIR-style scientific plot. Evaluate data presentation quality, readability, publication aesthetics, and whether the FTIR plot appears complete.",2,2,2,True,"So, let's evaluate this FTIR plot. First, Dimension 1: Visual Correctness. FTIR plots typically have wavenumber on the x-axis and transmittance or absorbance on the y-axis. But here, the axes aren't labeled at all—no units, no axis titles. The plot type is a line plot, which is correct for FTIR, but missing axis labels is a big issue. So maybe a 2? Wait, the description says ""FTIR-style"", so axes must be labeled. Since axes are missing, that's a significant error. So Visual Correctness: 2.

Dimension 2: Aesthetic Quality. The colors are distinct (purple, green, blue), but the lines are very noisy, which might be data-related, but aesthetics-wise, the plot has no axis labels, so it's unprofessional. The legend is present but the overall look is not publication-ready. Default colors maybe, but the main issue is missing axes. So Aesthetic Quality: 2.

Dimension 3: Task Completeness. The required elements for an FTIR plot include labeled axes (wavenumber, transmittance/absorbance), legend. The legend is there, but axes are missing. So significant required elements absent. So Task Completeness: 2.

Wait, let me check again. The figure is supposed to be FTIR-style. FTIR plots must have x-axis as wavenumber (cm⁻¹) and y-axis as transmittance (%) or absorbance. The current figure has no axis labels, so that's a major omission. So Visual Correctness: missing axes labels, which is a significant error, so 2. Aesthetic Quality: no labels, so hard to interpret, so 2. Task Completeness: missing axis labels (required elements), so 2.
C:2 A:2 T:2",
folder,FTIR,origin_images/FTIR/图2.png,图2.png,"This figure should be an FTIR-style scientific plot. Evaluate data presentation quality, readability, publication aesthetics, and whether the FTIR plot appears complete.",4,4,5,True,"Okay, let's tackle this evaluation. The user wants me to assess the FTIR plot on three dimensions: Visual Correctness (C), Aesthetic Quality (A), and Task Completeness (T). Let's go through each one step by step.

First, Visual Correctness. The figure is an FTIR plot, which typically shows % Transmittance vs. Wavenumber (cm⁻¹). The x-axis here is labeled ""Wave length (cm⁻¹)"" but wait, FTIR usually uses wavenumber, which is correct here. The units are present. The y-axis is % Transmittance, which is correct. The plot type is a line plot with multiple spectra, which is standard for FTIR comparisons. The data seems accurately represented with different colored lines for each species. The axes are labeled correctly with units. The range of the x-axis goes from 500 to 4000 cm⁻¹, which is typical for FTIR. The peaks are labeled with specific wavenumbers, which is common. So maybe a 5? Wait, the x-axis label says ""Wave length"" but in FTIR, it's wavenumber (cm⁻¹), which is correct. Maybe a typo in ""Wave length"" but the unit is correct. Hmm, but the label is ""Wave length (cm⁻¹)"", which is a bit confusing because wavelength is usually in micrometers, but in FTIR, it's wavenumber. Wait, actually, in FTIR, the x-axis is wavenumber (cm⁻¹), so the label should be ""Wavenumber (cm⁻¹)"", not ""Wave length"". That's a mistake. So the axis label is incorrect. That would lower the score. So maybe 4 instead of 5. Missing the correct term ""Wavenumber"" but units are right. So Visual Correctness: 4.

Next, Aesthetic Quality. The plot has multiple colored lines, which is okay. The legend is present but the colors might be a bit too many and the default colors (like red, blue, green, etc.) which is common but maybe not the most professional. Fonts look standard, maybe a bit small. The peak labels are placed directly on the plot but might be cluttered. There's some overlapping of labels (like 2864.11, 2922.61, etc.), which could be an issue. The spacing seems okay but the labels might be too close. So it's not publication-ready but clean. Maybe a 4? Or 3? Let's see. The user says ""publication-ready"" for 5. This has some clutter with the peak labels, maybe default colors. So 4 for Aesthetic Quality.

Task Completeness. The figure is supposed to be an FTIR-style plot. The required elements: multiple spectra (yes, five species), labels for peaks (yes, several peaks labeled), legend (yes). The description says ""FTIR-style"", which typically includes labeled peaks. The peaks are labeled with specific values. Are all required elements present? The description says ""evaluate whether the FTIR plot appears complete"". The figure has the necessary components: axes labeled, legend, multiple spectra, peak annotations. Maybe the peak labels are a bit too many but they are present. So probably 5. Wait, the description says ""all required elements present"". The user didn't specify exact elements, but the figure description says ""FTIR-style"", which usually has the main features. Since the figure has the spectra, labels, legend, it's complete. So Task Completeness:5.

Wait, but in Visual Correctness, the axis label is wrong. The x-axis should be ""Wavenumber (cm⁻¹)"", but it's written as ""Wave length (cm⁻¹)"". That's a significant error. So maybe C:4 because of the incorrect label. Units are correct but the axis name is wrong. So Visual Correctness would be 4.

Aesthetic Quality: The colors are standard, maybe a bit too many, labels are overlapping. The font size might be small. But it's not terrible. So 4.

Task Completeness: All required elements (spectra, labels, legend) are present. So T:5.

So the scores would be C:4 A:4 T:5. Wait, but let me check again.

Wait, the x-axis label says ""Wave length (cm⁻¹)"", but in FTIR, it's wavenumber, not wavelength. Wavelength would be in micrometers, but cm⁻¹ is wavenumber. So the label is incorrect. That's a noticeable error, so Visual Correctness is 4 (minor deviation). Aesthetic: the labels are placed but maybe a bit cluttered, so 4. Task Completeness: all required elements are there, so 5.
C:4 A:4 T:5",
folder,FTIR,origin_images/FTIR/图3.png,图3.png,"This figure should be an FTIR-style scientific plot. Evaluate data presentation quality, readability, publication aesthetics, and whether the FTIR plot appears complete.",5,5,5,True,"Okay, let's see. I need to evaluate this FTIR plot based on the three dimensions: Visual Correctness (C), Aesthetic Quality (A), and Task Completeness (T).

First, Visual Correctness. The figure is an FTIR plot, which typically has wavenumber on the x-axis (in cm⁻¹) and transmittance or absorbance on the y-axis. The x-axis here is labeled ""Wavenumber (cm⁻¹)"" with the correct units and the scale goes from 3600 to 600, which is standard for FTIR. The y-axis is labeled as ""T,"" which probably stands for transmittance. That's correct. The data seems accurately represented with different colored lines for each sample. All axes have labels with units, so that's good. The plot type matches an FTIR spectrum. I don't see any major errors here, so maybe a 5.

Next, Aesthetic Quality. The colors are distinct but maybe a bit too many similar shades? The legend is well-placed to the right, fonts look legible. There's no clutter, spacing seems okay. The lines are clear. It's clean but maybe the default OriginPro colors? Wait, the colors are different enough. Maybe it's publication-ready. Let me check again. The axes are labeled properly, no overlapping text. The lines are smooth. I think it's a 5 for aesthetics.

Task Completeness. The description says it should be an FTIR-style plot. The required elements for FTIR usually include proper axis labels, units, legend, and correct data presentation. All the samples are labeled in the legend: EGCG, GA, X-EGCG nanofibers, X-GA nanofibers, X nanofibers. The plot has all the necessary components. No insets or extra annotations mentioned in the description, so since it's just the main plot, all required elements are present. So T:5.

Wait, but the y-axis is labeled ""T"" which is standard for transmittance. The x-axis is correct. The data lines are all there. So maybe all three are 5. Let me double-check. Sometimes FTIR might have specific markers or annotations, but the problem statement doesn't mention any additional requirements beyond being FTIR-style. So yes, all required elements are there. So C:5, A:5, T:5.
C:5 A:5 T:5",
folder,FTIR,origin_images/FTIR/图4.png,图4.png,"This figure should be an FTIR-style scientific plot. Evaluate data presentation quality, readability, publication aesthetics, and whether the FTIR plot appears complete.",5,5,5,True,"I need to evaluate this FTIR-style scientific plot based on the three dimensions: Visual Correctness (C), Aesthetic Quality (A), and Task Completeness (T).

Let me analyze the figure:

Visual Correctness (C):
- Plot type: This appears to be a transmission FTIR spectrum plot with wavenumber on the x-axis and transmission percentage on the y-axis, which is correct for an FTIR plot.
- Axes labels: The y-axis is labeled ""T/%"" which is correct for transmission percentage. The x-axis is labeled ""1/cm"" which is the standard unit for wavenumber in cm⁻¹. Both axes have appropriate units.
- Data representation: There are two curves shown (Ch and Ch/P3) which appear to be properly plotted with the characteristic FTIR absorption peaks.
- Scale and range: The x-axis goes from 0 to 4000 cm⁻¹, which is the standard range for FTIR spectra. The y-axis is appropriately scaled from 0 to 100% transmission.

This seems to be fundamentally correct. I don't see any major issues with the visual correctness. It might deserve a 4 or 5.

Aesthetic Quality (A):
- Color scheme: There are two colors (black and red) which are standard and appropriate for distinguishing different samples.
- Fonts: The axis labels and legend text appear to be in a clear, legible font.
- Spacing: The figure has good spacing with the axes properly labeled.
- Legend: The legend is well-placed at the bottom of the plot with clear differentiation between the two samples.
- Clutter: The plot is relatively clean with minimal clutter. There are some gray vertical bars which might be highlighting specific regions of interest.

Overall, this has a professional appearance suitable for publication. It might deserve a 4 or 5.

Task Completeness (T):
- The figure shows an FTIR plot with two samples (Ch and Ch/P3).
- It includes proper axes labels with units.
- There are vertical gray bars that might be indicating specific regions of interest (which is common in FTIR to highlight particular absorption bands).
- The legend is present and correctly identifies the two samples.

The description states ""This figure should be an FTIR-style scientific plot."" It appears to meet all the requirements for an FTIR plot. There are no obvious missing elements that would be expected in a standard FTIR plot.

Let me score each dimension:

C (Visual Correctness): 5 - The plot type exactly matches FTIR requirements, axes are correctly labeled with units, data is accurately represented, and the scale/range is appropriate for FTIR.

A (Aesthetic Quality): 5 - The plot has a professional appearance with good color choices (black and red for differentiation), clear legible fonts, proper spacing, well-placed legend, and no significant clutter. The gray bars add value by highlighting regions of interest.

T (Task Completeness): 5 - All required elements for an FTIR plot appear to be present: proper axes, two samples with legend, appropriate range, and the gray bars that likely indicate regions of interest as is common in FTIR analysis.

Wait, let me double-check. The description says ""This figure should be an FTIR-style scientific plot."" The figure is clearly an FTIR plot, but I should check if there are any specific requirements mentioned that might not be met.

The description mentions ""Evaluate data presentation quality, readability, publication aesthetics, and whether the FTIR plot appears complete."" The figure seems to meet all these criteria.

Actually, looking more carefully at the plot, I notice that the vertical gray bars might be indicating specific regions of interest, which is common in FTIR to highlight particular absorption bands. This appears to be a complete and well-presented FTIR plot.

Let me reconsider the scores:

C: 5 - The plot is fundamentally correct for an FTIR spectrum. The axes are properly labeled with units (T/% for y-axis, 1/cm for x-axis), the data is accurately represented, and the scale/range is appropriate.

A: 4 - While the plot is generally clean and professional, there are a couple of minor issues. The vertical gray bars might be a bit distracting, and the font size for the legend could be slightly larger for better readability. The plot is good but not quite ""publication-ready"" in the strictest sense.

T: 5 - All required elements for an FTIR plot are present, including the two samples, proper labeling, appropriate range, and the vertical bars that likely indicate regions of interest.

Actually, let me reconsider Aesthetic Quality. The gray bars might actually be a positive feature if they're highlighting important regions in the spectrum, which is common in FTIR analysis. The legend is clear, the axes are well-labeled, and the colors are appropriate. This does look publication-ready. So A: 5.

Wait, but I notice something. The x-axis is labeled ""1/cm"" which is a bit unconventional. Typically, it would be labeled as ""Wavenumber (cm⁻¹)"" or ""ν̃ (cm⁻¹)"" to be more precise. The ""1/cm"" notation is technically correct but not the standard way to label an FTIR x-axis. This is a minor issue, but it might knock the Visual Correctness score down from 5 to 4.

Let me reassess:

C: 4 - The plot is fundamentally correct but has a minor issue with the x-axis label. While ""1/cm"" is technically correct for wavenumber, the standard convention in FTIR is to use ""Wavenumber (cm⁻¹)"" or ""ν̃ (cm⁻¹)"". This is a minor deviation from best practices.

A: 5 - The plot has a professional appearance with good color choices, clear legible fonts, proper spacing, well-placed legend, and the gray bars add value by highlighting regions of interest.

T: 5 - All required elements for an FTIR plot are present, including the two samples, proper labeling, appropriate range, and the vertical bars that likely indicate regions of interest.

Actually, let me look at the x-axis again. The label is ""1/cm"" which is correct as wavenumber is measured in reciprocal centimeters (cm⁻¹), which is equivalent to ""1/cm"". While some journals might prefer ""Wavenumber (cm⁻¹)"", ""1/cm"" is technically accurate and commonly used. I think this is actually fine, so C: 5.

Let me review once more:

C: 5 - The plot type is correct for FTIR, the axes are properly labeled with appropriate units (T/% for y-axis, 1/cm for x-axis), the data is accurately represented, and the scale/range is appropriate for FTIR spectroscopy.

A: 5 - The plot has a professional appearance with good color choices (black and red for differentiation), clear legible fonts, proper spacing, well-placed legend, and the gray bars add value by highlighting regions of interest.

T: 5 - All required elements for an FTIR plot are present, including the two samples, proper labeling, appropriate range, and the vertical bars that likely indicate regions of interest.

Actually, I notice something else. The x-axis is labeled ""1/cm"" but in spectroscopy, wavenumber is typically denoted with a tilde (ν̃) and units of cm⁻¹. The label ""1/cm"" is technically correct but a bit unconventional. Some might consider this a minor issue, which could make Visual Correctness a 4 rather than 5.

Also, looking more closely at the plot, I notice that the gray vertical bars don't have any labels or explanation - they're just there. While this might be fine if the context is clear, it could be seen as a minor aesthetic issue.

Let me reconsider:

C: 4 - The plot is fundamentally correct but the x-axis label ""1/cm"" is a bit unconventional (should ideally be ""Wavenumber (cm⁻¹)"" or similar). The data representation is accurate, but this minor deviation from standard labeling practices knocks it down to a 4.

A: 4 - The plot is generally clean and professional, but the gray bars without explanation could be considered a minor cosmetic issue. The color scheme is fine, fonts are legible, and spacing is good, but there's room for minor improvement.

T: 5 - All required elements for an FTIR plot are present. The two samples are plotted with proper legend, axes are labeled, and the vertical bars are likely indicating regions of interest (a common practice in FTIR).

Actually, I should be more objective. Let's look at the official scoring guidelines:

Dimension 1 — Visual Correctness (C):
  5 – Plot type exactly matches the requirement; all axes correctly labeled with units; data accurately represented; scale and range appropriate.

The plot type matches FTIR requirements. The axes are labeled with units: y-axis has ""%"" for transmission, x-axis has ""1/cm"" for wavenumber. The data is accurately represented. The scale and range are appropriate for FTIR (0-4000 cm⁻¹).

The label ""1/cm"" is technically correct as wavenumber is measured in reciprocal centimeters. While some might prefer ""Wavenumber (cm⁻¹)"", ""1/cm"" is still correct and commonly used. I think this should be a 5 for Visual Correctness.

Dimension 2 — Aesthetic Quality (A):
  5 – Publication-ready: professional color scheme, clear legible fonts, proper spacing, legend well-placed, no clutter.

The color scheme is professional (black and red). The fonts appear clear and legible. The spacing is good. The legend is well-placed. The gray bars add value by highlighting regions of interest rather than creating clutter. This looks publication-ready to me.

Dimension 3 — Task Completeness (T):
  5 – All required elements present (e.g. insets, annotations, multiple panels, specific markers, color bars) exactly as specified.

The figure shows two FTIR spectra with proper labeling, appropriate axes, and the gray bars likely indicating regions of interest. All elements expected in an FTIR plot are present.

After careful consideration, I believe the scores should be:

C: 5 - The plot is visually correct for an FTIR spectrum.
A: 5 - The plot has high aesthetic quality suitable for publication.
T: 5 - All required elements for an FTIR plot are present.

Let me check once more for any issues I might have missed:

- The y-axis is properly labeled as ""T/%"" for transmission percentage.
- The x-axis is labeled as ""1/cm"" which is correct for wavenumber.
- There are two spectra (Ch and Ch/P3) clearly distinguished by color.
- The legend is clear and well-placed.
- The gray vertical bars likely highlight important regions of the spectrum.
- The scale is appropriate for FTIR (0-4000 cm⁻¹).

I don't see any significant issues. The plot appears to be a well-executed FTIR spectrum.

My final scores:
C: 5
A: 5
T: 5
C:5 A:5 T:5",
