?
5.0      2162
5.01     2043
5.02     2035
5.03     2018
5.04     2035
5.05     1962
5.06     1933
5.07     1946
5.08     1939
5.09     1941
5.1      1895
5.11     1884
5.12     1882
5.13     1927
5.14     1911
5.15     1916
5.16     1882
5.17     1871
5.18     1854
5.19     1870
5.2      1824
5.21     1869
5.22     1845
5.23     1836
5.24     1845
5.25     1832
5.26     1802
5.27     1901
5.28     1770
5.29     1826
5.3      1794
5.31     1787
5.32     1950
5.33     1781
5.34     1827
5.35     1754
5.36     1811
5.37     1828
5.38     1883
5.39     1801
5.4      1834
5.41     1838
5.42     1782
5.43     1768
5.44     1828
5.45     1765
5.46     1750
5.47     1809
5.48     1806
5.49     1739
5.5      1768
5.51     1722
5.52     1770
5.53     1666
5.54     1820
5.55     1854
5.56     1718
5.57     1702
5.58     1802
5.59     1804
5.6      1766
5.61     1753
5.62     1736
5.63     1803
5.64     1805
5.65     1788
5.66     1772
5.67     1792
5.68     1767
5.69     1755
5.7      1692
5.71     1795
5.72     1862
5.73     1812
5.74     1700
5.75     1676
5.76     1733
5.77     1728
5.78     1779
5.79     1644
5.8      1715
5.81     1666
5.82     1748
5.83     1750
5.84     1720
5.85     1742
5.86     1728
5.87     1761
5.88     1756
5.89     1698
5.9      1728
5.91     1674
5.92     1855
5.93     1810
5.94     1728
5.95     1693
5.96     1720
5.97     1736
5.98     1836
5.99     1752
6.0      1705
6.01     1737
6.02     1738
6.03     1737
6.04     1707
6.05     1789
6.06     1729
6.07     1739
6.08     1755
6.09     1829
6.1      1756
6.11     1798
6.12     1818
6.13     1798
6.14     1785
6.15     1745
6.16     1788
6.17     1783
6.18     1712
6.19     1741
6.2      1733
6.21     1784
6.22     1731
6.23     1728
6.24     1740
6.25     1707
6.26     1733
6.27     1700
6.28     1730
6.29     1741
6.3      1769
6.31     1743
6.32     1780
6.33     1723
6.34     1718
6.35     1742
6.36     1723
6.37     1767
6.38     1743
6.39     1800
6.4      1789
6.41     1783
6.42     1751
6.43     1718
6.44     1693
6.45     1722
6.46     1742
6.47     1696
6.48     1717
6.49     1721
6.5      1671
6.51     1678
6.52     1772
6.53     1762
6.54     1714
6.55     1738
6.56     1737
6.57     1695
6.58     1723
6.59     1735
6.6      1768
6.61     1652
6.62     1705
6.63     1823
6.64     1742
6.65     1765
6.66     1680
6.67     1698
6.68     1729
6.69     1733
6.7      1727
6.71     1752
6.72     1735
6.73     1690
6.74     1747
6.75     1765
6.76     1690
6.77     1676
6.78     1691
6.79     1666
6.8      1724
6.81     1734
6.82     1685
6.83     1690
6.84     1695
6.85     1741
6.86     1740
6.87     1722
6.88     1785
6.89     1772
6.9      1721
6.91     1759
6.92     1704
6.93     1816
6.94     1750
6.95     1765
6.96     1699
6.97     1674
6.98     1708
6.99     1730
7.0      1786
7.01     1750
7.02     1707
7.03     1696
7.04     1674
7.05     1779
7.06     1755
7.07     1688
7.08     1696
7.09     1699
7.1      1734
7.11     1800
7.12     1731
7.13     1665
7.14     1664
7.15     1777
7.16     1776
7.17     1666
7.18     1747
7.19     1655
7.2      1652
7.21     1723
7.22     1733
7.23     1730
7.24     1741
7.25     1743
7.26     1700
7.27     1722
7.28     1683
7.29     1696
7.3      1697
7.31     1712
7.32     1686
7.33     1677
7.34     1707
7.35     1762
7.36     1664
7.37     1676
7.38     1691
7.39     1773
7.4      1805
7.41     1766
7.42     1690
7.43     1681
7.44     1687
7.45     1680
7.46     1686
7.47     1764
7.48     1728
7.49     1760
7.5      1745
7.51     1725
7.52     1675
7.53     1785
7.54     1735
7.55     1710
7.56     1747
7.57     1757
7.58     1779
7.59     1698
7.6      1684
7.61     1688
7.62     1753
7.63     1787
7.64     1829
7.65     1755
7.66     1702
7.67     1670
7.68     1740
7.69     1680
7.7      1740
7.71     1737
7.72     1739
7.73     1740
7.74     1672
7.75     1733
7.76     1664
7.77     1750
7.78     1682
7.79     1720
7.8      1834
7.81     1730
7.82     1740
7.83     1658
7.84     1684
7.85     1697
7.86     1669
7.87     1699
7.88     1761
7.89     1788
7.9      1732
7.91     1734
7.92     1732
7.93     1669
7.94     1733
7.95     1739
7.96     1762
7.97     1756
7.98     1755
7.99     1720
8.0      1661
8.01     1700
8.02     1766
8.03     1712
8.04     1642
8.05     1692
8.06     1745
8.07     1742
8.08     1715
8.09     1702
8.1      1759
8.11     1743
8.12     1766
8.13     1759
8.14     1761
8.15     1761
8.16     1745
8.17     1762
8.18     1685
8.19     1691
8.2      1723
8.21     1728
8.22     1739
8.23     1700
8.24     1747
8.25     1711
8.26     1727
8.27     1672
8.28     1769
8.29     1661
8.3      1715
8.31     1728
8.32     1775
8.33     1707
8.34     1655
8.35     1744
8.36     1713
8.37     1755
8.38     1718
8.39     1676
8.4      1740
8.41     1723
8.42     1820
8.43     1748
8.44     1761
8.45     1659
8.46     1728
8.47     1777
8.48     1701
8.49     1712
8.5      1743
8.51     1686
8.52     1746
8.53     1681
8.54     1702
8.55     1708
8.56     1708
8.57     1709
8.58     1705
8.59     1777
8.6      1683
8.61     1688
8.62     1733
8.63     1794
8.64     1710
8.65     1674
8.66     1726
8.67     1811
8.68     1701
8.69     1718
8.7      1736
8.71     1727
8.72     1753
8.73     1754
8.74     1801
8.75     1663
8.76     1652
8.77     1682
8.78     1773
8.79     1700
8.8      1730
8.81     1720
8.82     1758
8.83     1757
8.84     1761
8.85     1737
8.86     1779
8.87     1640
8.88     1721
8.89     1696
8.9      1739
8.91     1768
8.92     1702
8.93     1648
8.94     1687
8.95     1700
8.96     1770
8.97     1713
8.98     1756
8.99     1675
9.0      1845
9.01     1756
9.02     1696
9.03     1767
9.04     1767
9.05     1735
9.06     1707
9.07     1697
9.08     1708
9.09     1702
9.1      1801
9.11     1662
9.12     1717
9.13     1752
9.14     1794
9.15     1780
9.16     1731
9.17     1760
9.18     1744
9.19     1695
9.2      1770
9.21     1757
9.22     1746
9.23     1759
9.24     1710
9.25     1738
9.26     1728
9.27     1776
9.28     1687
9.29     1763
9.3      1777
9.31     1729
9.32     1728
9.33     1722
9.34     1675
9.35     1723
9.36     1695
9.37     1723
9.38     1725
9.39     1773
9.4      1768
9.41     1726
9.42     1768
9.43     1758
9.44     1745
9.45     1742
9.46     1722
9.47     1647
9.48     1710
9.49     1662
9.5      1760
9.51     1710
9.52     1779
9.53     1769
9.54     1718
9.55     1762
9.56     1758
9.57     1782
9.58     1761
9.59     1751
9.6      1681
9.61     1672
9.62     1768
9.63     1757
9.64     1740
9.65     1704
9.66     1760
9.67     1702
9.68     1796
9.69     1735
9.7      1738
9.71     1842
9.72     1758
9.73     1790
9.74     1782
9.75     1795
9.76     1749
9.77     1839
9.78     1767
9.79     1796
9.8      1726
9.81     1673
9.82     1708
9.83     1737
9.84     1780
9.85     1769
9.86     1682
9.87     1731
9.88     1734
9.89     1743
9.9      1753
9.91     1745
9.92     1697
9.93     1749
9.94     1763
9.95     1759
9.96     1669
9.97     1813
9.98     1694
9.99     1723
10.0     1752
10.01    1763
10.02    1731
10.03    1774
10.04    1762
10.05    1753
10.06    1702
10.07    1783
10.08    1766
10.09    1714
10.1     1706
10.11    1793
10.12    1717
10.13    1738
10.14    1751
10.15    1752
10.16    1823
10.17    1740
10.18    1797
10.19    1683
10.2     1704
10.21    1748
10.22    1741
10.23    1723
10.24    1721
10.25    1772
10.26    1705
10.27    1751
10.28    1784
10.29    1724
10.3     1709
10.31    1734
10.32    1670
10.33    1777
10.34    1739
10.35    1731
10.36    1729
10.37    1739
10.38    1711
10.39    1702
10.4     1693
10.41    1753
10.42    1750
10.43    1804
10.44    1830
10.45    1688
10.46    1686
10.47    1690
10.48    1710
10.49    1684
10.5     1730
10.51    1722
10.52    1688
10.53    1776
10.54    1756
10.55    1753
10.56    1669
10.57    1766
10.58    1695
10.59    1726
10.6     1778
10.61    1712
10.62    1670
10.63    1660
10.64    1765
10.65    1767
10.66    1692
10.67    1703
10.68    1761
10.69    1783
10.7     1806
10.71    1737
10.72    1787
10.73    1723
10.74    1717
10.75    1727
10.76    1699
10.77    1767
10.78    1788
10.79    1715
10.8     1722
10.81    1722
10.82    1714
10.83    1768
10.84    1712
10.85    1716
10.86    1738
10.87    1751
10.88    1751
10.89    1741
10.9     1761
10.91    1724
10.92    1700
10.93    1676
10.94    1752
10.95    1766
10.96    1769
10.97    1738
10.98    1807
10.99    1812
11.0     1682
11.01    1771
11.02    1755
11.03    1767
11.04    1781
11.05    1740
11.06    1749
11.07    1738
11.08    1706
11.09    1711
11.1     1715
11.11    1790
11.12    1771
11.13    1776
11.14    1707
11.15    1603
11.16    1706
11.17    1824
11.18    1762
11.19    1775
11.2     1754
11.21    1780
11.22    1633
11.23    1690
11.24    1740
11.25    1724
11.26    1780
11.27    1750
11.28    1643
11.29    1658
11.3     1724
11.31    1726
11.32    1747
11.33    1720
11.34    1709
11.35    1789
11.36    1671
11.37    1677
11.38    1733
11.39    1780
11.4     1672
11.41    1765
11.42    1740
11.43    1741
11.44    1799
11.45    1768
11.46    1742
11.47    1751
11.48    1677
11.49    1738
11.5     1713
11.51    1720
11.52    1659
11.53    1713
11.54    1771
11.55    1722
11.56    1729
11.57    1723
11.58    1717
11.59    1685
11.6     1698
11.61    1677
11.62    1746
11.63    1740
11.64    1748
11.65    1796
11.66    1809
11.67    1781
11.68    1647
11.69    1729
11.7     1696
11.71    1764
11.72    1770
11.73    1718
11.74    1715
11.75    1678
11.76    1742
11.77    1732
11.78    1734
11.79    1689
11.8     1756
11.81    1732
11.82    1724
11.83    1708
11.84    1657
11.85    1734
11.86    1785
11.87    1728
11.88    1802
11.89    1788
11.9     1781
11.91    1714
11.92    1734
11.93    1761
11.94    1721
11.95    1718
11.96    1745
11.97    1746
11.98    1655
11.99    1711
12.0     1756
12.01    1726
12.02    1698
12.03    1701
12.04    1683
12.05    1670
12.06    1729
12.07    1734
12.08    1746
12.09    1760
12.1     1694
12.11    1725
12.12    1727
12.13    1744
12.14    1749
12.15    1706
12.16    1758
12.17    1713
12.18    1732
12.19    1731
12.2     1729
12.21    1786
12.22    1707
12.23    1758
12.24    1768
12.25    1775
12.26    1720
12.27    1754
12.28    1679
12.29    1733
12.3     1725
12.31    1722
12.32    1721
12.33    1706
12.34    1711
12.35    1765
12.36    1733
12.37    1682
12.38    1733
12.39    1758
12.4     1749
12.41    1797
12.42    1761
12.43    1756
12.44    1702
12.45    1782
12.46    1811
12.47    1786
12.48    1680
12.49    1725
12.5     1801
12.51    1780
12.52    1683
12.53    1798
12.54    1692
12.55    1675
12.56    1779
12.57    1687
12.58    1694
12.59    1731
12.6     1749
12.61    1679
12.62    1695
12.63    1659
12.64    1782
12.65    1620
12.66    1749
12.67    1751
12.68    1767
12.69    1723
12.7     1699
12.71    1769
12.72    1786
12.73    1665
12.74    1795
12.75    1670
12.76    1807
12.77    1745
12.78    1726
12.79    1701
12.8     1737
12.81    1741
12.82    1752
12.83    1693
12.84    1694
12.85    1705
12.86    1737
12.87    1774
12.88    1713
12.89    1738
12.9     1760
12.91    1770
12.92    1776
12.93    1783
12.94    1733
12.95    1686
12.96    1754
12.97    1719
12.98    1748
12.99    1783
13.0     1714
13.01    1805
13.02    1725
13.03    1779
13.04    1732
13.05    1755
13.06    1755
13.07    1687
13.08    1777
13.09    1776
13.1     1744
13.11    1740
13.12    1784
13.13    1825
13.14    1769
13.15    1730
13.16    1684
13.17    1726
13.18    1700
13.19    1666
13.2     1785
13.21    1822
13.22    1699
13.23    1789
13.24    1683
13.25    1667
13.26    1678
13.27    1683
13.28    1690
13.29    1696
13.3     1705
13.31    1708
13.32    1793
13.33    1801
13.34    1778
13.35    1725
13.36    1767
13.37    1773
13.38    1680
13.39    1742
13.4     1728
13.41    1721
13.42    1729
13.43    1755
13.44    1790
13.45    1803
13.46    1769
13.47    1683
13.48    1708
13.49    1742
13.5     1754
13.51    1679
13.52    1756
13.53    1680
13.54    1648
13.55    1814
13.56    1699
13.57    1783
13.58    1684
13.59    1717
13.6     1729
13.61    1735
13.62    1779
13.63    1759
13.64    1742
13.65    1745
13.66    1700
13.67    1675
13.68    1631
13.69    1687
13.7     1737
13.71    1708
13.72    1652
13.73    1704
13.74    1686
13.75    1642
13.76    1761
13.77    1745
13.78    1668
13.79    1766
13.8     1763
13.81    1691
13.82    1749
13.83    1696
13.84    1677
13.85    1680
13.86    1726
13.87    1722
13.88    1669
13.89    1732
13.9     1766
13.91    1760
13.92    1745
13.93    1693
13.94    1705
13.95    1732
13.96    1698
13.97    1735
13.98    1684
13.99    1750
14.0     1710
14.01    1694
14.02    1758
14.03    1712
14.04    1695
14.05    1692
14.06    1734
14.07    1681
14.08    1685
14.09    1782
14.1     1742
14.11    1738
14.12    1677
14.13    1686
14.14    1662
14.15    1764
14.16    1618
14.17    1704
14.18    1734
14.19    1687
14.2     1774
14.21    1731
14.22    1757
14.23    1701
14.24    1737
14.25    1732
14.26    1779
14.27    1719
14.28    1800
14.29    1789
14.3     1661
14.31    1778
14.32    1752
14.33    1728
14.34    1822
14.35    1733
14.36    1713
14.37    1752
14.38    1679
14.39    1729
14.4     1723
14.41    1805
14.42    1753
14.43    1757
14.44    1728
14.45    1667
14.46    1682
14.47    1717
14.48    1660
14.49    1653
14.5     1724
14.51    1720
14.52    1764
14.53    1681
14.54    1712
14.55    1721
14.56    1714
14.57    1714
14.58    1754
14.59    1750
14.6     1654
14.61    1754
14.62    1691
14.63    1795
14.64    1696
14.65    1646
14.66    1730
14.67    1745
14.68    1747
14.69    1680
14.7     1722
14.71    1640
14.72    1712
14.73    1778
14.74    1736
14.75    1752
14.76    1675
14.77    1652
14.78    1724
14.79    1774
14.8     1692
14.81    1790
14.82    1743
14.83    1722
14.84    1677
14.85    1769
14.86    1728
14.87    1659
14.88    1695
14.89    1739
14.9     1673
14.91    1726
14.92    1685
14.93    1727
14.94    1716
14.95    1733
14.96    1697
14.97    1656
14.98    1726
14.99    1724
15.0     1720
15.01    1730
15.02    1686
15.03    1782
15.04    1639
15.05    1654
15.06    1700
15.07    1746
15.08    1738
15.09    1693
15.1     1714
15.11    1754
15.12    1725
15.13    1668
15.14    1717
15.15    1844
15.16    1809
15.17    1785
15.18    1739
15.19    1749
15.2     1783
15.21    1742
15.22    1703
15.23    1709
15.24    1679
15.25    1703
15.26    1739
15.27    1727
15.28    1703
15.29    1726
15.3     1718
15.31    1699
15.32    1648
15.33    1774
15.34    1697
15.35    1749
15.36    1760
15.37    1763
15.38    1723
15.39    1782
15.4     1758
15.41    1699
15.42    1704
15.43    1781
15.44    1693
15.45    1771
15.46    1705
15.47    1747
15.48    1700
15.49    1749
15.5     1699
15.51    1722
15.52    1694
15.53    1728
15.54    1711
15.55    1778
15.56    1699
15.57    1700
15.58    1727
15.59    1759
15.6     1707
15.61    1780
15.62    1742
15.63    1734
15.64    1765
15.65    1683
15.66    1714
15.67    1688
15.68    1649
15.69    1691
15.7     1710
15.71    1727
15.72    1734
15.73    1645
15.74    1747
15.75    1759
15.76    1748
15.77    1812
15.78    1726
15.79    1725
15.8     1704
15.81    1701
15.82    1742
15.83    1763
15.84    1717
15.85    1768
15.86    1738
15.87    1681
15.88    1746
15.89    1765
15.9     1698
15.91    1727
15.92    1686
15.93    1697
15.94    1728
15.95    1724
15.96    1664
15.97    1719
15.98    1810
15.99    1743
16.0     1653
16.01    1628
16.02    1737
16.03    1734
16.04    1768
16.05    1757
16.06    1737
16.07    1773
16.08    1653
16.09    1769
16.1     1769
16.11    1700
16.12    1659
16.13    1751
16.14    1691
16.15    1693
16.16    1706
16.17    1728
16.18    1746
16.19    1716
16.2     1786
16.21    1759
16.22    1688
16.23    1629
16.24    1698
16.25    1714
16.26    1747
16.27    1701
16.28    1783
16.29    1793
16.3     1789
16.31    1690
16.32    1692
16.33    1711
16.34    1822
16.35    1728
16.36    1735
16.37    1780
16.38    1725
16.39    1636
16.4     1656
16.41    1693
16.42    1693
16.43    1746
16.44    1723
16.45    1688
16.46    1674
16.47    1659
16.48    1708
16.49    1777
16.5     1690
16.51    1715
16.52    1695
16.53    1745
16.54    1758
16.55    1742
16.56    1673
16.57    1752
16.58    1765
16.59    1744
16.6     1732
16.61    1772
16.62    1647
16.63    1635
16.64    1760
16.65    1657
16.66    1685
16.67    1628
16.68    1751
16.69    1761
16.7     1697
16.71    1749
16.72    1742
16.73    1684
16.74    1661
16.75    1731
16.76    1692
16.77    1682
16.78    1649
16.79    1733
16.8     1632
16.81    1705
16.82    1788
16.83    1704
16.84    1639
16.85    1727
16.86    1651
16.87    1716
16.88    1682
16.89    1677
16.9     1744
16.91    1671
16.92    1709
16.93    1657
16.94    1738
16.95    1720
16.96    1662
16.97    1728
16.98    1797
16.99    1745
17.0     1746
17.01    1689
17.02    1735
17.03    1657
17.04    1697
17.05    1643
17.06    1626
17.07    1699
17.08    1722
17.09    1701
17.1     1646
17.11    1771
17.12    1761
17.13    1704
17.14    1667
17.15    1674
17.16    1662
17.17    1701
17.18    1732
17.19    1673
17.2     1754
17.21    1674
17.22    1693
17.23    1673
17.24    1736
17.25    1800
17.26    1693
17.27    1701
17.28    1640
17.29    1626
17.3     1755
17.31    1701
17.32    1665
17.33    1745
17.34    1651
17.35    1647
17.36    1615
17.37    1644
17.38    1695
17.39    1682
17.4     1701
17.41    1668
17.42    1607
17.43    1692
17.44    1660
17.45    1636
17.46    1618
17.47    1693
17.48    1668
17.49    1691
17.5     1722
17.51    1707
17.52    1742
17.53    1709
17.54    1653
17.55    1735
17.56    1693
17.57    1716
17.58    1736
17.59    1675
17.6     1690
17.61    1688
17.62    1781
17.63    1705
17.64    1654
17.65    1697
17.66    1718
17.67    1728
17.68    1764
17.69    1763
17.7     1649
17.71    1663
17.72    1750
17.73    1714
17.74    1723
17.75    1719
17.76    1744
17.77    1647
17.78    1662
17.79    1715
17.8     1732
17.81    1794
17.82    1641
17.83    1683
17.84    1790
17.85    1697
17.86    1682
17.87    1719
17.88    1691
17.89    1697
17.9     1689
17.91    1672
17.92    1630
17.93    1669
17.94    1679
17.95    1683
17.96    1717
17.97    1763
17.98    1682
17.99    1739
18.0     1699
18.01    1752
18.02    1691
18.03    1682
18.04    1708
18.05    1718
18.06    1694
18.07    1612
18.08    1734
18.09    1728
18.1     1791
18.11    1722
18.12    1775
18.13    1727
18.14    1666
18.15    1731
18.16    1737
18.17    1663
18.18    1661
18.19    1762
18.2     1705
18.21    1675
18.22    1708
18.23    1695
18.24    1691
18.25    1659
18.26    1700
18.27    1736
18.28    1694
18.29    1722
18.3     1732
18.31    1741
18.32    1763
18.33    1858
18.34    1873
18.35    1863
18.36    1839
18.37    1906
18.38    1826
18.39    1944
18.4     2079
18.41    1934
18.42    2002
18.43    2067
18.44    2037
18.45    1977
18.46    1950
18.47    1814
18.48    1870
18.49    1827
18.5     1789
18.51    1751
18.52    1772
18.53    1792
18.54    1724
18.55    1737
18.56    1658
18.57    1711
18.58    1698
18.59    1662
18.6     1702
18.61    1787
18.62    1767
18.63    1696
18.64    1724
18.65    1698
18.66    1690
18.67    1668
18.68    1694
18.69    1728
18.7     1726
18.71    1655
18.72    1670
18.73    1647
18.74    1698
18.75    1667
18.76    1606
18.77    1708
18.78    1685
18.79    1714
18.8     1668
18.81    1650
18.82    1662
18.83    1679
18.84    1611
18.85    1728
18.86    1643
18.87    1724
18.88    1705
18.89    1686
18.9     1644
18.91    1576
18.92    1643
18.93    1661
18.94    1646
18.95    1736
18.96    1657
18.97    1709
18.98    1732
18.99    1687
19.0     1712
19.01    1683
19.02    1633
19.03    1650
19.04    1692
19.05    1718
19.06    1716
19.07    1645
19.08    1700
19.09    1689
19.1     1682
19.11    1639
19.12    1719
19.13    1681
19.14    1665
19.15    1612
19.16    1612
19.17    1675
19.18    1785
19.19    1715
19.2     1673
19.21    1697
19.22    1663
19.23    1620
19.24    1667
19.25    1730
19.26    1657
19.27    1747
19.28    1706
19.29    1699
19.3     1664
19.31    1721
19.32    1735
19.33    1691
19.34    1608
19.35    1648
19.36    1720
19.37    1731
19.38    1653
19.39    1668
19.4     1689
19.41    1667
19.42    1696
19.43    1615
19.44    1641
19.45    1679
19.46    1653
19.47    1619
19.48    1729
19.49    1696
19.5     1681
19.51    1678
19.52    1674
19.53    1600
19.54    1726
19.55    1694
19.56    1678
19.57    1663
19.58    1710
19.59    1630
19.6     1689
19.61    1684
19.62    1642
19.63    1712
19.64    1699
19.65    1646
19.66    1725
19.67    1663
19.68    1666
19.69    1734
19.7     1709
19.71    1686
19.72    1719
19.73    1674
19.74    1754
19.75    1770
19.76    1710
19.77    1652
19.78    1692
19.79    1674
19.8     1669
19.81    1619
19.82    1617
19.83    1690
19.84    1711
19.85    1647
19.86    1703
19.87    1730
19.88    1628
19.89    1692
19.9     1640
19.91    1693
19.92    1613
19.93    1666
19.94    1713
19.95    1721
19.96    1669
19.97    1625
19.98    1617
19.99    1676
20.0     1671
20.01    1663
20.02    1669
20.03    1641
20.04    1719
20.05    1654
20.06    1678
20.07    1670
20.08    1723
20.09    1718
20.1     1665
20.11    1658
20.12    1668
20.13    1720
20.14    1694
20.15    1707
20.16    1736
20.17    1719
20.18    1735
20.19    1740
20.2     1677
20.21    1652
20.22    1724
20.23    1630
20.24    1671
20.25    1659
20.26    1697
20.27    1714
20.28    1655
20.29    1629
20.3     1676
20.31    1641
20.32    1644
20.33    1726
20.34    1697
20.35    1691
20.36    1697
20.37    1700
20.38    1658
20.39    1691
20.4     1684
20.41    1653
20.42    1689
20.43    1660
20.44    1679
20.45    1655
20.46    1667
20.47    1694
20.48    1704
20.49    1682
20.5     1709
20.51    1714
20.52    1559
20.53    1638
20.54    1653
20.55    1640
20.56    1650
20.57    1636
20.58    1703
20.59    1728
20.6     1634
20.61    1650
20.62    1676
20.63    1688
20.64    1709
20.65    1723
20.66    1687
20.67    1672
20.68    1621
20.69    1652
20.7     1649
20.71    1692
20.72    1666
20.73    1663
20.74    1777
20.75    1739
20.76    1686
20.77    1675
20.78    1650
20.79    1717
20.8     1728
20.81    1660
20.82    1682
20.83    1638
20.84    1658
20.85    1714
20.86    1739
20.87    1721
20.88    1687
20.89    1732
20.9     1661
20.91    1700
20.92    1643
20.93    1665
20.94    1698
20.95    1652
20.96    1713
20.97    1658
20.98    1631
20.99    1650
21.0     1673
21.01    1647
21.02    1679
21.03    1645
21.04    1675
21.05    1660
21.06    1687
21.07    1710
21.08    1629
21.09    1669
21.1     1632
21.11    1628
21.12    1661
21.13    1650
21.14    1717
21.15    1672
21.16    1671
21.17    1692
21.18    1754
21.19    1672
21.2     1677
21.21    1630
21.22    1643
21.23    1748
21.24    1725
21.25    1673
21.26    1643
21.27    1663
21.28    1611
21.29    1650
21.3     1716
21.31    1667
21.32    1664
21.33    1640
21.34    1703
21.35    1650
21.36    1664
21.37    1703
21.38    1658
21.39    1746
21.4     1729
21.41    1718
21.42    1679
21.43    1698
21.44    1713
21.45    1654
21.46    1712
21.47    1617
21.48    1732
21.49    1638
21.5     1644
21.51    1679
21.52    1695
21.53    1664
21.54    1637
21.55    1616
21.56    1608
21.57    1732
21.58    1692
21.59    1595
21.6     1630
21.61    1606
21.62    1669
21.63    1665
21.64    1590
21.65    1730
21.66    1667
21.67    1629
21.68    1609
21.69    1671
21.7     1609
21.71    1610
21.72    1616
21.73    1668
21.74    1710
21.75    1632
21.76    1633
21.77    1671
21.78    1694
21.79    1662
21.8     1685
21.81    1657
21.82    1665
21.83    1655
21.84    1670
21.85    1724
21.86    1705
21.87    1699
21.88    1706
21.89    1642
21.9     1722
21.91    1641
21.92    1603
21.93    1659
21.94    1701
21.95    1657
21.96    1624
21.97    1591
21.98    1667
21.99    1716
22.0     1648
22.01    1631
22.02    1721
22.03    1626
22.04    1698
22.05    1673
22.06    1699
22.07    1674
22.08    1639
22.09    1634
22.1     1696
22.11    1671
22.12    1665
22.13    1648
22.14    1615
22.15    1646
22.16    1565
22.17    1628
22.18    1651
22.19    1597
22.2     1667
22.21    1648
22.22    1624
22.23    1652
22.24    1672
22.25    1633
22.26    1663
22.27    1668
22.28    1605
22.29    1630
22.3     1681
22.31    1638
22.32    1616
22.33    1683
22.34    1722
22.35    1648
22.36    1613
22.37    1686
22.38    1651
22.39    1640
22.4     1669
22.41    1667
22.42    1657
22.43    1585
22.44    1626
22.45    1623
22.46    1620
22.47    1645
22.48    1643
22.49    1692
22.5     1704
22.51    1673
22.52    1773
22.53    1676
22.54    1682
22.55    1666
22.56    1672
22.57    1681
22.58    1665
22.59    1611
22.6     1665
22.61    1641
22.62    1719
22.63    1748
22.64    1597
22.65    1687
22.66    1616
22.67    1674
22.68    1597
22.69    1718
22.7     1651
22.71    1602
22.72    1638
22.73    1673
22.74    1620
22.75    1694
22.76    1617
22.77    1637
22.78    1644
22.79    1625
22.8     1676
22.81    1653
22.82    1729
22.83    1749
22.84    1613
22.85    1639
22.86    1663
22.87    1617
22.88    1675
22.89    1658
22.9     1656
22.91    1654
22.92    1655
22.93    1705
22.94    1635
22.95    1657
22.96    1616
22.97    1653
22.98    1671
22.99    1648
23.0     1701
23.01    1631
23.02    1599
23.03    1680
23.04    1663
23.05    1623
23.06    1652
23.07    1651
23.08    1656
23.09    1666
23.1     1698
23.11    1673
23.12    1686
23.13    1691
23.14    1667
23.15    1664
23.16    1702
23.17    1682
23.18    1709
23.19    1743
23.2     1649
23.21    1651
23.22    1648
23.23    1665
23.24    1632
23.25    1580
23.26    1715
23.27    1584
23.28    1679
23.29    1611
23.3     1718
23.31    1690
23.32    1726
23.33    1636
23.34    1571
23.35    1704
23.36    1610
23.37    1670
23.38    1622
23.39    1597
23.4     1631
23.41    1624
23.42    1670
23.43    1698
23.44    1635
23.45    1662
23.46    1604
23.47    1649
23.48    1642
23.49    1679
23.5     1662
23.51    1572
23.52    1704
23.53    1700
23.54    1635
23.55    1644
23.56    1615
23.57    1613
23.58    1566
23.59    1611
23.6     1687
23.61    1719
23.62    1687
23.63    1653
23.64    1631
23.65    1596
23.66    1691
23.67    1601
23.68    1782
23.69    1653
23.7     1643
23.71    1655
23.72    1664
23.73    1706
23.74    1620
23.75    1639
23.76    1644
23.77    1642
23.78    1681
23.79    1577
23.8     1702
23.81    1560
23.82    1714
23.83    1655
23.84    1650
23.85    1654
23.86    1660
23.87    1629
23.88    1714
23.89    1654
23.9     1669
23.91    1659
23.92    1603
23.93    1627
23.94    1568
23.95    1648
23.96    1663
23.97    1639
23.98    1689
23.99    1620
24.0     1590
24.01    1783
24.02    1643
24.03    1660
24.04    1715
24.05    1571
24.06    1684
24.07    1687
24.08    1623
24.09    1677
24.1     1754
24.11    1657
24.12    1673
24.13    1625
24.14    1636
24.15    1677
24.16    1636
24.17    1642
24.18    1657
24.19    1697
24.2     1647
24.21    1688
24.22    1689
24.23    1686
24.24    1674
24.25    1642
24.26    1644
24.27    1678
24.28    1668
24.29    1654
24.3     1659
24.31    1677
24.32    1673
24.33    1602
24.34    1567
24.35    1627
24.36    1682
24.37    1697
24.38    1662
24.39    1700
24.4     1605
24.41    1653
24.42    1657
24.43    1654
24.44    1636
24.45    1603
24.46    1651
24.47    1628
24.48    1669
24.49    1599
24.5     1656
24.51    1637
24.52    1652
24.53    1666
24.54    1635
24.55    1592
24.56    1704
24.57    1660
24.58    1643
24.59    1656
24.6     1695
24.61    1719
24.62    1697
24.63    1630
24.64    1632
24.65    1614
24.66    1660
24.67    1644
24.68    1575
24.69    1659
24.7     1649
24.71    1660
24.72    1678
24.73    1647
24.74    1674
24.75    1725
24.76    1725
24.77    1620
24.78    1603
24.79    1665
24.8     1668
24.81    1660
24.82    1567
24.83    1561
24.84    1638
24.85    1642
24.86    1671
24.87    1710
24.88    1652
24.89    1596
24.9     1694
24.91    1695
24.92    1697
24.93    1711
24.94    1608
24.95    1647
24.96    1680
24.97    1686
24.98    1667
24.99    1690
25.0     1669
25.01    1640
25.02    1718
25.03    1639
25.04    1658
25.05    1648
25.06    1667
25.07    1615
25.08    1617
25.09    1628
25.1     1587
25.11    1632
25.12    1632
25.13    1608
25.14    1722
25.15    1577
25.16    1568
25.17    1602
25.18    1616
25.19    1647
25.2     1700
25.21    1635
25.22    1683
25.23    1728
25.24    1616
25.25    1694
25.26    1549
25.27    1686
25.28    1703
25.29    1708
25.3     1663
25.31    1655
25.32    1620
25.33    1678
25.34    1664
25.35    1667
25.36    1625
25.37    1651
25.38    1642
25.39    1721
25.4     1656
25.41    1649
25.42    1673
25.43    1610
25.44    1705
25.45    1629
25.46    1681
25.47    1645
25.48    1594
25.49    1613
25.5     1608
25.51    1664
25.52    1674
25.53    1630
25.54    1640
25.55    1667
25.56    1656
25.57    1614
25.58    1660
25.59    1664
25.6     1594
25.61    1672
25.62    1654
25.63    1619
25.64    1588
25.65    1578
25.66    1658
25.67    1694
25.68    1595
25.69    1680
25.7     1608
25.71    1574
25.72    1614
25.73    1648
25.74    1640
25.75    1645
25.76    1565
25.77    1675
25.78    1697
25.79    1607
25.8     1711
25.81    1675
25.82    1752
25.83    1672
25.84    1600
25.85    1695
25.86    1611
25.87    1676
25.88    1606
25.89    1644
25.9     1613
25.91    1682
25.92    1670
25.93    1653
25.94    1643
25.95    1651
25.96    1714
25.97    1642
25.98    1663
25.99    1679
26.0     1641
26.01    1658
26.02    1637
26.03    1699
26.04    1578
26.05    1699
26.06    1643
26.07    1702
26.08    1652
26.09    1659
26.1     1606
26.11    1673
26.12    1632
26.13    1664
26.14    1668
26.15    1603
26.16    1606
26.17    1672
26.18    1649
26.19    1624
26.2     1623
26.21    1622
26.22    1658
26.23    1663
26.24    1651
26.25    1640
26.26    1624
26.27    1665
26.28    1616
26.29    1642
26.3     1667
26.31    1663
26.32    1698
26.33    1659
26.34    1625
26.35    1565
26.36    1619
26.37    1651
26.38    1578
26.39    1577
26.4     1630
26.41    1577
26.42    1573
26.43    1643
26.44    1651
26.45    1614
26.46    1615
26.47    1550
26.48    1637
26.49    1656
26.5     1656
26.51    1671
26.52    1673
26.53    1631
26.54    1614
26.55    1580
26.56    1716
26.57    1632
26.58    1668
26.59    1668
26.6     1598
26.61    1627
26.62    1618
26.63    1614
26.64    1660
26.65    1714
26.66    1624
26.67    1525
26.68    1706
26.69    1711
26.7     1647
26.71    1636
26.72    1592
26.73    1628
26.74    1614
26.75    1665
26.76    1628
26.77    1614
26.78    1625
26.79    1659
26.8     1645
26.81    1678
26.82    1607
26.83    1650
26.84    1660
26.85    1644
26.86    1688
26.87    1611
26.88    1622
26.89    1641
26.9     1580
26.91    1628
26.92    1604
26.93    1563
26.94    1587
26.95    1616
26.96    1552
26.97    1573
26.98    1573
26.99    1641
27.0     1595
27.01    1594
27.02    1557
27.03    1584
27.04    1621
27.05    1713
27.06    1679
27.07    1701
27.08    1593
27.09    1654
27.1     1609
27.11    1614
27.12    1676
27.13    1643
27.14    1617
27.15    1700
27.16    1667
27.17    1663
27.18    1618
27.19    1609
27.2     1672
27.21    1637
27.22    1611
27.23    1580
27.24    1604
27.25    1556
27.26    1617
27.27    1712
27.28    1573
27.29    1684
27.3     1620
27.31    1681
27.32    1585
27.33    1598
27.34    1686
27.35    1704
27.36    1702
27.37    1646
27.38    1678
27.39    1677
27.4     1549
27.41    1665
27.42    1609
27.43    1628
27.44    1672
27.45    1697
27.46    1601
27.47    1634
27.48    1613
27.49    1590
27.5     1630
27.51    1625
27.52    1681
27.53    1641
27.54    1658
27.55    1608
27.56    1640
27.57    1595
27.58    1617
27.59    1590
27.6     1612
27.61    1673
27.62    1670
27.63    1613
27.64    1693
27.65    1635
27.66    1620
27.67    1650
27.68    1633
27.69    1641
27.7     1687
27.71    1651
27.72    1571
27.73    1681
27.74    1622
27.75    1639
27.76    1684
27.77    1709
27.78    1640
27.79    1622
27.8     1620
27.81    1602
27.82    1598
27.83    1540
27.84    1648
27.85    1618
27.86    1645
27.87    1653
27.88    1694
27.89    1720
27.9     1653
27.91    1636
27.92    1609
27.93    1606
27.94    1648
27.95    1669
27.96    1665
27.97    1618
27.98    1586
27.99    1669
28.0     1649
28.01    1598
28.02    1643
28.03    1635
28.04    1596
28.05    1602
28.06    1630
28.07    1612
28.08    1648
28.09    1667
28.1     1706
28.11    1583
28.12    1658
28.13    1642
28.14    1532
28.15    1588
28.16    1645
28.17    1646
28.18    1643
28.19    1584
28.2     1681
28.21    1672
28.22    1547
28.23    1597
28.24    1625
28.25    1650
28.26    1684
28.27    1629
28.28    1592
28.29    1606
28.3     1677
28.31    1608
28.32    1606
28.33    1604
28.34    1649
28.35    1599
28.36    1594
28.37    1625
28.38    1647
28.39    1597
28.4     1616
28.41    1604
28.42    1637
28.43    1604
28.44    1638
28.45    1617
28.46    1611
28.47    1668
28.48    1656
28.49    1608
28.5     1706
28.51    1629
28.52    1611
28.53    1556
28.54    1640
28.55    1627
28.56    1621
28.57    1608
28.58    1622
28.59    1607
28.6     1620
28.61    1697
28.62    1649
28.63    1590
28.64    1664
28.65    1599
28.66    1606
28.67    1626
28.68    1667
28.69    1636
28.7     1611
28.71    1586
28.72    1517
28.73    1599
28.74    1627
28.75    1583
28.76    1644
28.77    1705
28.78    1644
28.79    1653
28.8     1639
28.81    1633
28.82    1685
28.83    1661
28.84    1664
28.85    1617
28.86    1583
28.87    1610
28.88    1620
28.89    1724
28.9     1617
28.91    1591
28.92    1592
28.93    1627
28.94    1644
28.95    1584
28.96    1578
28.97    1573
28.98    1663
28.99    1659
29.0     1579
29.01    1629
29.02    1668
29.03    1565
29.04    1613
29.05    1534
29.06    1651
29.07    1659
29.08    1661
29.09    1570
29.1     1540
29.11    1609
29.12    1697
29.13    1633
29.14    1560
29.15    1641
29.16    1598
29.17    1629
29.18    1612
29.19    1636
29.2     1612
29.21    1607
29.22    1631
29.23    1608
29.24    1673
29.25    1666
29.26    1620
29.27    1647
29.28    1604
29.29    1593
29.3     1620
29.31    1664
29.32    1642
29.33    1649
29.34    1617
29.35    1732
29.36    1677
29.37    1603
29.38    1587
29.39    1609
29.4     1606
29.41    1561
29.42    1635
29.43    1655
29.44    1640
29.45    1549
29.46    1635
29.47    1634
29.48    1602
29.49    1652
29.5     1674
29.51    1647
29.52    1587
29.53    1595
29.54    1620
29.55    1727
29.56    1676
29.57    1621
29.58    1637
29.59    1598
29.6     1629
29.61    1566
29.62    1608
29.63    1558
29.64    1655
29.65    1556
29.66    1633
29.67    1638
29.68    1672
29.69    1666
29.7     1658
29.71    1593
29.72    1643
29.73    1613
29.74    1652
29.75    1586
29.76    1603
29.77    1666
29.78    1670
29.79    1598
29.8     1600
29.81    1594
29.82    1625
29.83    1676
29.84    1660
29.85    1632
29.86    1569
29.87    1561
29.88    1669
29.89    1619
29.9     1629
29.91    1666
29.92    1685
29.93    1688
29.94    1636
29.95    1657
29.96    1635
29.97    1581
29.98    1706
29.99    1708
30.0     1667
30.01    1599
30.02    1731
30.03    1699
30.04    1692
30.05    1648
30.06    1675
30.07    1724
30.08    1791
30.09    1822
30.1     1842
30.11    1910
30.12    1903
30.13    1974
30.14    2039
30.15    2287
30.16    2327
30.17    2367
30.18    2580
30.19    2744
30.2     2924
30.21    2807
30.22    2917
30.23    2933
30.24    2798
30.25    2775
30.26    2718
30.27    2555
30.28    2535
30.29    2573
30.3     2435
30.31    2330
30.32    2268
30.33    2142
30.34    2073
30.35    2048
30.36    1928
30.37    1859
30.38    1857
30.39    1854
30.4     1860
30.41    1801
30.42    1769
30.43    1794
30.44    1785
30.45    1626
30.46    1709
30.47    1659
30.48    1652
30.49    1739
30.5     1709
30.51    1698
30.52    1725
30.53    1689
30.54    1654
30.55    1694
30.56    1653
30.57    1711
30.58    1614
30.59    1563
30.6     1662
30.61    1730
30.62    1613
30.63    1650
30.64    1643
30.65    1635
30.66    1644
30.67    1650
30.68    1620
30.69    1702
30.7     1583
30.71    1551
30.72    1615
30.73    1682
30.74    1661
30.75    1661
30.76    1603
30.77    1605
30.78    1594
30.79    1623
30.8     1556
30.81    1633
30.82    1585
30.83    1647
30.84    1616
30.85    1587
30.86    1625
30.87    1576
30.88    1657
30.89    1601
30.9     1638
30.91    1603
30.92    1639
30.93    1592
30.94    1541
30.95    1646
30.96    1593
30.97    1592
30.98    1580
30.99    1550
31.0     1620
31.01    1591
31.02    1648
31.03    1567
31.04    1622
31.05    1659
31.06    1623
31.07    1679
31.08    1600
31.09    1604
31.1     1595
31.11    1529
31.12    1592
31.13    1625
31.14    1566
31.15    1631
31.16    1560
31.17    1604
31.18    1619
31.19    1617
31.2     1597
31.21    1611
31.22    1625
31.23    1634
31.24    1576
31.25    1567
31.26    1604
31.27    1550
31.28    1611
31.29    1640
31.3     1596
31.31    1592
31.32    1605
31.33    1564
31.34    1575
31.35    1640
31.36    1627
31.37    1661
31.38    1629
31.39    1642
31.4     1627
31.41    1564
31.42    1650
31.43    1583
31.44    1602
31.45    1673
31.46    1546
31.47    1548
31.48    1570
31.49    1631
31.5     1701
31.51    1686
31.52    1616
31.53    1617
31.54    1551
31.55    1606
31.56    1568
31.57    1551
31.58    1604
31.59    1606
31.6     1638
31.61    1618
31.62    1650
31.63    1555
31.64    1630
31.65    1616
31.66    1705
31.67    1668
31.68    1590
31.69    1625
31.7     1632
31.71    1644
31.72    1639
31.73    1573
31.74    1677
31.75    1621
31.76    1598
31.77    1575
31.78    1565
31.79    1601
31.8     1600
31.81    1650
31.82    1574
31.83    1576
31.84    1544
31.85    1564
31.86    1606
31.87    1606
31.88    1562
31.89    1627
31.9     1614
31.91    1589
31.92    1633
31.93    1614
31.94    1648
31.95    1661
31.96    1627
31.97    1562
31.98    1611
31.99    1595
32.0     1585
32.01    1573
32.02    1560
32.03    1603
32.04    1636
32.05    1585
32.06    1640
32.07    1676
32.08    1578
32.09    1576
32.1     1559
32.11    1567
32.12    1674
32.13    1622
32.14    1663
32.15    1642
32.16    1564
32.17    1548
32.18    1602
32.19    1606
32.2     1575
32.21    1637
32.22    1526
32.23    1516
32.24    1591
32.25    1623
32.26    1609
32.27    1609
32.28    1562
32.29    1676
32.3     1644
32.31    1623
32.32    1536
32.33    1538
32.34    1579
32.35    1610
32.36    1583
32.37    1691
32.38    1560
32.39    1570
32.4     1609
32.41    1596
32.42    1537
32.43    1595
32.44    1596
32.45    1608
32.46    1612
32.47    1547
32.48    1597
32.49    1539
32.5     1598
32.51    1529
32.52    1589
32.53    1589
32.54    1532
32.55    1626
32.56    1598
32.57    1610
32.58    1625
32.59    1539
32.6     1616
32.61    1624
32.62    1633
32.63    1615
32.64    1619
32.65    1624
32.66    1548
32.67    1598
32.68    1568
32.69    1553
32.7     1545
32.71    1642
32.72    1680
32.73    1578
32.74    1571
32.75    1609
32.76    1621
32.77    1544
32.78    1634
32.79    1635
32.8     1654
32.81    1640
32.82    1661
32.83    1632
32.84    1613
32.85    1644
32.86    1607
32.87    1546
32.88    1573
32.89    1597
32.9     1614
32.91    1654
32.92    1550
32.93    1578
32.94    1598
32.95    1509
32.96    1596
32.97    1612
32.98    1615
32.99    1559
33.0     1558
33.01    1565
33.02    1615
33.03    1615
33.04    1629
33.05    1632
33.06    1586
33.07    1597
33.08    1604
33.09    1576
33.1     1643
33.11    1581
33.12    1629
33.13    1591
33.14    1644
33.15    1624
33.16    1589
33.17    1579
33.18    1555
33.19    1648
33.2     1617
33.21    1616
33.22    1620
33.23    1599
33.24    1650
33.25    1629
33.26    1678
33.27    1566
33.28    1542
33.29    1664
33.3     1615
33.31    1580
33.32    1596
33.33    1599
33.34    1578
33.35    1623
33.36    1619
33.37    1652
33.38    1644
33.39    1585
33.4     1598
33.41    1600
33.42    1593
33.43    1601
33.44    1651
33.45    1610
33.46    1692
33.47    1585
33.48    1597
33.49    1636
33.5     1609
33.51    1595
33.52    1653
33.53    1563
33.54    1636
33.55    1585
33.56    1578
33.57    1602
33.58    1549
33.59    1603
33.6     1587
33.61    1612
33.62    1627
33.63    1637
33.64    1648
33.65    1558
33.66    1601
33.67    1613
33.68    1630
33.69    1598
33.7     1600
33.71    1597
33.72    1634
33.73    1597
33.74    1561
33.75    1535
33.76    1566
33.77    1595
33.78    1599
33.79    1555
33.8     1598
33.81    1594
33.82    1589
33.83    1618
33.84    1580
33.85    1626
33.86    1589
33.87    1583
33.88    1612
33.89    1546
33.9     1600
33.91    1540
33.92    1611
33.93    1581
33.94    1570
33.95    1614
33.96    1534
33.97    1571
33.98    1627
33.99    1620
34.0     1602
34.01    1613
34.02    1608
34.03    1608
34.04    1561
34.05    1592
34.06    1611
34.07    1642
34.08    1533
34.09    1611
34.1     1605
34.11    1624
34.12    1606
34.13    1566
34.14    1510
34.15    1600
34.16    1591
34.17    1577
34.18    1613
34.19    1609
34.2     1648
34.21    1473
34.22    1663
34.23    1614
34.24    1644
34.25    1682
34.26    1663
34.27    1642
34.28    1616
34.29    1634
34.3     1622
34.31    1700
34.32    1637
34.33    1615
34.34    1703
34.35    1648
34.36    1607
34.37    1617
34.38    1612
34.39    1612
34.4     1577
34.41    1572
34.42    1636
34.43    1610
34.44    1642
34.45    1573
34.46    1575
34.47    1607
34.48    1664
34.49    1626
34.5     1593
34.51    1605
34.52    1661
34.53    1608
34.54    1585
34.55    1643
34.56    1611
34.57    1580
34.58    1604
34.59    1643
34.6     1580
34.61    1638
34.62    1606
34.63    1633
34.64    1677
34.65    1659
34.66    1606
34.67    1627
34.68    1665
34.69    1658
34.7     1685
34.71    1703
34.72    1611
34.73    1648
34.74    1599
34.75    1681
34.76    1637
34.77    1616
34.78    1655
34.79    1645
34.8     1634
34.81    1620
34.82    1647
34.83    1712
34.84    1649
34.85    1599
34.86    1640
34.87    1577
34.88    1637
34.89    1619
34.9     1627
34.91    1629
34.92    1616
34.93    1618
34.94    1642
34.95    1641
34.96    1646
34.97    1739
34.98    1653
34.99    1683
35.0     1655
35.01    1663
35.02    1661
35.03    1555
35.04    1646
35.05    1605
35.06    1613
35.07    1650
35.08    1653
35.09    1575
35.1     1605
35.11    1601
35.12    1697
35.13    1609
35.14    1614
35.15    1680
35.16    1656
35.17    1684
35.18    1692
35.19    1695
35.2     1612
35.21    1690
35.22    1734
35.23    1695
35.24    1733
35.25    1644
35.26    1676
35.27    1759
35.28    1686
35.29    1712
35.3     1810
35.31    1757
35.32    1793
35.33    1765
35.34    1793
35.35    1857
35.36    1766
35.37    1805
35.38    1876
35.39    1902
35.4     1870
35.41    1899
35.42    2006
35.43    2087
35.44    2156
35.45    2317
35.46    2451
35.47    2661
35.48    3037
35.49    3176
35.5     3571
35.51    3954
35.52    4419
35.53    4662
35.54    4970
35.55    5478
35.56    5620
35.57    5792
35.58    5676
35.59    5630
35.6     5465
35.61    5342
35.62    5077
35.63    5144
35.64    4853
35.65    4569
35.66    4504
35.67    4320
35.68    3835
35.69    3636
35.7     3480
35.71    3176
35.72    2964
35.73    2771
35.74    2680
35.75    2439
35.76    2311
35.77    2295
35.78    2153
35.79    2077
35.8     2133
35.81    2117
35.82    1934
35.83    1877
35.84    1925
35.85    1928
35.86    1931
35.87    1808
35.88    1745
35.89    1778
35.9     1755
35.91    1769
35.92    1780
35.93    1670
35.94    1790
35.95    1703
35.96    1698
35.97    1629
35.98    1652
35.99    1731
36.0     1651
36.01    1697
36.02    1704
36.03    1635
36.04    1676
36.05    1734
36.06    1672
36.07    1665
36.08    1665
36.09    1632
36.1     1602
36.11    1618
36.12    1663
36.13    1697
36.14    1709
36.15    1669
36.16    1606
36.17    1590
36.18    1614
36.19    1646
36.2     1642
36.21    1661
36.22    1639
36.23    1599
36.24    1604
36.25    1712
36.26    1587
36.27    1599
36.28    1706
36.29    1656
36.3     1644
36.31    1552
36.32    1657
36.33    1623
36.34    1554
36.35    1632
36.36    1681
36.37    1627
36.38    1595
36.39    1592
36.4     1566
36.41    1652
36.42    1728
36.43    1589
36.44    1661
36.45    1656
36.46    1654
36.47    1601
36.48    1597
36.49    1635
36.5     1623
36.51    1667
36.52    1620
36.53    1579
36.54    1544
36.55    1617
36.56    1538
36.57    1585
36.58    1685
36.59    1642
36.6     1646
36.61    1602
36.62    1584
36.63    1618
36.64    1578
36.65    1496
36.66    1645
36.67    1600
36.68    1657
36.69    1578
36.7     1610
36.71    1608
36.72    1628
36.73    1572
36.74    1551
36.75    1668
36.76    1700
36.77    1542
36.78    1575
36.79    1542
36.8     1679
36.81    1649
36.82    1600
36.83    1546
36.84    1558
36.85    1634
36.86    1616
36.87    1575
36.88    1567
36.89    1631
36.9     1585
36.91    1605
36.92    1648
36.93    1568
36.94    1620
36.95    1527
36.96    1615
36.97    1584
36.98    1677
36.99    1552
37.0     1612
37.01    1587
37.02    1628
37.03    1608
37.04    1582
37.05    1653
37.06    1574
37.07    1677
37.08    1634
37.09    1648
37.1     1672
37.11    1613
37.12    1731
37.13    1661
37.14    1657
37.15    1695
37.16    1750
37.17    1761
37.18    1763
37.19    1828
37.2     1842
37.21    1857
37.22    1827
37.23    1784
37.24    1744
37.25    1763
37.26    1670
37.27    1702
37.28    1703
37.29    1655
37.3     1706
37.31    1706
37.32    1698
37.33    1745
37.34    1665
37.35    1678
37.36    1608
37.37    1657
37.38    1637
37.39    1603
37.4     1685
37.41    1647
37.42    1634
37.43    1606
37.44    1652
37.45    1627
37.46    1586
37.47    1583
37.48    1623
37.49    1595
37.5     1592
37.51    1548
37.52    1679
37.53    1629
37.54    1607
37.55    1549
37.56    1591
37.57    1554
37.58    1509
37.59    1527
37.6     1599
37.61    1631
37.62    1623
37.63    1570
37.64    1587
37.65    1616
37.66    1600
37.67    1564
37.68    1583
37.69    1656
37.7     1486
37.71    1567
37.72    1558
37.73    1589
37.74    1558
37.75    1551
37.76    1623
37.77    1556
37.78    1575
37.79    1497
37.8     1543
37.81    1577
37.82    1646
37.83    1597
37.84    1523
37.85    1543
37.86    1541
37.87    1584
37.88    1599
37.89    1586
37.9     1569
37.91    1536
37.92    1550
37.93    1563
37.94    1508
37.95    1553
37.96    1540
37.97    1623
37.98    1540
37.99    1553
38.0     1528
38.01    1556
38.02    1584
38.03    1513
38.04    1607
38.05    1534
38.06    1552
38.07    1515
38.08    1608
38.09    1603
38.1     1568
38.11    1597
38.12    1562
38.13    1575
38.14    1571
38.15    1577
38.16    1601
38.17    1608
38.18    1540
38.19    1585
38.2     1571
38.21    1557
38.22    1529
38.23    1603
38.24    1555
38.25    1548
38.26    1602
38.27    1652
38.28    1558
38.29    1543
38.3     1629
38.31    1634
38.32    1593
38.33    1571
38.34    1571
38.35    1540
38.36    1535
38.37    1592
38.38    1553
38.39    1540
38.4     1539
38.41    1580
38.42    1557
38.43    1533
38.44    1602
38.45    1553
38.46    1543
38.47    1600
38.48    1580
38.49    1556
38.5     1602
38.51    1593
38.52    1577
38.53    1564
38.54    1576
38.55    1605
38.56    1581
38.57    1572
38.58    1569
38.59    1580
38.6     1588
38.61    1544
38.62    1487
38.63    1585
38.64    1509
38.65    1576
38.66    1588
38.67    1638
38.68    1624
38.69    1551
38.7     1553
38.71    1638
38.72    1573
38.73    1622
38.74    1576
38.75    1589
38.76    1639
38.77    1533
38.78    1635
38.79    1576
38.8     1555
38.81    1584
38.82    1501
38.83    1581
38.84    1603
38.85    1603
38.86    1545
38.87    1577
38.88    1528
38.89    1533
38.9     1583
38.91    1586
38.92    1595
38.93    1552
38.94    1546
38.95    1579
38.96    1533
38.97    1474
38.98    1545
38.99    1558
39.0     1590
39.01    1540
39.02    1530
39.03    1530
39.04    1552
39.05    1546
39.06    1571
39.07    1554
39.08    1568
39.09    1580
39.1     1602
39.11    1632
39.12    1625
39.13    1506
39.14    1535
39.15    1556
39.16    1567
39.17    1581
39.18    1614
39.19    1508
39.2     1526
39.21    1499
39.22    1571
39.23    1540
39.24    1499
39.25    1573
39.26    1541
39.27    1539
39.28    1584
39.29    1610
39.3     1520
39.31    1538
39.32    1620
39.33    1488
39.34    1536
39.35    1585
39.36    1573
39.37    1545
39.38    1496
39.39    1508
39.4     1500
39.41    1594
39.42    1522
39.43    1528
39.44    1587
39.45    1608
39.46    1530
39.47    1464
39.48    1580
39.49    1634
39.5     1572
39.51    1662
39.52    1518
39.53    1606
39.54    1580
39.55    1545
39.56    1548
39.57    1544
39.58    1578
39.59    1590
39.6     1557
39.61    1501
39.62    1500
39.63    1560
39.64    1530
39.65    1566
39.66    1570
39.67    1537
39.68    1580
39.69    1538
39.7     1561
39.71    1561
39.72    1544
39.73    1563
39.74    1620
39.75    1595
39.76    1573
39.77    1582
39.78    1600
39.79    1584
39.8     1581
39.81    1582
39.82    1583
39.83    1589
39.84    1564
39.85    1536
39.86    1545
39.87    1535
39.88    1559
39.89    1564
39.9     1587
39.91    1619
39.92    1566
39.93    1558
39.94    1565
39.95    1547
39.96    1565
39.97    1572
39.98    1589
39.99    1602
40.0     1565
40.01    1511
40.02    1581
40.03    1554
40.04    1611
40.05    1563
40.06    1512
40.07    1505
40.08    1546
40.09    1553
40.1     1541
40.11    1609
40.12    1571
40.13    1507
40.14    1616
40.15    1570
40.16    1573
40.17    1606
40.18    1516
40.19    1544
40.2     1557
40.21    1577
40.22    1584
40.23    1553
40.24    1592
40.25    1538
40.26    1523
40.27    1519
40.28    1523
40.29    1599
40.3     1545
40.31    1547
40.32    1587
40.33    1556
40.34    1529
40.35    1613
40.36    1557
40.37    1604
40.38    1583
40.39    1565
40.4     1578
40.41    1564
40.42    1510
40.43    1525
40.44    1496
40.45    1585
40.46    1591
40.47    1569
40.48    1576
40.49    1541
40.5     1573
40.51    1493
40.52    1494
40.53    1519
40.54    1528
40.55    1544
40.56    1650
40.57    1509
40.58    1511
40.59    1568
40.6     1631
40.61    1537
40.62    1541
40.63    1568
40.64    1531
40.65    1514
40.66    1609
40.67    1547
40.68    1588
40.69    1556
40.7     1580
40.71    1572
40.72    1621
40.73    1564
40.74    1567
40.75    1544
40.76    1504
40.77    1540
40.78    1580
40.79    1593
40.8     1608
40.81    1603
40.82    1623
40.83    1490
40.84    1542
40.85    1533
40.86    1537
40.87    1540
40.88    1529
40.89    1600
40.9     1611
40.91    1525
40.92    1546
40.93    1493
40.94    1541
40.95    1550
40.96    1604
40.97    1616
40.98    1610
40.99    1569
41.0     1591
41.01    1559
41.02    1579
41.03    1659
41.04    1527
41.05    1609
41.06    1451
41.07    1568
41.08    1561
41.09    1518
41.1     1549
41.11    1593
41.12    1620
41.13    1641
41.14    1516
41.15    1629
41.16    1575
41.17    1548
41.18    1628
41.19    1592
41.2     1558
41.21    1526
41.22    1566
41.23    1481
41.24    1486
41.25    1569
41.26    1566
41.27    1545
41.28    1608
41.29    1589
41.3     1563
41.31    1537
41.32    1593
41.33    1539
41.34    1523
41.35    1526
41.36    1626
41.37    1565
41.38    1608
41.39    1549
41.4     1551
41.41    1574
41.42    1531
41.43    1520
41.44    1517
41.45    1638
41.46    1585
41.47    1595
41.48    1579
41.49    1626
41.5     1573
41.51    1567
41.52    1473
41.53    1530
41.54    1628
41.55    1584
41.56    1582
41.57    1628
41.58    1486
41.59    1597
41.6     1571
41.61    1675
41.62    1534
41.63    1561
41.64    1589
41.65    1549
41.66    1635
41.67    1629
41.68    1494
41.69    1560
41.7     1529
41.71    1529
41.72    1529
41.73    1566
41.74    1599
41.75    1511
41.76    1549
41.77    1590
41.78    1554
41.79    1648
41.8     1593
41.81    1543
41.82    1577
41.83    1557
41.84    1600
41.85    1597
41.86    1631
41.87    1595
41.88    1534
41.89    1554
41.9     1525
41.91    1581
41.92    1498
41.93    1525
41.94    1516
41.95    1520
41.96    1543
41.97    1567
41.98    1590
41.99    1619
42.0     1613
42.01    1493
42.02    1555
42.03    1520
42.04    1634
42.05    1614
42.06    1584
42.07    1551
42.08    1575
42.09    1538
42.1     1625
42.11    1559
42.12    1637
42.13    1583
42.14    1589
42.15    1551
42.16    1592
42.17    1561
42.18    1543
42.19    1629
42.2     1546
42.21    1543
42.22    1619
42.23    1560
42.24    1519
42.25    1622
42.26    1605
42.27    1620
42.28    1641
42.29    1530
42.3     1583
42.31    1566
42.32    1564
42.33    1614
42.34    1620
42.35    1582
42.36    1612
42.37    1584
42.38    1588
42.39    1536
42.4     1558
42.41    1520
42.42    1568
42.43    1545
42.44    1608
42.45    1537
42.46    1505
42.47    1568
42.48    1582
42.49    1584
42.5     1590
42.51    1508
42.52    1570
42.53    1542
42.54    1577
42.55    1567
42.56    1565
42.57    1560
42.58    1562
42.59    1582
42.6     1497
42.61    1556
42.62    1592
42.63    1581
42.64    1552
42.65    1518
42.66    1564
42.67    1539
42.68    1557
42.69    1556
42.7     1524
42.71    1526
42.72    1607
42.73    1492
42.74    1515
42.75    1562
42.76    1547
42.77    1518
42.78    1566
42.79    1609
42.8     1640
42.81    1571
42.82    1552
42.83    1538
42.84    1624
42.85    1558
42.86    1560
42.87    1636
42.88    1575
42.89    1633
42.9     1605
42.91    1592
42.92    1617
42.93    1570
42.94    1558
42.95    1566
42.96    1597
42.97    1551
42.98    1689
42.99    1595
43.0     1611
43.01    1631
43.02    1669
43.03    1698
43.04    1754
43.05    1663
43.06    1634
43.07    1645
43.08    1712
43.09    1733
43.1     1775
43.11    1734
43.12    1907
43.13    1932
43.14    1980
43.15    2112
43.16    2199
43.17    2196
43.18    2398
43.19    2360
43.2     2328
43.21    2477
43.22    2406
43.23    2373
43.24    2406
43.25    2336
43.26    2334
43.27    2221
43.28    2246
43.29    2188
43.3     2133
43.31    2170
43.32    2123
43.33    2090
43.34    2090
43.35    2011
43.36    1944
43.37    1837
43.38    1767
43.39    1772
43.4     1787
43.41    1730
43.42    1786
43.43    1768
43.44    1663
43.45    1619
43.46    1723
43.47    1631
43.48    1732
43.49    1660
43.5     1624
43.51    1620
43.52    1534
43.53    1579
43.54    1568
43.55    1569
43.56    1587
43.57    1566
43.58    1530
43.59    1550
43.6     1577
43.61    1618
43.62    1674
43.63    1573
43.64    1584
43.65    1564
43.66    1607
43.67    1536
43.68    1613
43.69    1523
43.7     1501
43.71    1597
43.72    1586
43.73    1560
43.74    1588
43.75    1543
43.76    1601
43.77    1527
43.78    1532
43.79    1519
43.8     1545
43.81    1533
43.82    1557
43.83    1541
43.84    1571
43.85    1529
43.86    1589
43.87    1529
43.88    1545
43.89    1549
43.9     1539
43.91    1541
43.92    1497
43.93    1604
43.94    1598
43.95    1546
43.96    1492
43.97    1558
43.98    1588
43.99    1625
44.0     1531
44.01    1503
44.02    1512
44.03    1524
44.04    1535
44.05    1530
44.06    1578
44.07    1611
44.08    1483
44.09    1501
44.1     1605
44.11    1595
44.12    1584
44.13    1547
44.14    1511
44.15    1533
44.16    1634
44.17    1566
44.18    1580
44.19    1505
44.2     1560
44.21    1610
44.22    1575
44.23    1569
44.24    1548
44.25    1517
44.26    1449
44.27    1497
44.28    1602
44.29    1590
44.3     1539
44.31    1606
44.32    1567
44.33    1495
44.34    1568
44.35    1546
44.36    1532
44.37    1520
44.38    1503
44.39    1526
44.4     1546
44.41    1505
44.42    1566
44.43    1516
44.44    1542
44.45    1602
44.46    1620
44.47    1522
44.48    1550
44.49    1577
44.5     1544
44.51    1510
44.52    1529
44.53    1530
44.54    1534
44.55    1488
44.56    1554
44.57    1578
44.58    1530
44.59    1531
44.6     1604
44.61    1561
44.62    1573
44.63    1602
44.64    1567
44.65    1548
44.66    1515
44.67    1453
44.68    1528
44.69    1486
44.7     1570
44.71    1553
44.72    1572
44.73    1589
44.74    1580
44.75    1609
44.76    1552
44.77    1539
44.78    1513
44.79    1559
44.8     1485
44.81    1579
44.82    1580
44.83    1606
44.84    1539
44.85    1571
44.86    1546
44.87    1541
44.88    1578
44.89    1537
44.9     1533
44.91    1487
44.92    1495
44.93    1492
44.94    1564
44.95    1518
44.96    1536
44.97    1612
44.98    1587
44.99    1553
45.0     1527
45.01    1496
45.02    1525
45.03    1534
45.04    1471
45.05    1581
45.06    1472
45.07    1540
45.08    1511
45.09    1571
45.1     1460
45.11    1599
45.12    1587
45.13    1546
45.14    1552
45.15    1555
45.16    1535
45.17    1532
45.18    1603
45.19    1543
45.2     1493
45.21    1562
45.22    1522
45.23    1572
45.24    1533
45.25    1475
45.26    1591
45.27    1594
45.28    1526
45.29    1505
45.3     1554
45.31    1572
45.32    1650
45.33    1612
45.34    1511
45.35    1621
45.36    1600
45.37    1604
45.38    1556
45.39    1569
45.4     1560
45.41    1554
45.42    1536
45.43    1508
45.44    1560
45.45    1573
45.46    1527
45.47    1569
45.48    1598
45.49    1552
45.5     1576
45.51    1568
45.52    1541
45.53    1509
45.54    1514
45.55    1476
45.56    1571
45.57    1585
45.58    1513
45.59    1557
45.6     1538
45.61    1544
45.62    1558
45.63    1555
45.64    1614
45.65    1553
45.66    1498
45.67    1447
45.68    1549
45.69    1514
45.7     1557
45.71    1537
45.72    1534
45.73    1494
45.74    1513
45.75    1506
45.76    1494
45.77    1469
45.78    1492
45.79    1602
45.8     1544
45.81    1580
45.82    1557
45.83    1540
45.84    1562
45.85    1525
45.86    1499
45.87    1554
45.88    1563
45.89    1547
45.9     1576
45.91    1540
45.92    1583
45.93    1516
45.94    1499
45.95    1545
45.96    1503
45.97    1548
45.98    1483
45.99    1473
46.0     1588
46.01    1579
46.02    1561
46.03    1527
46.04    1545
46.05    1560
46.06    1555
46.07    1531
46.08    1552
46.09    1536
46.1     1564
46.11    1557
46.12    1495
46.13    1515
46.14    1574
46.15    1538
46.16    1506
46.17    1505
46.18    1616
46.19    1586
46.2     1506
46.21    1548
46.22    1580
46.23    1518
46.24    1513
46.25    1587
46.26    1498
46.27    1552
46.28    1488
46.29    1576
46.3     1527
46.31    1545
46.32    1533
46.33    1534
46.34    1524
46.35    1614
46.36    1540
46.37    1534
46.38    1569
46.39    1579
46.4     1551
46.41    1566
46.42    1625
46.43    1536
46.44    1576
46.45    1557
46.46    1451
46.47    1557
46.48    1501
46.49    1510
46.5     1574
46.51    1559
46.52    1540
46.53    1494
46.54    1500
46.55    1545
46.56    1561
46.57    1498
46.58    1534
46.59    1459
46.6     1529
46.61    1535
46.62    1480
46.63    1560
46.64    1614
46.65    1534
46.66    1483
46.67    1502
46.68    1548
46.69    1533
46.7     1655
46.71    1495
46.72    1487
46.73    1576
46.74    1607
46.75    1538
46.76    1518
46.77    1510
46.78    1459
46.79    1546
46.8     1583
46.81    1568
46.82    1553
46.83    1541
46.84    1551
46.85    1512
46.86    1535
46.87    1565
46.88    1491
46.89    1557
46.9     1540
46.91    1498
46.92    1525
46.93    1575
46.94    1519
46.95    1553
46.96    1568
46.97    1516
46.98    1600
46.99    1528
47.0     1512
47.01    1595
47.02    1479
47.03    1581
47.04    1609
47.05    1578
47.06    1516
47.07    1564
47.08    1506
47.09    1584
47.1     1521
47.11    1501
47.12    1546
47.13    1580
47.14    1528
47.15    1572
47.16    1561
47.17    1533
47.18    1452
47.19    1549
47.2     1506
47.21    1505
47.22    1509
47.23    1541
47.24    1513
47.25    1594
47.26    1577
47.27    1557
47.28    1478
47.29    1531
47.3     1514
47.31    1559
47.32    1526
47.33    1552
47.34    1601
47.35    1521
47.36    1527
47.37    1564
47.38    1574
47.39    1519
47.4     1531
47.41    1569
47.42    1569
47.43    1583
47.44    1563
47.45    1542
47.46    1543
47.47    1605
47.48    1526
47.49    1446
47.5     1531
47.51    1511
47.52    1538
47.53    1510
47.54    1558
47.55    1537
47.56    1501
47.57    1515
47.58    1520
47.59    1541
47.6     1570
47.61    1571
47.62    1527
47.63    1562
47.64    1515
47.65    1569
47.66    1527
47.67    1510
47.68    1597
47.69    1520
47.7     1554
47.71    1508
47.72    1513
47.73    1573
47.74    1535
47.75    1503
47.76    1604
47.77    1561
47.78    1575
47.79    1556
47.8     1604
47.81    1551
47.82    1579
47.83    1545
47.84    1617
47.85    1588
47.86    1539
47.87    1489
47.88    1533
47.89    1462
47.9     1582
47.91    1524
47.92    1518
47.93    1539
47.94    1528
47.95    1555
47.96    1509
47.97    1588
47.98    1542
47.99    1591
48.0     1550
48.01    1510
48.02    1545
48.03    1533
48.04    1587
48.05    1484
48.06    1530
48.07    1595
48.08    1554
48.09    1552
48.1     1531
48.11    1514
48.12    1507
48.13    1610
48.14    1577
48.15    1533
48.16    1496
48.17    1565
48.18    1519
48.19    1574
48.2     1491
48.21    1511
48.22    1520
48.23    1513
48.24    1547
48.25    1503
48.26    1478
48.27    1502
48.28    1509
48.29    1507
48.3     1439
48.31    1460
48.32    1487
48.33    1538
48.34    1521
48.35    1539
48.36    1500
48.37    1579
48.38    1588
48.39    1561
48.4     1520
48.41    1560
48.42    1517
48.43    1524
48.44    1513
48.45    1564
48.46    1531
48.47    1563
48.48    1557
48.49    1516
48.5     1466
48.51    1527
48.52    1482
48.53    1518
48.54    1474
48.55    1549
48.56    1562
48.57    1487
48.58    1487
48.59    1519
48.6     1561
48.61    1489
48.62    1508
48.63    1537
48.64    1523
48.65    1477
48.66    1546
48.67    1544
48.68    1491
48.69    1548
48.7     1502
48.71    1499
48.72    1528
48.73    1492
48.74    1583
48.75    1572
48.76    1533
48.77    1577
48.78    1559
48.79    1530
48.8     1528
48.81    1471
48.82    1488
48.83    1525
48.84    1508
48.85    1544
48.86    1513
48.87    1563
48.88    1536
48.89    1595
48.9     1527
48.91    1526
48.92    1581
48.93    1550
48.94    1506
48.95    1483
48.96    1475
48.97    1535
48.98    1571
48.99    1543
49.0     1527
49.01    1542
49.02    1558
49.03    1500
49.04    1529
49.05    1568
49.06    1542
49.07    1477
49.08    1498
49.09    1491
49.1     1521
49.11    1539
49.12    1519
49.13    1475
49.14    1481
49.15    1491
49.16    1550
49.17    1588
49.18    1536
49.19    1540
49.2     1590
49.21    1569
49.22    1480
49.23    1573
49.24    1501
49.25    1488
49.26    1532
49.27    1541
49.28    1473
49.29    1569
49.3     1540
49.31    1523
49.32    1547
49.33    1475
49.34    1526
49.35    1531
49.36    1461
49.37    1524
49.38    1488
49.39    1556
49.4     1551
49.41    1478
49.42    1525
49.43    1512
49.44    1502
49.45    1505
49.46    1540
49.47    1594
49.48    1573
49.49    1529
49.5     1577
49.51    1555
49.52    1497
49.53    1525
49.54    1597
49.55    1586
49.56    1568
49.57    1536
49.58    1593
49.59    1556
49.6     1582
49.61    1606
49.62    1583
49.63    1524
49.64    1590
49.65    1551
49.66    1545
49.67    1483
49.68    1526
49.69    1586
49.7     1560
49.71    1582
49.72    1521
49.73    1483
49.74    1474
49.75    1505
49.76    1516
49.77    1604
49.78    1635
49.79    1560
49.8     1573
49.81    1511
49.82    1516
49.83    1515
49.84    1581
49.85    1550
49.86    1546
49.87    1579
49.88    1585
49.89    1549
49.9     1529
49.91    1493
49.92    1500
49.93    1543
49.94    1517
49.95    1552
49.96    1537
49.97    1516
49.98    1488
49.99    1532
50.0     1520
50.01    1553
50.02    1511
50.03    1560
50.04    1514
50.05    1531
50.06    1453
50.07    1557
50.08    1556
50.09    1567
50.1     1565
50.11    1530
50.12    1558
50.13    1604
50.14    1539
50.15    1548
50.16    1535
50.17    1563
50.18    1598
50.19    1578
50.2     1551
50.21    1585
50.22    1508
50.23    1472
50.24    1549
50.25    1528
50.26    1516
50.27    1528
50.28    1550
50.29    1526
50.3     1525
50.31    1546
50.32    1540
50.33    1536
50.34    1489
50.35    1559
50.36    1578
50.37    1562
50.38    1552
50.39    1551
50.4     1569
50.41    1634
50.42    1539
50.43    1468
50.44    1607
50.45    1540
50.46    1550
50.47    1522
50.48    1533
50.49    1489
50.5     1531
50.51    1526
50.52    1550
50.53    1527
50.54    1567
50.55    1572
50.56    1588
50.57    1540
50.58    1550
50.59    1504
50.6     1514
50.61    1526
50.62    1527
50.63    1512
50.64    1546
50.65    1616
50.66    1474
50.67    1579
50.68    1506
50.69    1618
50.7     1552
50.71    1543
50.72    1540
50.73    1556
50.74    1508
50.75    1478
50.76    1496
50.77    1517
50.78    1525
50.79    1582
50.8     1515
50.81    1572
50.82    1555
50.83    1512
50.84    1516
50.85    1538
50.86    1510
50.87    1528
50.88    1499
50.89    1504
50.9     1590
50.91    1531
50.92    1541
50.93    1584
50.94    1583
50.95    1520
50.96    1488
50.97    1534
50.98    1529
50.99    1501
51.0     1527
51.01    1487
51.02    1496
51.03    1518
51.04    1573
51.05    1525
51.06    1516
51.07    1492
51.08    1493
51.09    1508
51.1     1536
51.11    1550
51.12    1477
51.13    1557
51.14    1522
51.15    1528
51.16    1516
51.17    1524
51.18    1564
51.19    1588
51.2     1553
51.21    1565
51.22    1527
51.23    1527
51.24    1578
51.25    1541
51.26    1629
51.27    1543
51.28    1587
51.29    1511
51.3     1601
51.31    1528
51.32    1535
51.33    1496
51.34    1497
51.35    1516
51.36    1475
51.37    1543
51.38    1526
51.39    1553
51.4     1499
51.41    1563
51.42    1519
51.43    1479
51.44    1533
51.45    1474
51.46    1602
51.47    1564
51.48    1515
51.49    1507
51.5     1518
51.51    1517
51.52    1604
51.53    1556
51.54    1596
51.55    1577
51.56    1619
51.57    1467
51.58    1510
51.59    1520
51.6     1591
51.61    1546
51.62    1544
51.63    1496
51.64    1541
51.65    1515
51.66    1523
51.67    1539
51.68    1614
51.69    1597
51.7     1507
51.71    1571
51.72    1514
51.73    1601
51.74    1572
51.75    1521
51.76    1542
51.77    1612
51.78    1630
51.79    1582
51.8     1535
51.81    1540
51.82    1523
51.83    1490
51.84    1536
51.85    1497
51.86    1554
51.87    1598
51.88    1567
51.89    1587
51.9     1506
51.91    1547
51.92    1553
51.93    1536
51.94    1487
51.95    1514
51.96    1507
51.97    1570
51.98    1532
51.99    1534
52.0     1544
52.01    1606
52.02    1521
52.03    1523
52.04    1559
52.05    1534
52.06    1530
52.07    1549
52.08    1503
52.09    1514
52.1     1556
52.11    1518
52.12    1479
52.13    1482
52.14    1518
52.15    1547
52.16    1552
52.17    1583
52.18    1570
52.19    1578
52.2     1545
52.21    1506
52.22    1496
52.23    1537
52.24    1529
52.25    1548
52.26    1478
52.27    1587
52.28    1594
52.29    1498
52.3     1513
52.31    1528
52.32    1425
52.33    1531
52.34    1514
52.35    1592
52.36    1552
52.37    1596
52.38    1555
52.39    1561
52.4     1581
52.41    1533
52.42    1552
52.43    1555
52.44    1507
52.45    1559
52.46    1518
52.47    1562
52.48    1534
52.49    1483
52.5     1540
52.51    1470
52.52    1569
52.53    1588
52.54    1550
52.55    1538
52.56    1546
52.57    1494
52.58    1522
52.59    1599
52.6     1519
52.61    1538
52.62    1539
52.63    1527
52.64    1551
52.65    1615
52.66    1507
52.67    1486
52.68    1526
52.69    1546
52.7     1551
52.71    1515
52.72    1485
52.73    1534
52.74    1587
52.75    1515
52.76    1517
52.77    1566
52.78    1524
52.79    1536
52.8     1518
52.81    1512
52.82    1504
52.83    1540
52.84    1510
52.85    1558
52.86    1538
52.87    1583
52.88    1534
52.89    1537
52.9     1543
52.91    1480
52.92    1509
52.93    1563
52.94    1545
52.95    1535
52.96    1460
52.97    1513
52.98    1531
52.99    1595
53.0     1543
53.01    1532
53.02    1523
53.03    1486
53.04    1523
53.05    1578
53.06    1597
53.07    1536
53.08    1594
53.09    1536
53.1     1611
53.11    1574
53.12    1562
53.13    1494
53.14    1566
53.15    1549
53.16    1516
53.17    1530
53.18    1523
53.19    1547
53.2     1525
53.21    1537
53.22    1532
53.23    1605
53.24    1584
53.25    1534
53.26    1496
53.27    1545
53.28    1575
53.29    1551
53.3     1550
53.31    1560
53.32    1574
53.33    1606
53.34    1568
53.35    1579
53.36    1619
53.37    1619
53.38    1565
53.39    1625
53.4     1588
53.41    1631
53.42    1642
53.43    1650
53.44    1643
53.45    1634
53.46    1673
53.47    1649
53.48    1786
53.49    1672
53.5     1778
53.51    1818
53.52    1793
53.53    1808
53.54    1815
53.55    1838
53.56    1739
53.57    1873
53.58    1865
53.59    1839
53.6     1809
53.61    1824
53.62    1801
53.63    1758
53.64    1735
53.65    1776
53.66    1696
53.67    1784
53.68    1851
53.69    1838
53.7     1786
53.71    1690
53.72    1680
53.73    1668
53.74    1691
53.75    1733
53.76    1628
53.77    1638
53.78    1763
53.79    1640
53.8     1608
53.81    1569
53.82    1623
53.83    1713
53.84    1566
53.85    1593
53.86    1589
53.87    1603
53.88    1551
53.89    1586
53.9     1545
53.91    1522
53.92    1523
53.93    1580
53.94    1565
53.95    1603
53.96    1575
53.97    1531
53.98    1486
53.99    1514
54.0     1617
54.01    1572
54.02    1591
54.03    1551
54.04    1592
54.05    1596
54.06    1514
54.07    1536
54.08    1556
54.09    1582
54.1     1559
54.11    1547
54.12    1552
54.13    1544
54.14    1573
54.15    1567
54.16    1559
54.17    1550
54.18    1555
54.19    1520
54.2     1511
54.21    1554
54.22    1483
54.23    1481
54.24    1534
54.25    1574
54.26    1593
54.27    1583
54.28    1556
54.29    1571
54.3     1587
54.31    1613
54.32    1576
54.33    1572
54.34    1510
54.35    1524
54.36    1559
54.37    1501
54.38    1544
54.39    1540
54.4     1544
54.41    1501
54.42    1499
54.43    1550
54.44    1559
54.45    1540
54.46    1482
54.47    1558
54.48    1595
54.49    1617
54.5     1530
54.51    1510
54.52    1539
54.53    1488
54.54    1566
54.55    1550
54.56    1612
54.57    1608
54.58    1545
54.59    1493
54.6     1557
54.61    1528
54.62    1518
54.63    1544
54.64    1486
54.65    1493
54.66    1562
54.67    1543
54.68    1491
54.69    1522
54.7     1583
54.71    1513
54.72    1563
54.73    1495
54.74    1475
54.75    1537
54.76    1532
54.77    1561
54.78    1480
54.79    1527
54.8     1549
54.81    1479
54.82    1533
54.83    1523
54.84    1516
54.85    1512
54.86    1572
54.87    1592
54.88    1619
54.89    1504
54.9     1598
54.91    1581
54.92    1533
54.93    1513
54.94    1601
54.95    1520
54.96    1432
54.97    1531
54.98    1552
54.99    1511
55.0     1527
55.01    1532
55.02    1556
55.03    1579
55.04    1584
55.05    1490
55.06    1494
55.07    1542
55.08    1514
55.09    1530
55.1     1490
55.11    1586
55.12    1535
55.13    1536
55.14    1570
55.15    1556
55.16    1605
55.17    1541
55.18    1488
55.19    1563
55.2     1547
55.21    1559
55.22    1499
55.23    1592
55.24    1575
55.25    1592
55.26    1517
55.27    1524
55.28    1540
55.29    1472
55.3     1486
55.31    1596
55.32    1555
55.33    1612
55.34    1569
55.35    1515
55.36    1561
55.37    1489
55.38    1535
55.39    1550
55.4     1559
55.41    1574
55.42    1536
55.43    1502
55.44    1570
55.45    1558
55.46    1568
55.47    1579
55.48    1596
55.49    1574
55.5     1546
55.51    1597
55.52    1554
55.53    1522
55.54    1447
55.55    1561
55.56    1417
55.57    1591
55.58    1544
55.59    1548
55.6     1515
55.61    1493
55.62    1553
55.63    1545
55.64    1476
55.65    1499
55.66    1605
55.67    1542
55.68    1569
55.69    1513
55.7     1563
55.71    1529
55.72    1558
55.73    1577
55.74    1551
55.75    1510
55.76    1479
55.77    1561
55.78    1583
55.79    1538
55.8     1520
55.81    1578
55.82    1535
55.83    1516
55.84    1496
55.85    1484
55.86    1593
55.87    1576
55.88    1523
55.89    1519
55.9     1571
55.91    1578
55.92    1566
55.93    1569
55.94    1498
55.95    1510
55.96    1559
55.97    1484
55.98    1565
55.99    1554
56.0     1474
56.01    1500
56.02    1508
56.03    1537
56.04    1536
56.05    1553
56.06    1557
56.07    1555
56.08    1520
56.09    1596
56.1     1527
56.11    1564
56.12    1528
56.13    1579
56.14    1485
56.15    1565
56.16    1610
56.17    1569
56.18    1491
56.19    1496
56.2     1507
56.21    1555
56.22    1485
56.23    1481
56.24    1573
56.25    1516
56.26    1482
56.27    1520
56.28    1552
56.29    1547
56.3     1522
56.31    1582
56.32    1621
56.33    1554
56.34    1578
56.35    1562
56.36    1550
56.37    1532
56.38    1587
56.39    1546
56.4     1533
56.41    1643
56.42    1548
56.43    1523
56.44    1530
56.45    1583
56.46    1513
56.47    1529
56.48    1629
56.49    1596
56.5     1581
56.51    1570
56.52    1565
56.53    1502
56.54    1588
56.55    1540
56.56    1517
56.57    1594
56.58    1570
56.59    1584
56.6     1507
56.61    1540
56.62    1513
56.63    1512
56.64    1589
56.65    1557
56.66    1586
56.67    1532
56.68    1530
56.69    1519
56.7     1572
56.71    1548
56.72    1573
56.73    1557
56.74    1548
56.75    1605
56.76    1568
56.77    1608
56.78    1610
56.79    1590
56.8     1499
56.81    1561
56.82    1585
56.83    1615
56.84    1616
56.85    1564
56.86    1665
56.87    1587
56.88    1637
56.89    1622
56.9     1638
56.91    1700
56.92    1672
56.93    1728
56.94    1693
56.95    1736
56.96    1870
56.97    1769
56.98    1826
56.99    1922
57.0     2011
57.01    1962
57.02    2061
57.03    2094
57.04    2178
57.05    2269
57.06    2394
57.07    2406
57.08    2421
57.09    2498
57.1     2485
57.11    2516
57.12    2562
57.13    2443
57.14    2448
57.15    2374
57.16    2316
57.17    2379
57.18    2302
57.19    2239
57.2     2246
57.21    2220
57.22    2119
57.23    2213
57.24    2153
57.25    2250
57.26    2214
57.27    2145
57.28    2116
57.29    2069
57.3     2050
57.31    1977
57.32    1916
57.33    1791
57.34    1902
57.35    1846
57.36    1852
57.37    1766
57.38    1696
57.39    1745
57.4     1730
57.41    1662
57.42    1719
57.43    1666
57.44    1653
57.45    1548
57.46    1618
57.47    1610
57.48    1613
57.49    1659
57.5     1616
57.51    1578
57.52    1639
57.53    1638
57.54    1608
57.55    1609
57.56    1550
57.57    1546
57.58    1626
57.59    1594
57.6     1664
57.61    1627
57.62    1588
57.63    1579
57.64    1514
57.65    1579
57.66    1567
57.67    1519
57.68    1574
57.69    1605
57.7     1532
57.71    1602
57.72    1612
57.73    1556
57.74    1584
57.75    1593
57.76    1587
57.77    1575
57.78    1542
57.79    1549
57.8     1586
57.81    1566
57.82    1512
57.83    1560
57.84    1517
57.85    1554
57.86    1598
57.87    1566
57.88    1542
57.89    1546
57.9     1516
57.91    1577
57.92    1570
57.93    1563
57.94    1562
57.95    1582
57.96    1531
57.97    1571
57.98    1534
57.99    1515
58.0     1582
58.01    1550
58.02    1560
58.03    1543
58.04    1505
58.05    1561
58.06    1523
58.07    1561
58.08    1535
58.09    1600
58.1     1649
58.11    1558
58.12    1520
58.13    1484
58.14    1508
58.15    1544
58.16    1557
58.17    1502
58.18    1499
58.19    1579
58.2     1528
58.21    1553
58.22    1522
58.23    1592
58.24    1506
58.25    1546
58.26    1527
58.27    1547
58.28    1566
58.29    1517
58.3     1554
58.31    1550
58.32    1536
58.33    1544
58.34    1492
58.35    1494
58.36    1559
58.37    1568
58.38    1596
58.39    1499
58.4     1563
58.41    1498
58.42    1630
58.43    1443
58.44    1519
58.45    1563
58.46    1565
58.47    1546
58.48    1572
58.49    1564
58.5     1513
58.51    1542
58.52    1549
58.53    1589
58.54    1640
58.55    1560
58.56    1557
58.57    1521
58.58    1567
58.59    1514
58.6     1564
58.61    1497
58.62    1619
58.63    1545
58.64    1544
58.65    1525
58.66    1551
58.67    1476
58.68    1491
58.69    1559
58.7     1424
58.71    1529
58.72    1482
58.73    1456
58.74    1520
58.75    1509
58.76    1568
58.77    1544
58.78    1509
58.79    1559
58.8     1542
58.81    1552
58.82    1559
58.83    1601
58.84    1626
58.85    1600
58.86    1553
58.87    1524
58.88    1531
58.89    1555
58.9     1576
58.91    1575
58.92    1507
58.93    1508
58.94    1500
58.95    1498
58.96    1534
58.97    1543
58.98    1543
58.99    1586
59.0     1527
59.01    1570
59.02    1537
59.03    1528
59.04    1531
59.05    1578
59.06    1543
59.07    1509
59.08    1569
59.09    1547
59.1     1553
59.11    1483
59.12    1560
59.13    1529
59.14    1549
59.15    1535
59.16    1554
59.17    1529
59.18    1493
59.19    1540
59.2     1564
59.21    1538
59.22    1541
59.23    1585
59.24    1602
59.25    1515
59.26    1637
59.27    1579
59.28    1593
59.29    1461
59.3     1546
59.31    1585
59.32    1567
59.33    1556
59.34    1570
59.35    1550
59.36    1551
59.37    1481
59.38    1497
59.39    1511
59.4     1564
59.41    1599
59.42    1484
59.43    1569
59.44    1549
59.45    1581
59.46    1556
59.47    1578
59.48    1519
59.49    1521
59.5     1492
59.51    1566
59.52    1507
59.53    1575
59.54    1578
59.55    1480
59.56    1539
59.57    1546
59.58    1531
59.59    1535
59.6     1546
59.61    1532
59.62    1526
59.63    1523
59.64    1545
59.65    1531
59.66    1453
59.67    1549
59.68    1569
59.69    1517
59.7     1542
59.71    1547
59.72    1534
59.73    1616
59.74    1542
59.75    1584
59.76    1571
59.77    1547
59.78    1540
59.79    1547
59.8     1551
59.81    1563
59.82    1509
59.83    1576
59.84    1554
59.85    1529
59.86    1506
59.87    1533
59.88    1558
59.89    1561
59.9     1549
59.91    1517
59.92    1486
59.93    1543
59.94    1575
59.95    1487
59.96    1510
59.97    1468
59.98    1543
59.99    1511
60.0     1551
60.01    1541
60.02    1546
60.03    1536
60.04    1524
60.05    1556
60.06    1579
60.07    1635
60.08    1558
60.09    1531
60.1     1577
60.11    1542
60.12    1538
60.13    1592
60.14    1578
60.15    1562
60.16    1558
60.17    1475
60.18    1451
60.19    1454
60.2     1507
60.21    1534
60.22    1542
60.23    1533
60.24    1513
60.25    1550
60.26    1603
60.27    1574
60.28    1645
60.29    1590
60.3     1479
60.31    1506
60.32    1608
60.33    1551
60.34    1585
60.35    1585
60.36    1597
60.37    1552
60.38    1545
60.39    1487
60.4     1557
60.41    1547
60.42    1563
60.43    1569
60.44    1523
60.45    1509
60.46    1600
60.47    1553
60.48    1576
60.49    1585
60.5     1526
60.51    1540
60.52    1534
60.53    1563
60.54    1547
60.55    1460
60.56    1578
60.57    1644
60.58    1574
60.59    1489
60.6     1647
60.61    1616
60.62    1548
60.63    1610
60.64    1515
60.65    1505
60.66    1559
60.67    1555
60.68    1538
60.69    1473
60.7     1562
60.71    1575
60.72    1526
60.73    1635
60.74    1576
60.75    1529
60.76    1504
60.77    1582
60.78    1574
60.79    1539
60.8     1475
60.81    1514
60.82    1539
60.83    1579
60.84    1566
60.85    1516
60.86    1522
60.87    1519
60.88    1614
60.89    1576
60.9     1527
60.91    1595
60.92    1596
60.93    1628
60.94    1568
60.95    1559
60.96    1532
60.97    1616
60.98    1643
60.99    1511
61.0     1536
61.01    1526
61.02    1501
61.03    1549
61.04    1674
61.05    1525
61.06    1588
61.07    1557
61.08    1658
61.09    1627
61.1     1571
61.11    1577
61.12    1532
61.13    1567
61.14    1545
61.15    1415
61.16    1590
61.17    1608
61.18    1549
61.19    1554
61.2     1620
61.21    1504
61.22    1559
61.23    1602
61.24    1561
61.25    1548
61.26    1615
61.27    1546
61.28    1551
61.29    1628
61.3     1565
61.31    1551
61.32    1476
61.33    1590
61.34    1553
61.35    1541
61.36    1586
61.37    1593
61.38    1630
61.39    1538
61.4     1554
61.41    1577
61.42    1636
61.43    1521
61.44    1561
61.45    1528
61.46    1519
61.47    1534
61.48    1553
61.49    1593
61.5     1573
61.51    1603
61.52    1585
61.53    1535
61.54    1467
61.55    1622
61.56    1591
61.57    1582
61.58    1516
61.59    1500
61.6     1479
61.61    1606
61.62    1541
61.63    1533
61.64    1507
61.65    1616
61.66    1595
61.67    1567
61.68    1510
61.69    1533
61.7     1609
61.71    1547
61.72    1564
61.73    1579
61.74    1582
61.75    1553
61.76    1584
61.77    1617
61.78    1570
61.79    1546
61.8     1597
61.81    1515
61.82    1519
61.83    1591
61.84    1571
61.85    1535
61.86    1547
61.87    1520
61.88    1503
61.89    1595
61.9     1629
61.91    1563
61.92    1552
61.93    1560
61.94    1572
61.95    1526
61.96    1600
61.97    1581
61.98    1598
61.99    1534
62.0     1548
62.01    1530
62.02    1524
62.03    1536
62.04    1503
62.05    1590
62.06    1491
62.07    1503
62.08    1541
62.09    1599
62.1     1611
62.11    1553
62.12    1533
62.13    1558
62.14    1568
62.15    1558
62.16    1573
62.17    1612
62.18    1570
62.19    1600
62.2     1567
62.21    1532
62.22    1519
62.23    1612
62.24    1580
62.25    1617
62.26    1536
62.27    1629
62.28    1667
62.29    1540
62.3     1580
62.31    1583
62.32    1593
62.33    1636
62.34    1560
62.35    1628
62.36    1623
62.37    1563
62.38    1636
62.39    1656
62.4     1561
62.41    1654
62.42    1620
62.43    1635
62.44    1672
62.45    1603
62.46    1713
62.47    1688
62.48    1693
62.49    1788
62.5     1736
62.51    1726
62.52    1740
62.53    1825
62.54    1830
62.55    1906
62.56    1968
62.57    1964
62.58    1969
62.59    2045
62.6     2131
62.61    2260
62.62    2329
62.63    2368
62.64    2501
62.65    2546
62.66    2693
62.67    2731
62.68    2862
62.69    2919
62.7     2788
62.71    2784
62.72    2774
62.73    2766
62.74    2667
62.75    2636
62.76    2427
62.77    2446
62.78    2473
62.79    2435
62.8     2442
62.81    2408
62.82    2511
62.83    2417
62.84    2324
62.85    2466
62.86    2343
62.87    2307
62.88    2354
62.89    2262
62.9     2220
62.91    2211
62.92    2126
62.93    2151
62.94    2012
62.95    2025
62.96    1997
62.97    1928
62.98    1904
62.99    1850
63.0     1863
63.01    1777
63.02    1838
63.03    1824
63.04    1753
63.05    1628
63.06    1701
63.07    1716
63.08    1663
63.09    1681
63.1     1683
63.11    1672
63.12    1626
63.13    1610
63.14    1625
63.15    1641
63.16    1656
63.17    1604
63.18    1574
63.19    1602
63.2     1592
63.21    1579
63.22    1625
63.23    1592
63.24    1603
63.25    1603
63.26    1690
63.27    1663
63.28    1629
63.29    1620
63.3     1607
63.31    1699
63.32    1619
63.33    1550
63.34    1532
63.35    1548
63.36    1624
63.37    1596
63.38    1573
63.39    1565
63.4     1659
63.41    1636
63.42    1603
63.43    1513
63.44    1554
63.45    1536
63.46    1542
63.47    1592
63.48    1574
63.49    1474
63.5     1535
63.51    1571
63.52    1489
63.53    1522
63.54    1485
63.55    1586
63.56    1502
63.57    1559
63.58    1620
63.59    1595
63.6     1576
63.61    1556
63.62    1562
63.63    1535
63.64    1612
63.65    1588
63.66    1586
63.67    1633
63.68    1575
63.69    1556
63.7     1596
63.71    1540
63.72    1588
63.73    1548
63.74    1522
63.75    1617
63.76    1569
63.77    1632
63.78    1546
63.79    1573
63.8     1561
63.81    1649
63.82    1516
63.83    1512
63.84    1503
63.85    1614
63.86    1564
63.87    1558
63.88    1543
63.89    1567
63.9     1603
63.91    1595
63.92    1555
63.93    1587
63.94    1513
63.95    1482
63.96    1537
63.97    1540
63.98    1494
63.99    1555
64.0     1584
64.01    1536
64.02    1595
64.03    1530
64.04    1638
64.05    1627
64.06    1532
64.07    1549
64.08    1617
64.09    1557
64.1     1555
64.11    1564
64.12    1568
64.13    1563
64.14    1535
64.15    1619
64.16    1589
64.17    1556
64.18    1547
64.19    1531
64.2     1572
64.21    1571
64.22    1601
64.23    1575
64.24    1491
64.25    1508
64.26    1578
64.27    1522
64.28    1548
64.29    1532
64.3     1577
64.31    1514
64.32    1500
64.33    1500
64.34    1553
64.35    1586
64.36    1570
64.37    1576
64.38    1486
64.39    1460
64.4     1496
64.41    1533
64.42    1509
64.43    1568
64.44    1547
64.45    1568
64.46    1602
64.47    1551
64.48    1531
64.49    1523
64.5     1627
64.51    1478
64.52    1492
64.53    1510
64.54    1618
64.55    1551
64.56    1517
64.57    1556
64.58    1515
64.59    1522
64.6     1593
64.61    1527
64.62    1557
64.63    1612
64.64    1590
64.65    1491
64.66    1501
64.67    1544
64.68    1536
64.69    1629
64.7     1605
64.71    1604
64.72    1559
64.73    1556
64.74    1587
64.75    1591
64.76    1492
64.77    1602
64.78    1598
64.79    1542
64.8     1585
64.81    1522
64.82    1505
64.83    1566
64.84    1620
64.85    1530
64.86    1527
64.87    1597
64.88    1594
64.89    1497
64.9     1545
64.91    1484
64.92    1566
64.93    1553
64.94    1520
64.95    1559
64.96    1521
64.97    1509
64.98    1581
64.99    1556
65.0     1494
65.01    1510
65.02    1536
65.03    1552
65.04    1519
65.05    1563
65.06    1541
65.07    1640
65.08    1601
65.09    1538
65.1     1547
65.11    1514
65.12    1593
65.13    1537
65.14    1547
65.15    1528
65.16    1496
65.17    1493
65.18    1526
65.19    1543
65.2     1551
65.21    1506
65.22    1510
65.23    1501
65.24    1536
65.25    1575
65.26    1503
65.27    1563
65.28    1526
65.29    1523
65.3     1591
65.31    1558
65.32    1545
65.33    1536
65.34    1575
65.35    1479
65.36    1567
65.37    1515
65.38    1512
65.39    1530
65.4     1559
65.41    1543
65.42    1562
65.43    1533
65.44    1475
65.45    1555
65.46    1542
65.47    1533
65.48    1593
65.49    1525
65.5     1594
65.51    1598
65.52    1567
65.53    1537
65.54    1573
65.55    1555
65.56    1606
65.57    1562
65.58    1525
65.59    1589
65.6     1519
65.61    1572
65.62    1555
65.63    1580
65.64    1524
65.65    1537
65.66    1539
65.67    1535
65.68    1570
65.69    1608
65.7     1549
65.71    1580
65.72    1543
65.73    1503
65.74    1543
65.75    1614
65.76    1568
65.77    1614
65.78    1633
65.79    1537
65.8     1549
65.81    1526
65.82    1506
65.83    1577
65.84    1530
65.85    1569
65.86    1504
65.87    1602
65.88    1581
65.89    1559
65.9     1512
65.91    1579
65.92    1553
65.93    1656
65.94    1580
65.95    1647
65.96    1576
65.97    1627
65.98    1556
65.99    1569
66.0     1533
66.01    1502
66.02    1534
66.03    1491
66.04    1605
66.05    1612
66.06    1518
66.07    1607
66.08    1559
66.09    1546
66.1     1662
66.11    1601
66.12    1526
66.13    1592
66.14    1599
66.15    1602
66.16    1595
66.17    1548
66.18    1501
66.19    1504
66.2     1542
66.21    1587
66.22    1573
66.23    1590
66.24    1588
66.25    1554
66.26    1544
66.27    1561
66.28    1508
66.29    1540
66.3     1520
66.31    1578
66.32    1537
66.33    1586
66.34    1570
66.35    1597
66.36    1516
66.37    1499
66.38    1536
66.39    1543
66.4     1569
66.41    1513
66.42    1529
66.43    1618
66.44    1572
66.45    1525
66.46    1562
66.47    1510
66.48    1613
66.49    1627
66.5     1591
66.51    1520
66.52    1528
66.53    1585
66.54    1503
66.55    1551
66.56    1510
66.57    1558
66.58    1560
66.59    1551
66.6     1593
66.61    1597
66.62    1585
66.63    1453
66.64    1502
66.65    1586
66.66    1511
66.67    1509
66.68    1587
66.69    1525
66.7     1497
66.71    1497
66.72    1536
66.73    1594
66.74    1601
66.75    1545
66.76    1527
66.77    1482
66.78    1482
66.79    1550
66.8     1584
66.81    1542
66.82    1547
66.83    1585
66.84    1515
66.85    1559
66.86    1497
66.87    1493
66.88    1578
66.89    1551
66.9     1533
66.91    1528
66.92    1511
66.93    1518
66.94    1543
66.95    1626
66.96    1581
66.97    1568
66.98    1570
66.99    1691
67.0     1578
67.01    1540
67.02    1550
67.03    1545
67.04    1554
67.05    1625
67.06    1550
67.07    1584
67.08    1655
67.09    1515
67.1     1568
67.11    1554
67.12    1565
67.13    1521
67.14    1577
67.15    1517
67.16    1603
67.17    1543
67.18    1523
67.19    1574
67.2     1584
67.21    1593
67.22    1494
67.23    1510
67.24    1568
67.25    1506
67.26    1558
67.27    1524
67.28    1595
67.29    1493
67.3     1558
67.31    1554
67.32    1509
67.33    1576
67.34    1651
67.35    1515
67.36    1556
67.37    1567
67.38    1496
67.39    1513
67.4     1570
67.41    1625
67.42    1579
67.43    1529
67.44    1521
67.45    1573
67.46    1598
67.47    1520
67.48    1520
67.49    1580
67.5     1547
67.51    1509
67.52    1591
67.53    1535
67.54    1546
67.55    1559
67.56    1550
67.57    1594
67.58    1584
67.59    1587
67.6     1504
67.61    1485
67.62    1507
67.63    1516
67.64    1535
67.65    1586
67.66    1578
67.67    1532
67.68    1534
67.69    1566
67.7     1538
67.71    1476
67.72    1673
67.73    1537
67.74    1516
67.75    1541
67.76    1534
67.77    1524
67.78    1541
67.79    1564
67.8     1596
67.81    1567
67.82    1624
67.83    1579
67.84    1588
67.85    1577
67.86    1615
67.87    1581
67.88    1629
67.89    1538
67.9     1486
67.91    1603
67.92    1500
67.93    1550
67.94    1537
67.95    1588
67.96    1527
67.97    1571
67.98    1590
67.99    1574
68.0     1606
68.01    1500
68.02    1566
68.03    1597
68.04    1548
68.05    1504
68.06    1493
68.07    1512
68.08    1538
68.09    1493
68.1     1550
68.11    1584
68.12    1529
68.13    1516
68.14    1502
68.15    1573
68.16    1570
68.17    1452
68.18    1539
68.19    1543
68.2     1544
68.21    1554
68.22    1566
68.23    1532
68.24    1516
68.25    1550
68.26    1553
68.27    1541
68.28    1546
68.29    1496
68.3     1547
68.31    1569
68.32    1520
68.33    1554
68.34    1476
68.35    1499
68.36    1494
68.37    1489
68.38    1490
68.39    1527
68.4     1560
68.41    1582
68.42    1589
68.43    1599
68.44    1566
68.45    1571
68.46    1647
68.47    1561
68.48    1555
68.49    1547
68.5     1590
68.51    1515
68.52    1554
68.53    1553
68.54    1526
68.55    1580
68.56    1574
68.57    1523
68.58    1487
68.59    1627
68.6     1589
68.61    1583
68.62    1577
68.63    1501
68.64    1531
68.65    1550
68.66    1563
68.67    1588
68.68    1547
68.69    1522
68.7     1496
68.71    1521
68.72    1580
68.73    1589
68.74    1494
68.75    1526
68.76    1501
68.77    1571
68.78    1523
68.79    1472
68.8     1551
68.81    1525
68.82    1538
68.83    1531
68.84    1537
68.85    1566
68.86    1534
68.87    1649
68.88    1580
68.89    1525
68.9     1545
68.91    1461
68.92    1604
68.93    1493
68.94    1487
68.95    1491
68.96    1579
68.97    1542
68.98    1594
68.99    1579
69.0     1509
69.01    1588
69.02    1477
69.03    1524
69.04    1514
69.05    1500
69.06    1592
69.07    1570
69.08    1600
69.09    1562
69.1     1526
69.11    1488
69.12    1563
69.13    1532
69.14    1568
69.15    1572
69.16    1587
69.17    1568
69.18    1492
69.19    1554
69.2     1529
69.21    1555
69.22    1549
69.23    1504
69.24    1522
69.25    1512
69.26    1575
69.27    1588
69.28    1560
69.29    1496
69.3     1508
69.31    1451
69.32    1515
69.33    1567
69.34    1519
69.35    1541
69.36    1574
69.37    1582
69.38    1550
69.39    1525
69.4     1475
69.41    1533
69.42    1511
69.43    1531
69.44    1519
69.45    1534
69.46    1467
69.47    1571
69.48    1584
69.49    1579
69.5     1604
69.51    1571
69.52    1589
69.53    1595
69.54    1556
69.55    1579
69.56    1529
69.57    1587
69.58    1585
69.59    1527
69.6     1575
69.61    1608
69.62    1593
69.63    1519
69.64    1615
69.65    1570
69.66    1616
69.67    1592
69.68    1622
69.69    1572
69.7     1571
69.71    1528
69.72    1547
69.73    1539
69.74    1508
69.75    1540
69.76    1473
69.77    1566
69.78    1553
69.79    1492
69.8     1573
69.81    1559
69.82    1509
69.83    1551
69.84    1563
69.85    1557
69.86    1537
69.87    1533
69.88    1567
69.89    1554
69.9     1494
69.91    1425
69.92    1557
69.93    1604
69.94    1503
69.95    1550
69.96    1540
69.97    1595
69.98    1510
69.99    1536
70.0     1551
70.01    1466
70.02    1517
70.03    1527
70.04    1536
70.05    1571
70.06    1631
70.07    1546
70.08    1489
70.09    1573
70.1     1502
70.11    1530
70.12    1532
70.13    1568
70.14    1515
70.15    1591
70.16    1558
70.17    1555
70.18    1552
70.19    1535
70.2     1536
70.21    1548
70.22    1553
70.23    1489
70.24    1508
70.25    1499
70.26    1532
70.27    1542
70.28    1527
70.29    1569
70.3     1553
70.31    1518
70.32    1546
70.33    1546
70.34    1507
70.35    1582
70.36    1560
70.37    1526
70.38    1481
70.39    1593
70.4     1628
70.41    1560
70.42    1563
70.43    1597
70.44    1533
70.45    1535
70.46    1536
70.47    1583
70.48    1521
70.49    1570
70.5     1562
70.51    1574
70.52    1624
70.53    1522
70.54    1550
70.55    1536
70.56    1509
70.57    1515
70.58    1543
70.59    1512
70.6     1538
70.61    1556
70.62    1578
70.63    1550
70.64    1624
70.65    1583
70.66    1594
70.67    1601
70.68    1504
70.69    1539
70.7     1536
70.71    1624
70.72    1598
70.73    1505
70.74    1488
70.75    1563
70.76    1629
70.77    1605
70.78    1564
70.79    1552
70.8     1601
70.81    1627
70.82    1562
70.83    1608
70.84    1561
70.85    1554
70.86    1611
70.87    1545
70.88    1482
70.89    1592
70.9     1607
70.91    1647
70.92    1559
70.93    1568
70.94    1530
70.95    1610
70.96    1537
70.97    1579
70.98    1521
70.99    1623
71.0     1619
71.01    1621
71.02    1583
71.03    1519
71.04    1590
71.05    1565
71.06    1627
71.07    1572
71.08    1585
71.09    1629
71.1     1530
71.11    1696
71.12    1697
71.13    1761
71.14    1607
71.15    1519
71.16    1630
71.17    1625
71.18    1585
71.19    1693
71.2     1633
71.21    1626
71.22    1578
71.23    1560
71.24    1595
71.25    1581
71.26    1669
71.27    1688
71.28    1710
71.29    1584
71.3     1592
71.31    1596
71.32    1576
71.33    1616
71.34    1578
71.35    1520
71.36    1574
71.37    1615
71.38    1602
71.39    1630
71.4     1614
71.41    1628
71.42    1550
71.43    1667
71.44    1580
71.45    1551
71.46    1543
71.47    1599
71.48    1573
71.49    1550
71.5     1540
71.51    1556
71.52    1642
71.53    1554
71.54    1553
71.55    1577
71.56    1583
71.57    1530
71.58    1473
71.59    1538
71.6     1622
71.61    1560
71.62    1519
71.63    1532
71.64    1544
71.65    1596
71.66    1545
71.67    1560
71.68    1541
71.69    1611
71.7     1564
71.71    1495
71.72    1471
71.73    1547
71.74    1535
71.75    1501
71.76    1555
71.77    1492
71.78    1551
71.79    1590
71.8     1538
71.81    1535
71.82    1532
71.83    1577
71.84    1582
71.85    1559
71.86    1534
71.87    1617
71.88    1582
71.89    1496
71.9     1621
71.91    1508
71.92    1523
71.93    1574
71.94    1526
71.95    1615
71.96    1496
71.97    1534
71.98    1497
71.99    1551
72.0     1578
72.01    1600
72.02    1534
72.03    1556
72.04    1590
72.05    1601
72.06    1588
72.07    1569
72.08    1529
72.09    1535
72.1     1576
72.11    1589
72.12    1574
72.13    1537
72.14    1569
72.15    1583
72.16    1597
72.17    1533
72.18    1548
72.19    1536
72.2     1604
72.21    1545
72.22    1547
72.23    1551
72.24    1579
72.25    1536
72.26    1542
72.27    1519
72.28    1539
72.29    1519
72.3     1598
72.31    1609
72.32    1553
72.33    1490
72.34    1526
72.35    1598
72.36    1506
72.37    1654
72.38    1534
72.39    1520
72.4     1542
72.41    1628
72.42    1590
72.43    1496
72.44    1497
72.45    1538
72.46    1561
72.47    1540
72.48    1605
72.49    1635
72.5     1599
72.51    1594
72.52    1603
72.53    1523
72.54    1566
72.55    1589
72.56    1535
72.57    1611
72.58    1547
72.59    1552
72.6     1554
72.61    1566
72.62    1567
72.63    1460
72.64    1591
72.65    1624
72.66    1593
72.67    1543
72.68    1527
72.69    1607
72.7     1544
72.71    1580
72.72    1573
72.73    1516
72.74    1523
72.75    1590
72.76    1511
72.77    1532
72.78    1590
72.79    1534
72.8     1603
72.81    1555
72.82    1549
72.83    1556
72.84    1469
72.85    1535
72.86    1532
72.87    1488
72.88    1561
72.89    1535
72.9     1608
72.91    1582
72.92    1572
72.93    1573
72.94    1550
72.95    1592
72.96    1558
72.97    1477
72.98    1550
72.99    1525
73.0     1585
73.01    1502
73.02    1536
73.03    1588
73.04    1549
73.05    1458
73.06    1468
73.07    1493
73.08    1561
73.09    1544
73.1     1561
73.11    1562
73.12    1564
73.13    1564
73.14    1607
73.15    1498
73.16    1519
73.17    1617
73.18    1566
73.19    1537
73.2     1588
73.21    1586
73.22    1582
73.23    1520
73.24    1585
73.25    1485
73.26    1467
73.27    1522
73.28    1489
73.29    1578
73.3     1493
73.31    1550
73.32    1556
73.33    1541
73.34    1565
73.35    1549
73.36    1537
73.37    1597
73.38    1562
73.39    1524
73.4     1523
73.41    1485
73.42    1553
73.43    1567
73.44    1517
73.45    1557
73.46    1530
73.47    1555
73.48    1588
73.49    1554
73.5     1522
73.51    1547
73.52    1548
73.53    1676
73.54    1578
73.55    1621
73.56    1582
73.57    1568
73.58    1546
73.59    1583
73.6     1565
73.61    1600
73.62    1614
73.63    1540
73.64    1518
73.65    1553
73.66    1487
73.67    1558
73.68    1516
73.69    1607
73.7     1529
73.71    1659
73.72    1631
73.73    1602
73.74    1581
73.75    1570
73.76    1596
73.77    1609
73.78    1585
73.79    1584
73.8     1537
73.81    1620
73.82    1606
73.83    1618
73.84    1598
73.85    1627
73.86    1575
73.87    1603
73.88    1609
73.89    1628
73.9     1568
73.91    1561
73.92    1581
73.93    1627
73.94    1637
73.95    1614
73.96    1673
73.97    1681
73.98    1641
73.99    1623
74.0     1657
74.01    1703
74.02    1609
74.03    1610
74.04    1616
74.05    1676
74.06    1677
74.07    1692
74.08    1750
74.09    1709
74.1     1763
74.11    1810
74.12    1754
74.13    1760
74.14    1791
74.15    1733
74.16    1770
74.17    1767
74.18    1707
74.19    1725
74.2     1770
74.21    1739
74.22    1729
74.23    1721
74.24    1779
74.25    1682
74.26    1708
74.27    1697
74.28    1642
74.29    1722
74.3     1687
74.31    1735
74.32    1676
74.33    1709
74.34    1651
74.35    1700
74.36    1668
74.37    1658
74.38    1674
74.39    1614
74.4     1674
74.41    1696
74.42    1638
74.43    1669
74.44    1672
74.45    1616
74.46    1637
74.47    1613
74.48    1596
74.49    1602
74.5     1566
74.51    1551
74.52    1612
74.53    1539
74.54    1609
74.55    1627
74.56    1579
74.57    1571
74.58    1621
74.59    1573
74.6     1537
74.61    1515
74.62    1556
74.63    1527
74.64    1544
74.65    1569
74.66    1606
74.67    1519
74.68    1666
74.69    1618
74.7     1506
74.71    1571
74.72    1545
74.73    1489
74.74    1487
74.75    1565
74.76    1542
74.77    1562
74.78    1553
74.79    1629
74.8     1595
74.81    1560
74.82    1591
74.83    1653
74.84    1608
74.85    1603
74.86    1592
74.87    1568
74.88    1559
74.89    1595
74.9     1530
74.91    1543
74.92    1556
74.93    1594
74.94    1577
74.95    1580
74.96    1570
74.97    1541
74.98    1550
74.99    1509
75.0     1564
75.01    1566
75.02    1604
75.03    1548
75.04    1652
75.05    1597
75.06    1588
75.07    1529
75.08    1584
75.09    1675
75.1     1612
75.11    1615
75.12    1611
75.13    1647
75.14    1641
75.15    1698
75.16    1689
75.17    1707
75.18    1678
75.19    1631
75.2     1646
75.21    1614
75.22    1558
75.23    1628
75.24    1579
75.25    1619
75.26    1563
75.27    1617
75.28    1675
75.29    1508
75.3     1545
75.31    1686
75.32    1576
75.33    1550
75.34    1552
75.35    1564
75.36    1554
75.37    1612
75.38    1557
75.39    1546
75.4     1631
75.41    1543
75.42    1594
75.43    1584
75.44    1552
75.45    1555
75.46    1664
75.47    1552
75.48    1593
75.49    1590
75.5     1582
75.51    1594
75.52    1529
75.53    1518
75.54    1554
75.55    1563
75.56    1590
75.57    1578
75.58    1526
75.59    1622
75.6     1607
75.61    1575
75.62    1539
75.63    1582
75.64    1552
75.65    1562
75.66    1523
75.67    1557
75.68    1571
75.69    1532
75.7     1524
75.71    1504
75.72    1547
75.73    1532
75.74    1537
75.75    1574
75.76    1572
75.77    1553
75.78    1582
75.79    1534
75.8     1559
75.81    1562
75.82    1626
75.83    1551
75.84    1614
75.85    1501
75.86    1572
75.87    1517
75.88    1519
75.89    1537
75.9     1601
75.91    1539
75.92    1544
75.93    1622
75.94    1602
75.95    1532
75.96    1542
75.97    1479
75.98    1495
75.99    1562
76.0     1588
76.01    1602
76.02    1550
76.03    1526
76.04    1535
76.05    1552
76.06    1488
76.07    1535
76.08    1533
76.09    1565
76.1     1521
76.11    1537
76.12    1559
76.13    1547
76.14    1578
76.15    1485
76.16    1570
76.17    1620
76.18    1573
76.19    1552
76.2     1585
76.21    1569
76.22    1566
76.23    1532
76.24    1511
76.25    1517
76.26    1570
76.27    1626
76.28    1527
76.29    1485
76.3     1581
76.31    1538
76.32    1549
76.33    1554
76.34    1539
76.35    1501
76.36    1564
76.37    1576
76.38    1644
76.39    1596
76.4     1598
76.41    1554
76.42    1517
76.43    1560
76.44    1588
76.45    1577
76.46    1594
76.47    1595
76.48    1626
76.49    1652
76.5     1514
76.51    1517
76.52    1552
76.53    1581
76.54    1515
76.55    1622
76.56    1632
76.57    1549
76.58    1589
76.59    1525
76.6     1586
76.61    1572
76.62    1594
76.63    1617
76.64    1552
76.65    1488
76.66    1586
76.67    1548
76.68    1649
76.69    1501
76.7     1565
76.71    1580
76.72    1534
76.73    1566
76.74    1507
76.75    1579
76.76    1549
76.77    1496
76.78    1532
76.79    1658
76.8     1603
76.81    1520
76.82    1540
76.83    1572
76.84    1594
76.85    1586
76.86    1573
76.87    1515
76.88    1570
76.89    1547
76.9     1565
76.91    1592
76.92    1582
76.93    1557
76.94    1479
76.95    1559
76.96    1550
76.97    1472
76.98    1622
76.99    1533
77.0     1570
77.01    1529
77.02    1536
77.03    1507
77.04    1501
77.05    1577
77.06    1553
77.07    1534
77.08    1511
77.09    1572
77.1     1531
77.11    1435
77.12    1539
77.13    1555
77.14    1601
77.15    1599
77.16    1600
77.17    1631
77.18    1542
77.19    1513
77.2     1532
77.21    1572
77.22    1527
77.23    1528
77.24    1555
77.25    1557
77.26    1599
77.27    1571
77.28    1588
77.29    1547
77.3     1534
77.31    1613
77.32    1571
77.33    1608
77.34    1518
77.35    1571
77.36    1482
77.37    1454
77.38    1546
77.39    1550
77.4     1564
77.41    1559
77.42    1520
77.43    1539
77.44    1624
77.45    1594
77.46    1522
77.47    1597
77.48    1539
77.49    1534
77.5     1612
77.51    1614
77.52    1644
77.53    1640
77.54    1543
77.55    1557
77.56    1566
77.57    1489
77.58    1516
77.59    1568
77.6     1534
77.61    1541
77.62    1535
77.63    1597
77.64    1603
77.65    1541
77.66    1613
77.67    1540
77.68    1536
77.69    1580
77.7     1532
77.71    1511
77.72    1508
77.73    1512
77.74    1473
77.75    1543
77.76    1562
77.77    1524
77.78    1530
77.79    1524
77.8     1533
77.81    1553
77.82    1572
77.83    1507
77.84    1581
77.85    1576
77.86    1559
77.87    1573
77.88    1547
77.89    1552
77.9     1546
77.91    1572
77.92    1592
77.93    1651
77.94    1564
77.95    1538
77.96    1606
77.97    1518
77.98    1486
77.99    1574
78.0     1515
78.01    1490
78.02    1565
78.03    1615
78.04    1566
78.05    1617
78.06    1593
78.07    1547
78.08    1558
78.09    1574
78.1     1601
78.11    1555
78.12    1535
78.13    1557
78.14    1528
78.15    1611
78.16    1508
78.17    1596
78.18    1504
78.19    1593
78.2     1513
78.21    1555
78.22    1507
78.23    1484
78.24    1513
78.25    1538
78.26    1535
78.27    1531
78.28    1505
78.29    1522
78.3     1524
78.31    1553
78.32    1675
78.33    1555
78.34    1601
78.35    1544
78.36    1538
78.37    1606
78.38    1591
78.39    1548
78.4     1613
78.41    1502
78.42    1586
78.43    1541
78.44    1505
78.45    1539
78.46    1538
78.47    1514
78.48    1577
78.49    1643
78.5     1505
78.51    1582
78.52    1544
78.53    1571
78.54    1573
78.55    1618
78.56    1520
78.57    1527
78.58    1632
78.59    1570
78.6     1579
78.61    1531
78.62    1587
78.63    1526
78.64    1495
78.65    1539
78.66    1582
78.67    1520
78.68    1608
78.69    1528
78.7     1516
78.71    1491
78.72    1644
78.73    1544
78.74    1535
78.75    1619
78.76    1626
78.77    1574
78.78    1542
78.79    1573
78.8     1568
78.81    1503
78.82    1533
78.83    1590
78.84    1612
78.85    1558
78.86    1587
78.87    1587
78.88    1556
78.89    1564
78.9     1569
78.91    1570
78.92    1572
78.93    1513
78.94    1562
78.95    1594
78.96    1495
78.97    1525
78.98    1580
78.99    1581
79.0     1563
79.01    1586
79.02    1669
79.03    1520
79.04    1535
79.05    1637
79.06    1565
79.07    1591
79.08    1666
79.09    1570
79.1     1573
79.11    1611
79.12    1606
79.13    1596
79.14    1603
79.15    1587
79.16    1625
79.17    1618
79.18    1623
79.19    1616
79.2     1602
79.21    1625
79.22    1615
79.23    1585
79.24    1558
79.25    1603
79.26    1585
79.27    1539
79.28    1561
79.29    1570
79.3     1547
79.31    1585
79.32    1675
79.33    1641
79.34    1584
79.35    1573
79.36    1558
79.37    1553
79.38    1556
79.39    1608
79.4     1614
79.41    1604
79.42    1551
79.43    1567
79.44    1599
79.45    1541
79.46    1591
79.47    1581
79.48    1581
79.49    1524
79.5     1519
79.51    1513
79.52    1483
79.53    1520
79.54    1527
79.55    1550
79.56    1552
79.57    1617
79.58    1495
79.59    1549
79.6     1515
79.61    1530
79.62    1567
79.63    1569
79.64    1558
79.65    1553
79.66    1582
79.67    1529
79.68    1553
79.69    1502
79.7     1581
79.71    1555
79.72    1572
79.73    1532
79.74    1520
79.75    1509
79.76    1526
79.77    1580
79.78    1617
79.79    1511
79.8     1505
79.81    1540
79.82    1528
79.83    1513
79.84    1569
79.85    1504
79.86    1556
79.87    1564
79.88    1549
79.89    1585
79.9     1548
79.91    1609
79.92    1562
79.93    1490
79.94    1570
79.95    1540
79.96    1617
79.97    1529
79.98    1523
79.99    1526
80.0     1639
80.01    1579
80.02    1532
80.03    1550
80.04    1552
80.05    1568
80.06    1567
80.07    1522
80.08    1529
80.09    1549
80.1     1523
80.11    1545
80.12    1518
80.13    1547
80.14    1586
80.15    1508
80.16    1504
80.17    1515
80.18    1487
80.19    1575
80.2     1525
80.21    1584
80.22    1590
80.23    1564
80.24    1534
80.25    1514
80.26    1596
80.27    1544
80.28    1630
80.29    1547
80.3     1578
80.31    1576
80.32    1531
80.33    1584
80.34    1566
80.35    1571
80.36    1617
80.37    1607
80.38    1628
80.39    1608
80.4     1566
80.41    1527
80.42    1643
80.43    1568
80.44    1538
80.45    1588
80.46    1509
80.47    1532
80.48    1625
80.49    1543
80.5     1553
80.51    1605
80.52    1528
80.53    1517
80.54    1541
80.55    1500
80.56    1566
80.57    1548
80.58    1540
80.59    1552
80.6     1545
80.61    1580
80.62    1574
80.63    1498
80.64    1478
80.65    1604
80.66    1545
80.67    1481
80.68    1560
80.69    1563
80.7     1568
80.71    1642
80.72    1528
80.73    1480
80.74    1568
80.75    1552
80.76    1584
80.77    1542
80.78    1587
80.79    1537
80.8     1574
80.81    1530
80.82    1497
80.83    1566
80.84    1610
80.85    1527
80.86    1552
80.87    1529
80.88    1563
80.89    1619
80.9     1563
80.91    1549
80.92    1560
80.93    1547
80.94    1568
80.95    1585
80.96    1589
80.97    1546
80.98    1510
80.99    1611
81.0     1580
81.01    1597
81.02    1570
81.03    1529
81.04    1509
81.05    1496
81.06    1571
81.07    1552
81.08    1500
81.09    1549
81.1     1576
81.11    1558
81.12    1605
81.13    1580
81.14    1540
81.15    1606
81.16    1468
81.17    1519
81.18    1614
81.19    1526
81.2     1555
81.21    1588
81.22    1520
81.23    1565
81.24    1549
81.25    1502
81.26    1516
81.27    1590
81.28    1606
81.29    1589
81.3     1562
81.31    1561
81.32    1499
81.33    1496
81.34    1568
81.35    1543
81.36    1553
81.37    1564
81.38    1529
81.39    1568
81.4     1562
81.41    1598
81.42    1494
81.43    1560
81.44    1599
81.45    1600
81.46    1569
81.47    1561
81.48    1581
81.49    1586
81.5     1577
81.51    1530
81.52    1552
81.53    1551
81.54    1539
81.55    1517
81.56    1525
81.57    1606
81.58    1547
81.59    1538
81.6     1556
81.61    1583
81.62    1549
81.63    1563
81.64    1568
81.65    1503
81.66    1575
81.67    1634
81.68    1578
81.69    1532
81.7     1593
81.71    1613
81.72    1514
81.73    1537
81.74    1535
81.75    1547
81.76    1499
81.77    1604
81.78    1594
81.79    1551
81.8     1550
81.81    1532
81.82    1604
81.83    1539
81.84    1563
81.85    1513
81.86    1547
81.87    1556
81.88    1582
81.89    1570
81.9     1553
81.91    1569
81.92    1575
81.93    1608
81.94    1642
81.95    1586
81.96    1603
81.97    1545
81.98    1537
81.99    1543
82.0     1603
82.01    1520
82.02    1502
82.03    1520
82.04    1649
82.05    1612
82.06    1564
82.07    1544
82.08    1597
82.09    1612
82.1     1540
82.11    1527
82.12    1573
82.13    1556
82.14    1528
82.15    1608
82.16    1519
82.17    1487
82.18    1542
82.19    1576
82.2     1560
82.21    1563
82.22    1519
82.23    1530
82.24    1550
82.25    1485
82.26    1525
82.27    1484
82.28    1528
82.29    1542
82.3     1530
82.31    1607
82.32    1564
82.33    1511
82.34    1529
82.35    1558
82.36    1532
82.37    1582
82.38    1561
82.39    1482
82.4     1552
82.41    1521
82.42    1634
82.43    1593
82.44    1631
82.45    1559
82.46    1585
82.47    1529
82.48    1472
82.49    1553
82.5     1581
82.51    1567
82.52    1515
82.53    1525
82.54    1585
82.55    1557
82.56    1497
82.57    1488
82.58    1549
82.59    1571
82.6     1626
82.61    1583
82.62    1559
82.63    1531
82.64    1557
82.65    1507
82.66    1638
82.67    1597
82.68    1514
82.69    1549
82.7     1524
82.71    1530
82.72    1558
82.73    1562
82.74    1529
82.75    1571
82.76    1538
82.77    1531
82.78    1595
82.79    1602
82.8     1593
82.81    1520
82.82    1549
82.83    1550
82.84    1550
82.85    1561
82.86    1488
82.87    1454
82.88    1533
82.89    1539
82.9     1585
82.91    1614
82.92    1594
82.93    1498
82.94    1540
82.95    1566
82.96    1550
82.97    1623
82.98    1564
82.99    1511
83.0     1511
83.01    1585
83.02    1515
83.03    1544
83.04    1567
83.05    1547
83.06    1548
83.07    1487
83.08    1561
83.09    1612
83.1     1494
83.11    1596
83.12    1510
83.13    1522
83.14    1551
83.15    1619
83.16    1542
83.17    1595
83.18    1533
83.19    1603
83.2     1615
83.21    1595
83.22    1553
83.23    1535
83.24    1549
83.25    1598
83.26    1593
83.27    1632
83.28    1561
83.29    1576
83.3     1514
83.31    1546
83.32    1607
83.33    1559
83.34    1471
83.35    1521
83.36    1548
83.37    1519
83.38    1497
83.39    1529
83.4     1555
83.41    1530
83.42    1634
83.43    1545
83.44    1461
83.45    1560
83.46    1541
83.47    1512
83.48    1523
83.49    1559
83.5     1502
83.51    1543
83.52    1523
83.53    1588
83.54    1585
83.55    1536
83.56    1563
83.57    1527
83.58    1545
83.59    1580
83.6     1596
83.61    1513
83.62    1604
83.63    1567
83.64    1580
83.65    1556
83.66    1598
83.67    1589
83.68    1556
83.69    1593
83.7     1601
83.71    1523
83.72    1536
83.73    1556
83.74    1575
83.75    1554
83.76    1604
83.77    1510
83.78    1537
83.79    1609
83.8     1489
83.81    1556
83.82    1538
83.83    1565
83.84    1513
83.85    1486
83.86    1481
83.87    1535
83.88    1571
83.89    1530
83.9     1524
83.91    1587
83.92    1579
83.93    1554
83.94    1543
83.95    1542
83.96    1488
83.97    1560
83.98    1610
83.99    1587
84.0     1508
84.01    1484
84.02    1573
84.03    1630
84.04    1573
84.05    1617
84.06    1594
84.07    1616
84.08    1550
84.09    1540
84.1     1506
84.11    1578
84.12    1576
84.13    1615
84.14    1594
84.15    1627
84.16    1528
84.17    1570
84.18    1583
84.19    1531
84.2     1586
84.21    1524
84.22    1521
84.23    1582
84.24    1538
84.25    1598
84.26    1543
84.27    1552
84.28    1541
84.29    1499
84.3     1551
84.31    1563
84.32    1550
84.33    1566
84.34    1597
84.35    1608
84.36    1534
84.37    1538
84.38    1540
84.39    1539
84.4     1590
84.41    1610
84.42    1538
84.43    1596
84.44    1622
84.45    1591
84.46    1511
84.47    1573
84.48    1676
84.49    1570
84.5     1525
84.51    1589
84.52    1571
84.53    1572
84.54    1562
84.55    1520
84.56    1535
84.57    1562
84.58    1629
84.59    1566
84.6     1525
84.61    1548
84.62    1562
84.63    1623
84.64    1528
84.65    1546
84.66    1607
84.67    1550
84.68    1598
84.69    1531
84.7     1522
84.71    1558
84.72    1586
84.73    1570
84.74    1524
84.75    1479
84.76    1600
84.77    1573
84.78    1520
84.79    1495
84.8     1574
84.81    1577
84.82    1572
84.83    1512
84.84    1573
84.85    1561
84.86    1602
84.87    1571
84.88    1589
84.89    1531
84.9     1537
84.91    1593
84.92    1583
84.93    1572
84.94    1578
84.95    1619
84.96    1529
84.97    1586
84.98    1601
84.99    1586
85.0     1491
85.01    1647
85.02    1627
85.03    1535
85.04    1588
85.05    1577
85.06    1544
85.07    1502
85.08    1528
85.09    1576
85.1     1529
85.11    1576
85.12    1589
85.13    1521
85.14    1604
85.15    1546
85.16    1615
85.17    1595
85.18    1580
85.19    1561
85.2     1562
85.21    1582
85.22    1599
85.23    1618
85.24    1531
85.25    1575
85.26    1601
85.27    1550
85.28    1525
85.29    1506
85.3     1469
85.31    1629
85.32    1548
85.33    1537
85.34    1562
85.35    1479
85.36    1536
85.37    1567
85.38    1608
85.39    1631
85.4     1579
85.41    1529
85.42    1486
85.43    1623
85.44    1561
85.45    1559
85.46    1564
85.47    1571
85.48    1563
85.49    1570
85.5     1567
85.51    1587
85.52    1530
85.53    1464
85.54    1558
85.55    1522
85.56    1531
85.57    1625
85.58    1612
85.59    1505
85.6     1625
85.61    1518
85.62    1587
85.63    1560
85.64    1526
85.65    1514
85.66    1552
85.67    1538
85.68    1591
85.69    1592
85.7     1547
85.71    1525
85.72    1562
85.73    1596
85.74    1600
85.75    1589
85.76    1611
85.77    1573
85.78    1531
85.79    1559
85.8     1594
85.81    1554
85.82    1600
85.83    1582
85.84    1583
85.85    1563
85.86    1621
85.87    1577
85.88    1523
85.89    1576
85.9     1506
85.91    1541
85.92    1602
85.93    1534
85.94    1551
85.95    1543
85.96    1617
85.97    1557
85.98    1549
85.99    1523
86.0     1536
86.01    1564
86.02    1590
86.03    1601
86.04    1535
86.05    1564
86.06    1608
86.07    1622
86.08    1573
86.09    1627
86.1     1574
86.11    1604
86.12    1634
86.13    1538
86.14    1512
86.15    1522
86.16    1571
86.17    1609
86.18    1644
86.19    1624
86.2     1611
86.21    1628
86.22    1553
86.23    1594
86.24    1564
86.25    1558
86.26    1556
86.27    1521
86.28    1657
86.29    1592
86.3     1656
86.31    1676
86.32    1629
86.33    1541
86.34    1559
86.35    1551
86.36    1524
86.37    1546
86.38    1574
86.39    1555
86.4     1583
86.41    1616
86.42    1517
86.43    1560
86.44    1556
86.45    1592
86.46    1579
86.47    1556
86.48    1582
86.49    1609
86.5     1537
86.51    1624
86.52    1624
86.53    1595
86.54    1609
86.55    1526
86.56    1537
86.57    1586
86.58    1558
86.59    1516
86.6     1568
86.61    1553
86.62    1612
86.63    1569
86.64    1572
86.65    1630
86.66    1631
86.67    1574
86.68    1566
86.69    1480
86.7     1580
86.71    1658
86.72    1590
86.73    1575
86.74    1668
86.75    1620
86.76    1597
86.77    1627
86.78    1596
86.79    1616
86.8     1585
86.81    1614
86.82    1598
86.83    1616
86.84    1571
86.85    1594
86.86    1633
86.87    1621
86.88    1630
86.89    1650
86.9     1577
86.91    1615
86.92    1679
86.93    1681
86.94    1614
86.95    1700
86.96    1673
86.97    1698
86.98    1599
86.99    1613
87.0     1614
87.01    1634
87.02    1696
87.03    1656
87.04    1649
87.05    1656
87.06    1677
87.07    1540
87.08    1659
87.09    1611
87.1     1624
87.11    1674
87.12    1647
87.13    1515
87.14    1574
87.15    1611
87.16    1561
87.17    1679
87.18    1635
87.19    1662
87.2     1645
87.21    1661
87.22    1584
87.23    1579
87.24    1618
87.25    1619
87.26    1628
87.27    1612
87.28    1588
87.29    1628
87.3     1616
87.31    1637
87.32    1638
87.33    1622
87.34    1597
87.35    1541
87.36    1602
87.37    1609
87.38    1584
87.39    1603
87.4     1650
87.41    1615
87.42    1612
87.43    1625
87.44    1586
87.45    1531
87.46    1553
87.47    1609
87.48    1573
87.49    1494
87.5     1557
87.51    1518
87.52    1510
87.53    1601
87.54    1509
87.55    1565
87.56    1572
87.57    1663
87.58    1577
87.59    1547
87.6     1572
87.61    1642
87.62    1534
87.63    1605
87.64    1554
87.65    1602
87.66    1591
87.67    1579
87.68    1555
87.69    1539
87.7     1494
87.71    1582
87.72    1576
87.73    1519
87.74    1555
87.75    1549
87.76    1645
87.77    1556
87.78    1593
87.79    1569
87.8     1583
87.81    1566
87.82    1543
87.83    1598
87.84    1554
87.85    1548
87.86    1622
87.87    1627
87.88    1598
87.89    1672
87.9     1590
87.91    1618
87.92    1583
87.93    1588
87.94    1538
87.95    1551
87.96    1521
87.97    1572
87.98    1605
87.99    1536
88.0     1584
88.01    1600
88.02    1537
88.03    1612
88.04    1578
88.05    1553
88.06    1472
88.07    1602
88.08    1527
88.09    1603
88.1     1556
88.11    1520
88.12    1574
88.13    1546
88.14    1597
88.15    1589
88.16    1521
88.17    1598
88.18    1564
88.19    1526
88.2     1631
88.21    1524
88.22    1542
88.23    1624
88.24    1598
88.25    1622
88.26    1584
88.27    1613
88.28    1580
88.29    1550
88.3     1505
88.31    1539
88.32    1548
88.33    1573
88.34    1559
88.35    1508
88.36    1566
88.37    1614
88.38    1566
88.39    1553
88.4     1581
88.41    1645
88.42    1556
88.43    1528
88.44    1463
88.45    1574
88.46    1594
88.47    1576
88.48    1617
88.49    1605
88.5     1646
88.51    1607
88.52    1617
88.53    1548
88.54    1599
88.55    1601
88.56    1680
88.57    1599
88.58    1566
88.59    1601
88.6     1645
88.61    1558
88.62    1575
88.63    1524
88.64    1606
88.65    1549
88.66    1555
88.67    1590
88.68    1606
88.69    1546
88.7     1610
88.71    1551
88.72    1531
88.73    1560
88.74    1500
88.75    1513
88.76    1612
88.77    1550
88.78    1546
88.79    1594
88.8     1540
88.81    1616
88.82    1629
88.83    1613
88.84    1614
88.85    1608
88.86    1596
88.87    1541
88.88    1636
88.89    1576
88.9     1557
88.91    1606
88.92    1646
88.93    1598
88.94    1613
88.95    1507
88.96    1590
88.97    1522
88.98    1564
88.99    1484
89.0     1568
89.01    1601
89.02    1593
89.03    1619
89.04    1653
89.05    1557
89.06    1572
89.07    1588
89.08    1535
89.09    1589
89.1     1561
89.11    1624
89.12    1596
89.13    1555
89.14    1582
89.15    1549
89.16    1572
89.17    1518
89.18    1570
89.19    1532
89.2     1548
89.21    1609
89.22    1569
89.23    1506
89.24    1573
89.25    1602
89.26    1592
89.27    1618
89.28    1570
89.29    1584
89.3     1566
89.31    1596
89.32    1596
89.33    1559
89.34    1620
89.35    1676
89.36    1590
89.37    1626
89.38    1610
89.39    1576
89.4     1519
89.41    1581
89.42    1575
89.43    1613
89.44    1665
89.45    1663
89.46    1617
89.47    1528
89.48    1589
89.49    1591
89.5     1490
89.51    1603
89.52    1628
89.53    1613
89.54    1726
89.55    1645
89.56    1611
89.57    1618
89.58    1600
89.59    1642
89.6     1646
89.61    1707
89.62    1661
89.63    1621
89.64    1682
89.65    1729
89.66    1719
89.67    1724
89.68    1696
89.69    1708
89.7     1761
89.71    1790
89.72    1745
89.73    1738
89.74    1700
89.75    1747
89.76    1809
89.77    1786
89.78    1805
89.79    1748
89.8     1761
89.81    1839
89.82    1819
89.83    1831
89.84    1892
89.85    1850
89.86    1818
89.87    1882
89.88    1809
89.89    1837
89.9     1786
89.91    1747
89.92    1740
89.93    1734
89.94    1758
89.95    1753
89.96    1830
89.97    1696
89.98    1745
89.99    1705
90.0     1775
